nodeId;path;principalId;permission
fc6d90ad-1f76-40c8-b0f5-06b85e9cd156;/Sites;GROUP_EVERYONE;cmis:read
d432a21e-641f-4bb7-84cc-1b415ca5d6c9;/Sites/archivio-legale;GROUP_site_archivio-legale_SiteConsumer;cmis:read
d432a21e-641f-4bb7-84cc-1b415ca5d6c9;/Sites/archivio-legale;GROUP_site_archivio-legale_SiteContributor;cmis:read
d432a21e-641f-4bb7-84cc-1b415ca5d6c9;/Sites/archivio-legale;GROUP_site_archivio-legale_SiteManager;cmis:all
d432a21e-641f-4bb7-84cc-1b415ca5d6c9;/Sites/archivio-legale;GROUP_site_archivio-legale_SiteManager;cmis:read
d432a21e-641f-4bb7-84cc-1b415ca5d6c9;/Sites/archivio-legale;GROUP_site_archivio-legale_SiteManager;cmis:write
d432a21e-641f-4bb7-84cc-1b415ca5d6c9;/Sites/archivio-legale;GROUP_site_archivio-legale_SiteCollaborator;cmis:read
d432a21e-641f-4bb7-84cc-1b415ca5d6c9;/Sites/archivio-legale;GROUP_site_archivio-legale_SiteCollaborator;cmis:write
000210b9-af66-46af-b023-00312e820986;/Sites/archivio-legale/documentLibrary;GROUP_site_archivio-legale_SiteConsumer;cmis:read
000210b9-af66-46af-b023-00312e820986;/Sites/archivio-legale/documentLibrary;GROUP_site_archivio-legale_SiteContributor;cmis:read
000210b9-af66-46af-b023-00312e820986;/Sites/archivio-legale/documentLibrary;GROUP_site_archivio-legale_SiteManager;cmis:all
000210b9-af66-46af-b023-00312e820986;/Sites/archivio-legale/documentLibrary;GROUP_site_archivio-legale_SiteManager;cmis:read
000210b9-af66-46af-b023-00312e820986;/Sites/archivio-legale/documentLibrary;GROUP_site_archivio-legale_SiteManager;cmis:write
000210b9-af66-46af-b023-00312e820986;/Sites/archivio-legale/documentLibrary;GROUP_site_archivio-legale_SiteCollaborator;cmis:read
000210b9-af66-46af-b023-00312e820986;/Sites/archivio-legale/documentLibrary;GROUP_site_archivio-legale_SiteCollaborator;cmis:write
2e175a41-5884-4b46-99ae-3aac9bb7db33;/Sites/archivio-legale/documentLibrary/CONTEZIOSI;GROUP_site_archivio-legale_SiteConsumer;cmis:read
2e175a41-5884-4b46-99ae-3aac9bb7db33;/Sites/archivio-legale/documentLibrary/CONTEZIOSI;GROUP_site_archivio-legale_SiteContributor;cmis:read
2e175a41-5884-4b46-99ae-3aac9bb7db33;/Sites/archivio-legale/documentLibrary/CONTEZIOSI;GROUP_site_archivio-legale_SiteManager;cmis:all
2e175a41-5884-4b46-99ae-3aac9bb7db33;/Sites/archivio-legale/documentLibrary/CONTEZIOSI;GROUP_site_archivio-legale_SiteManager;cmis:read
2e175a41-5884-4b46-99ae-3aac9bb7db33;/Sites/archivio-legale/documentLibrary/CONTEZIOSI;GROUP_site_archivio-legale_SiteManager;cmis:write
2e175a41-5884-4b46-99ae-3aac9bb7db33;/Sites/archivio-legale/documentLibrary/CONTEZIOSI;GROUP_site_archivio-legale_SiteCollaborator;cmis:read
2e175a41-5884-4b46-99ae-3aac9bb7db33;/Sites/archivio-legale/documentLibrary/CONTEZIOSI;GROUP_site_archivio-legale_SiteCollaborator;cmis:write
a16a7142-0fa1-4fca-9d0a-197791d71ad0;/Sites/archivio-legale/documentLibrary/CONTEZIOSI/CONTENZIOSO PENALE;GROUP_site_archivio-legale_SiteConsumer;cmis:read
a16a7142-0fa1-4fca-9d0a-197791d71ad0;/Sites/archivio-legale/documentLibrary/CONTEZIOSI/CONTENZIOSO PENALE;GROUP_site_archivio-legale_SiteContributor;cmis:read
a16a7142-0fa1-4fca-9d0a-197791d71ad0;/Sites/archivio-legale/documentLibrary/CONTEZIOSI/CONTENZIOSO PENALE;GROUP_site_archivio-legale_SiteManager;cmis:all
a16a7142-0fa1-4fca-9d0a-197791d71ad0;/Sites/archivio-legale/documentLibrary/CONTEZIOSI/CONTENZIOSO PENALE;GROUP_site_archivio-legale_SiteManager;cmis:read
a16a7142-0fa1-4fca-9d0a-197791d71ad0;/Sites/archivio-legale/documentLibrary/CONTEZIOSI/CONTENZIOSO PENALE;GROUP_site_archivio-legale_SiteManager;cmis:write
a16a7142-0fa1-4fca-9d0a-197791d71ad0;/Sites/archivio-legale/documentLibrary/CONTEZIOSI/CONTENZIOSO PENALE;GROUP_site_archivio-legale_SiteCollaborator;cmis:read
a16a7142-0fa1-4fca-9d0a-197791d71ad0;/Sites/archivio-legale/documentLibrary/CONTEZIOSI/CONTENZIOSO PENALE;GROUP_site_archivio-legale_SiteCollaborator;cmis:write
3ed0f0e2-add3-48db-9d8a-37cb13c02ca7;/Sites/archivio-legale/documentLibrary/CONTEZIOSI/CONTENZIOSO CIVILE;GROUP_site_archivio-legale_SiteConsumer;cmis:read
3ed0f0e2-add3-48db-9d8a-37cb13c02ca7;/Sites/archivio-legale/documentLibrary/CONTEZIOSI/CONTENZIOSO CIVILE;GROUP_site_archivio-legale_SiteContributor;cmis:read
3ed0f0e2-add3-48db-9d8a-37cb13c02ca7;/Sites/archivio-legale/documentLibrary/CONTEZIOSI/CONTENZIOSO CIVILE;GROUP_site_archivio-legale_SiteManager;cmis:all
3ed0f0e2-add3-48db-9d8a-37cb13c02ca7;/Sites/archivio-legale/documentLibrary/CONTEZIOSI/CONTENZIOSO CIVILE;GROUP_site_archivio-legale_SiteManager;cmis:read
3ed0f0e2-add3-48db-9d8a-37cb13c02ca7;/Sites/archivio-legale/documentLibrary/CONTEZIOSI/CONTENZIOSO CIVILE;GROUP_site_archivio-legale_SiteManager;cmis:write
3ed0f0e2-add3-48db-9d8a-37cb13c02ca7;/Sites/archivio-legale/documentLibrary/CONTEZIOSI/CONTENZIOSO CIVILE;GROUP_site_archivio-legale_SiteCollaborator;cmis:read
3ed0f0e2-add3-48db-9d8a-37cb13c02ca7;/Sites/archivio-legale/documentLibrary/CONTEZIOSI/CONTENZIOSO CIVILE;GROUP_site_archivio-legale_SiteCollaborator;cmis:write
483ce5ce-2350-4597-b0e3-cfcb25bb46ef;/Sites/archivio-legale/documentLibrary/CONTEZIOSI/CONTENZIOSO AMMINISTRATIVO;GROUP_site_archivio-legale_SiteConsumer;cmis:read
483ce5ce-2350-4597-b0e3-cfcb25bb46ef;/Sites/archivio-legale/documentLibrary/CONTEZIOSI/CONTENZIOSO AMMINISTRATIVO;GROUP_site_archivio-legale_SiteContributor;cmis:read
483ce5ce-2350-4597-b0e3-cfcb25bb46ef;/Sites/archivio-legale/documentLibrary/CONTEZIOSI/CONTENZIOSO AMMINISTRATIVO;GROUP_site_archivio-legale_SiteManager;cmis:all
483ce5ce-2350-4597-b0e3-cfcb25bb46ef;/Sites/archivio-legale/documentLibrary/CONTEZIOSI/CONTENZIOSO AMMINISTRATIVO;GROUP_site_archivio-legale_SiteManager;cmis:read
483ce5ce-2350-4597-b0e3-cfcb25bb46ef;/Sites/archivio-legale/documentLibrary/CONTEZIOSI/CONTENZIOSO AMMINISTRATIVO;GROUP_site_archivio-legale_SiteManager;cmis:write
483ce5ce-2350-4597-b0e3-cfcb25bb46ef;/Sites/archivio-legale/documentLibrary/CONTEZIOSI/CONTENZIOSO AMMINISTRATIVO;GROUP_site_archivio-legale_SiteCollaborator;cmis:read
483ce5ce-2350-4597-b0e3-cfcb25bb46ef;/Sites/archivio-legale/documentLibrary/CONTEZIOSI/CONTENZIOSO AMMINISTRATIVO;GROUP_site_archivio-legale_SiteCollaborator;cmis:write
af51f58e-626b-4e37-9dcd-10ea581b1c11;/Sites/archivio-legale/documentLibrary/CONSULENZE;GROUP_site_archivio-legale_SiteConsumer;cmis:read
af51f58e-626b-4e37-9dcd-10ea581b1c11;/Sites/archivio-legale/documentLibrary/CONSULENZE;GROUP_site_archivio-legale_SiteContributor;cmis:read
af51f58e-626b-4e37-9dcd-10ea581b1c11;/Sites/archivio-legale/documentLibrary/CONSULENZE;GROUP_site_archivio-legale_SiteManager;cmis:all
af51f58e-626b-4e37-9dcd-10ea581b1c11;/Sites/archivio-legale/documentLibrary/CONSULENZE;GROUP_site_archivio-legale_SiteManager;cmis:read
af51f58e-626b-4e37-9dcd-10ea581b1c11;/Sites/archivio-legale/documentLibrary/CONSULENZE;GROUP_site_archivio-legale_SiteManager;cmis:write
af51f58e-626b-4e37-9dcd-10ea581b1c11;/Sites/archivio-legale/documentLibrary/CONSULENZE;GROUP_site_archivio-legale_SiteCollaborator;cmis:read
af51f58e-626b-4e37-9dcd-10ea581b1c11;/Sites/archivio-legale/documentLibrary/CONSULENZE;GROUP_site_archivio-legale_SiteCollaborator;cmis:write
699a6478-cd83-422b-80f7-89c624fcc7c6;/Sites/archivio-commerciale;GROUP_EVERYONE;cmis:read
699a6478-cd83-422b-80f7-89c624fcc7c6;/Sites/archivio-commerciale;GROUP_site_archivio-commerciale_SiteConsumer;cmis:read
699a6478-cd83-422b-80f7-89c624fcc7c6;/Sites/archivio-commerciale;GROUP_site_archivio-commerciale_SiteManager;cmis:all
699a6478-cd83-422b-80f7-89c624fcc7c6;/Sites/archivio-commerciale;GROUP_site_archivio-commerciale_SiteManager;cmis:read
699a6478-cd83-422b-80f7-89c624fcc7c6;/Sites/archivio-commerciale;GROUP_site_archivio-commerciale_SiteManager;cmis:write
699a6478-cd83-422b-80f7-89c624fcc7c6;/Sites/archivio-commerciale;GROUP_site_archivio-commerciale_SiteContributor;cmis:read
699a6478-cd83-422b-80f7-89c624fcc7c6;/Sites/archivio-commerciale;GROUP_site_archivio-commerciale_SiteCollaborator;cmis:read
699a6478-cd83-422b-80f7-89c624fcc7c6;/Sites/archivio-commerciale;GROUP_site_archivio-commerciale_SiteCollaborator;cmis:write
c1d0de52-adb6-49d4-a664-f5263af56bad;/Sites/archivio-commerciale/documentLibrary;GROUP_EVERYONE;cmis:read
c1d0de52-adb6-49d4-a664-f5263af56bad;/Sites/archivio-commerciale/documentLibrary;GROUP_site_archivio-commerciale_SiteConsumer;cmis:read
c1d0de52-adb6-49d4-a664-f5263af56bad;/Sites/archivio-commerciale/documentLibrary;GROUP_site_archivio-commerciale_SiteManager;cmis:all
c1d0de52-adb6-49d4-a664-f5263af56bad;/Sites/archivio-commerciale/documentLibrary;GROUP_site_archivio-commerciale_SiteManager;cmis:read
c1d0de52-adb6-49d4-a664-f5263af56bad;/Sites/archivio-commerciale/documentLibrary;GROUP_site_archivio-commerciale_SiteManager;cmis:write
c1d0de52-adb6-49d4-a664-f5263af56bad;/Sites/archivio-commerciale/documentLibrary;GROUP_site_archivio-commerciale_SiteContributor;cmis:read
c1d0de52-adb6-49d4-a664-f5263af56bad;/Sites/archivio-commerciale/documentLibrary;GROUP_site_archivio-commerciale_SiteCollaborator;cmis:read
c1d0de52-adb6-49d4-a664-f5263af56bad;/Sites/archivio-commerciale/documentLibrary;GROUP_site_archivio-commerciale_SiteCollaborator;cmis:write
246ab402-5314-42b3-b8cb-bd32cb88b02e;/Sites/archivio-commerciale/documentLibrary/MIGRAZIONE;GROUP_EVERYONE;cmis:read
246ab402-5314-42b3-b8cb-bd32cb88b02e;/Sites/archivio-commerciale/documentLibrary/MIGRAZIONE;GROUP_site_archivio-commerciale_SiteConsumer;cmis:read
246ab402-5314-42b3-b8cb-bd32cb88b02e;/Sites/archivio-commerciale/documentLibrary/MIGRAZIONE;GROUP_site_archivio-commerciale_SiteManager;cmis:all
246ab402-5314-42b3-b8cb-bd32cb88b02e;/Sites/archivio-commerciale/documentLibrary/MIGRAZIONE;GROUP_site_archivio-commerciale_SiteManager;cmis:read
246ab402-5314-42b3-b8cb-bd32cb88b02e;/Sites/archivio-commerciale/documentLibrary/MIGRAZIONE;GROUP_site_archivio-commerciale_SiteManager;cmis:write
246ab402-5314-42b3-b8cb-bd32cb88b02e;/Sites/archivio-commerciale/documentLibrary/MIGRAZIONE;GROUP_site_archivio-commerciale_SiteContributor;cmis:read
246ab402-5314-42b3-b8cb-bd32cb88b02e;/Sites/archivio-commerciale/documentLibrary/MIGRAZIONE;GROUP_site_archivio-commerciale_SiteCollaborator;cmis:read
246ab402-5314-42b3-b8cb-bd32cb88b02e;/Sites/archivio-commerciale/documentLibrary/MIGRAZIONE;GROUP_site_archivio-commerciale_SiteCollaborator;cmis:write
543bbff2-8dc7-4573-a14a-f77b849f77a1;/Sites/archivio-commerciale/documentLibrary/MIGRAZIONE/2023;GROUP_EVERYONE;cmis:read
543bbff2-8dc7-4573-a14a-f77b849f77a1;/Sites/archivio-commerciale/documentLibrary/MIGRAZIONE/2023;GROUP_site_archivio-commerciale_SiteConsumer;cmis:read
543bbff2-8dc7-4573-a14a-f77b849f77a1;/Sites/archivio-commerciale/documentLibrary/MIGRAZIONE/2023;GROUP_site_archivio-commerciale_SiteManager;cmis:all
543bbff2-8dc7-4573-a14a-f77b849f77a1;/Sites/archivio-commerciale/documentLibrary/MIGRAZIONE/2023;GROUP_site_archivio-commerciale_SiteManager;cmis:read
543bbff2-8dc7-4573-a14a-f77b849f77a1;/Sites/archivio-commerciale/documentLibrary/MIGRAZIONE/2023;GROUP_site_archivio-commerciale_SiteManager;cmis:write
543bbff2-8dc7-4573-a14a-f77b849f77a1;/Sites/archivio-commerciale/documentLibrary/MIGRAZIONE/2023;GROUP_site_archivio-commerciale_SiteContributor;cmis:read
543bbff2-8dc7-4573-a14a-f77b849f77a1;/Sites/archivio-commerciale/documentLibrary/MIGRAZIONE/2023;GROUP_site_archivio-commerciale_SiteCollaborator;cmis:read
543bbff2-8dc7-4573-a14a-f77b849f77a1;/Sites/archivio-commerciale/documentLibrary/MIGRAZIONE/2023;GROUP_site_archivio-commerciale_SiteCollaborator;cmis:write
a1fb0863-a8df-4ce0-bcab-b65d7ff495bc;/Sites/archivio-commerciale/documentLibrary/MIGRAZIONE/2023/5614001-5615000;GROUP_EVERYONE;cmis:read
a1fb0863-a8df-4ce0-bcab-b65d7ff495bc;/Sites/archivio-commerciale/documentLibrary/MIGRAZIONE/2023/5614001-5615000;GROUP_site_archivio-commerciale_SiteConsumer;cmis:read
a1fb0863-a8df-4ce0-bcab-b65d7ff495bc;/Sites/archivio-commerciale/documentLibrary/MIGRAZIONE/2023/5614001-5615000;GROUP_site_archivio-commerciale_SiteManager;cmis:all
a1fb0863-a8df-4ce0-bcab-b65d7ff495bc;/Sites/archivio-commerciale/documentLibrary/MIGRAZIONE/2023/5614001-5615000;GROUP_site_archivio-commerciale_SiteManager;cmis:read
a1fb0863-a8df-4ce0-bcab-b65d7ff495bc;/Sites/archivio-commerciale/documentLibrary/MIGRAZIONE/2023/5614001-5615000;GROUP_site_archivio-commerciale_SiteManager;cmis:write
a1fb0863-a8df-4ce0-bcab-b65d7ff495bc;/Sites/archivio-commerciale/documentLibrary/MIGRAZIONE/2023/5614001-5615000;GROUP_site_archivio-commerciale_SiteContributor;cmis:read
a1fb0863-a8df-4ce0-bcab-b65d7ff495bc;/Sites/archivio-commerciale/documentLibrary/MIGRAZIONE/2023/5614001-5615000;GROUP_site_archivio-commerciale_SiteCollaborator;cmis:read
a1fb0863-a8df-4ce0-bcab-b65d7ff495bc;/Sites/archivio-commerciale/documentLibrary/MIGRAZIONE/2023/5614001-5615000;GROUP_site_archivio-commerciale_SiteCollaborator;cmis:write
0462e80c-b50d-410e-bac4-32a117bdc676;/Sites/archivio-commerciale/documentLibrary/MIGRAZIONE/2023/5614001-5615000/5614464_2023;GROUP_EVERYONE;cmis:read
0462e80c-b50d-410e-bac4-32a117bdc676;/Sites/archivio-commerciale/documentLibrary/MIGRAZIONE/2023/5614001-5615000/5614464_2023;GROUP_site_archivio-commerciale_SiteConsumer;cmis:read
0462e80c-b50d-410e-bac4-32a117bdc676;/Sites/archivio-commerciale/documentLibrary/MIGRAZIONE/2023/5614001-5615000/5614464_2023;GROUP_site_archivio-commerciale_SiteManager;cmis:all
0462e80c-b50d-410e-bac4-32a117bdc676;/Sites/archivio-commerciale/documentLibrary/MIGRAZIONE/2023/5614001-5615000/5614464_2023;GROUP_site_archivio-commerciale_SiteManager;cmis:read
0462e80c-b50d-410e-bac4-32a117bdc676;/Sites/archivio-commerciale/documentLibrary/MIGRAZIONE/2023/5614001-5615000/5614464_2023;GROUP_site_archivio-commerciale_SiteManager;cmis:write
0462e80c-b50d-410e-bac4-32a117bdc676;/Sites/archivio-commerciale/documentLibrary/MIGRAZIONE/2023/5614001-5615000/5614464_2023;GROUP_site_archivio-commerciale_SiteContributor;cmis:read
0462e80c-b50d-410e-bac4-32a117bdc676;/Sites/archivio-commerciale/documentLibrary/MIGRAZIONE/2023/5614001-5615000/5614464_2023;GROUP_site_archivio-commerciale_SiteCollaborator;cmis:read
0462e80c-b50d-410e-bac4-32a117bdc676;/Sites/archivio-commerciale/documentLibrary/MIGRAZIONE/2023/5614001-5615000/5614464_2023;GROUP_site_archivio-commerciale_SiteCollaborator;cmis:write
d32f5f75-6f9a-49e4-a679-86f34f8b3638;/Sites/archivio-commerciale/documentLibrary/MIGRAZIONE/2023/5614001-5615000/5614129_2023;GROUP_EVERYONE;cmis:read
d32f5f75-6f9a-49e4-a679-86f34f8b3638;/Sites/archivio-commerciale/documentLibrary/MIGRAZIONE/2023/5614001-5615000/5614129_2023;GROUP_site_archivio-commerciale_SiteConsumer;cmis:read
d32f5f75-6f9a-49e4-a679-86f34f8b3638;/Sites/archivio-commerciale/documentLibrary/MIGRAZIONE/2023/5614001-5615000/5614129_2023;GROUP_site_archivio-commerciale_SiteManager;cmis:all
d32f5f75-6f9a-49e4-a679-86f34f8b3638;/Sites/archivio-commerciale/documentLibrary/MIGRAZIONE/2023/5614001-5615000/5614129_2023;GROUP_site_archivio-commerciale_SiteManager;cmis:read
d32f5f75-6f9a-49e4-a679-86f34f8b3638;/Sites/archivio-commerciale/documentLibrary/MIGRAZIONE/2023/5614001-5615000/5614129_2023;GROUP_site_archivio-commerciale_SiteManager;cmis:write
d32f5f75-6f9a-49e4-a679-86f34f8b3638;/Sites/archivio-commerciale/documentLibrary/MIGRAZIONE/2023/5614001-5615000/5614129_2023;GROUP_site_archivio-commerciale_SiteContributor;cmis:read
d32f5f75-6f9a-49e4-a679-86f34f8b3638;/Sites/archivio-commerciale/documentLibrary/MIGRAZIONE/2023/5614001-5615000/5614129_2023;GROUP_site_archivio-commerciale_SiteCollaborator;cmis:read
d32f5f75-6f9a-49e4-a679-86f34f8b3638;/Sites/archivio-commerciale/documentLibrary/MIGRAZIONE/2023/5614001-5615000/5614129_2023;GROUP_site_archivio-commerciale_SiteCollaborator;cmis:write
5f8de3c3-2b66-47fa-a7bc-4e32687c29d1;/Sites/archivio-commerciale/documentLibrary/MIGRAZIONE/2023/5614001-5615000/5614032_2023;GROUP_EVERYONE;cmis:read
5f8de3c3-2b66-47fa-a7bc-4e32687c29d1;/Sites/archivio-commerciale/documentLibrary/MIGRAZIONE/2023/5614001-5615000/5614032_2023;GROUP_site_archivio-commerciale_SiteConsumer;cmis:read
5f8de3c3-2b66-47fa-a7bc-4e32687c29d1;/Sites/archivio-commerciale/documentLibrary/MIGRAZIONE/2023/5614001-5615000/5614032_2023;GROUP_site_archivio-commerciale_SiteManager;cmis:all
5f8de3c3-2b66-47fa-a7bc-4e32687c29d1;/Sites/archivio-commerciale/documentLibrary/MIGRAZIONE/2023/5614001-5615000/5614032_2023;GROUP_site_archivio-commerciale_SiteManager;cmis:read
5f8de3c3-2b66-47fa-a7bc-4e32687c29d1;/Sites/archivio-commerciale/documentLibrary/MIGRAZIONE/2023/5614001-5615000/5614032_2023;GROUP_site_archivio-commerciale_SiteManager;cmis:write
5f8de3c3-2b66-47fa-a7bc-4e32687c29d1;/Sites/archivio-commerciale/documentLibrary/MIGRAZIONE/2023/5614001-5615000/5614032_2023;GROUP_site_archivio-commerciale_SiteContributor;cmis:read
5f8de3c3-2b66-47fa-a7bc-4e32687c29d1;/Sites/archivio-commerciale/documentLibrary/MIGRAZIONE/2023/5614001-5615000/5614032_2023;GROUP_site_archivio-commerciale_SiteCollaborator;cmis:read
5f8de3c3-2b66-47fa-a7bc-4e32687c29d1;/Sites/archivio-commerciale/documentLibrary/MIGRAZIONE/2023/5614001-5615000/5614032_2023;GROUP_site_archivio-commerciale_SiteCollaborator;cmis:write
39f62e46-495f-4791-b7e2-fc9e19944bba;/Sites/archivio-commerciale/documentLibrary/MIGRAZIONE/2023/5614001-5615000/5614985_2023;GROUP_EVERYONE;cmis:read
39f62e46-495f-4791-b7e2-fc9e19944bba;/Sites/archivio-commerciale/documentLibrary/MIGRAZIONE/2023/5614001-5615000/5614985_2023;GROUP_site_archivio-commerciale_SiteConsumer;cmis:read
39f62e46-495f-4791-b7e2-fc9e19944bba;/Sites/archivio-commerciale/documentLibrary/MIGRAZIONE/2023/5614001-5615000/5614985_2023;GROUP_site_archivio-commerciale_SiteManager;cmis:all
39f62e46-495f-4791-b7e2-fc9e19944bba;/Sites/archivio-commerciale/documentLibrary/MIGRAZIONE/2023/5614001-5615000/5614985_2023;GROUP_site_archivio-commerciale_SiteManager;cmis:read
39f62e46-495f-4791-b7e2-fc9e19944bba;/Sites/archivio-commerciale/documentLibrary/MIGRAZIONE/2023/5614001-5615000/5614985_2023;GROUP_site_archivio-commerciale_SiteManager;cmis:write
39f62e46-495f-4791-b7e2-fc9e19944bba;/Sites/archivio-commerciale/documentLibrary/MIGRAZIONE/2023/5614001-5615000/5614985_2023;GROUP_site_archivio-commerciale_SiteContributor;cmis:read
39f62e46-495f-4791-b7e2-fc9e19944bba;/Sites/archivio-commerciale/documentLibrary/MIGRAZIONE/2023/5614001-5615000/5614985_2023;GROUP_site_archivio-commerciale_SiteCollaborator;cmis:read
39f62e46-495f-4791-b7e2-fc9e19944bba;/Sites/archivio-commerciale/documentLibrary/MIGRAZIONE/2023/5614001-5615000/5614985_2023;GROUP_site_archivio-commerciale_SiteCollaborator;cmis:write
b9b023c9-9c66-4493-b0fc-d7cb6d13499d;/Sites/archivio-commerciale/documentLibrary/MIGRAZIONE/2023/5614001-5615000/5614960_2023;GROUP_EVERYONE;cmis:read
b9b023c9-9c66-4493-b0fc-d7cb6d13499d;/Sites/archivio-commerciale/documentLibrary/MIGRAZIONE/2023/5614001-5615000/5614960_2023;GROUP_site_archivio-commerciale_SiteConsumer;cmis:read
b9b023c9-9c66-4493-b0fc-d7cb6d13499d;/Sites/archivio-commerciale/documentLibrary/MIGRAZIONE/2023/5614001-5615000/5614960_2023;GROUP_site_archivio-commerciale_SiteManager;cmis:all
b9b023c9-9c66-4493-b0fc-d7cb6d13499d;/Sites/archivio-commerciale/documentLibrary/MIGRAZIONE/2023/5614001-5615000/5614960_2023;GROUP_site_archivio-commerciale_SiteManager;cmis:read
b9b023c9-9c66-4493-b0fc-d7cb6d13499d;/Sites/archivio-commerciale/documentLibrary/MIGRAZIONE/2023/5614001-5615000/5614960_2023;GROUP_site_archivio-commerciale_SiteManager;cmis:write
b9b023c9-9c66-4493-b0fc-d7cb6d13499d;/Sites/archivio-commerciale/documentLibrary/MIGRAZIONE/2023/5614001-5615000/5614960_2023;GROUP_site_archivio-commerciale_SiteContributor;cmis:read
b9b023c9-9c66-4493-b0fc-d7cb6d13499d;/Sites/archivio-commerciale/documentLibrary/MIGRAZIONE/2023/5614001-5615000/5614960_2023;GROUP_site_archivio-commerciale_SiteCollaborator;cmis:read
b9b023c9-9c66-4493-b0fc-d7cb6d13499d;/Sites/archivio-commerciale/documentLibrary/MIGRAZIONE/2023/5614001-5615000/5614960_2023;GROUP_site_archivio-commerciale_SiteCollaborator;cmis:write
414144ff-7957-4fab-b9b9-6f6cf1c58a91;/Sites/archivio-commerciale/documentLibrary/MIGRAZIONE/2023/5614001-5615000/5614481_2023;GROUP_EVERYONE;cmis:read
414144ff-7957-4fab-b9b9-6f6cf1c58a91;/Sites/archivio-commerciale/documentLibrary/MIGRAZIONE/2023/5614001-5615000/5614481_2023;GROUP_site_archivio-commerciale_SiteConsumer;cmis:read
414144ff-7957-4fab-b9b9-6f6cf1c58a91;/Sites/archivio-commerciale/documentLibrary/MIGRAZIONE/2023/5614001-5615000/5614481_2023;GROUP_site_archivio-commerciale_SiteManager;cmis:all
414144ff-7957-4fab-b9b9-6f6cf1c58a91;/Sites/archivio-commerciale/documentLibrary/MIGRAZIONE/2023/5614001-5615000/5614481_2023;GROUP_site_archivio-commerciale_SiteManager;cmis:read
414144ff-7957-4fab-b9b9-6f6cf1c58a91;/Sites/archivio-commerciale/documentLibrary/MIGRAZIONE/2023/5614001-5615000/5614481_2023;GROUP_site_archivio-commerciale_SiteManager;cmis:write
414144ff-7957-4fab-b9b9-6f6cf1c58a91;/Sites/archivio-commerciale/documentLibrary/MIGRAZIONE/2023/5614001-5615000/5614481_2023;GROUP_site_archivio-commerciale_SiteContributor;cmis:read
414144ff-7957-4fab-b9b9-6f6cf1c58a91;/Sites/archivio-commerciale/documentLibrary/MIGRAZIONE/2023/5614001-5615000/5614481_2023;GROUP_site_archivio-commerciale_SiteCollaborator;cmis:read
414144ff-7957-4fab-b9b9-6f6cf1c58a91;/Sites/archivio-commerciale/documentLibrary/MIGRAZIONE/2023/5614001-5615000/5614481_2023;GROUP_site_archivio-commerciale_SiteCollaborator;cmis:write
9b4d22f5-d5d9-453f-a2ea-78840921016b;/Sites/archivio-commerciale/documentLibrary/MIGRAZIONE/2023/5614001-5615000/5614617_2023;GROUP_EVERYONE;cmis:read
9b4d22f5-d5d9-453f-a2ea-78840921016b;/Sites/archivio-commerciale/documentLibrary/MIGRAZIONE/2023/5614001-5615000/5614617_2023;GROUP_site_archivio-commerciale_SiteConsumer;cmis:read
9b4d22f5-d5d9-453f-a2ea-78840921016b;/Sites/archivio-commerciale/documentLibrary/MIGRAZIONE/2023/5614001-5615000/5614617_2023;GROUP_site_archivio-commerciale_SiteManager;cmis:all
9b4d22f5-d5d9-453f-a2ea-78840921016b;/Sites/archivio-commerciale/documentLibrary/MIGRAZIONE/2023/5614001-5615000/5614617_2023;GROUP_site_archivio-commerciale_SiteManager;cmis:read
9b4d22f5-d5d9-453f-a2ea-78840921016b;/Sites/archivio-commerciale/documentLibrary/MIGRAZIONE/2023/5614001-5615000/5614617_2023;GROUP_site_archivio-commerciale_SiteManager;cmis:write
9b4d22f5-d5d9-453f-a2ea-78840921016b;/Sites/archivio-commerciale/documentLibrary/MIGRAZIONE/2023/5614001-5615000/5614617_2023;GROUP_site_archivio-commerciale_SiteContributor;cmis:read
9b4d22f5-d5d9-453f-a2ea-78840921016b;/Sites/archivio-commerciale/documentLibrary/MIGRAZIONE/2023/5614001-5615000/5614617_2023;GROUP_site_archivio-commerciale_SiteCollaborator;cmis:read
9b4d22f5-d5d9-453f-a2ea-78840921016b;/Sites/archivio-commerciale/documentLibrary/MIGRAZIONE/2023/5614001-5615000/5614617_2023;GROUP_site_archivio-commerciale_SiteCollaborator;cmis:write
427f4910-9a38-405a-839d-eb716f17956e;/Sites/archivio-commerciale/documentLibrary/MIGRAZIONE/2023/5614001-5615000/5614241_2023;GROUP_EVERYONE;cmis:read
427f4910-9a38-405a-839d-eb716f17956e;/Sites/archivio-commerciale/documentLibrary/MIGRAZIONE/2023/5614001-5615000/5614241_2023;GROUP_site_archivio-commerciale_SiteConsumer;cmis:read
427f4910-9a38-405a-839d-eb716f17956e;/Sites/archivio-commerciale/documentLibrary/MIGRAZIONE/2023/5614001-5615000/5614241_2023;GROUP_site_archivio-commerciale_SiteManager;cmis:all
427f4910-9a38-405a-839d-eb716f17956e;/Sites/archivio-commerciale/documentLibrary/MIGRAZIONE/2023/5614001-5615000/5614241_2023;GROUP_site_archivio-commerciale_SiteManager;cmis:read
427f4910-9a38-405a-839d-eb716f17956e;/Sites/archivio-commerciale/documentLibrary/MIGRAZIONE/2023/5614001-5615000/5614241_2023;GROUP_site_archivio-commerciale_SiteManager;cmis:write
427f4910-9a38-405a-839d-eb716f17956e;/Sites/archivio-commerciale/documentLibrary/MIGRAZIONE/2023/5614001-5615000/5614241_2023;GROUP_site_archivio-commerciale_SiteContributor;cmis:read
427f4910-9a38-405a-839d-eb716f17956e;/Sites/archivio-commerciale/documentLibrary/MIGRAZIONE/2023/5614001-5615000/5614241_2023;GROUP_site_archivio-commerciale_SiteCollaborator;cmis:read
427f4910-9a38-405a-839d-eb716f17956e;/Sites/archivio-commerciale/documentLibrary/MIGRAZIONE/2023/5614001-5615000/5614241_2023;GROUP_site_archivio-commerciale_SiteCollaborator;cmis:write
958861c7-981f-4e21-ac26-decf6c69fd9f;/Sites/archivio-commerciale/documentLibrary/MIGRAZIONE/2023/5614001-5615000/5614199_2023;GROUP_EVERYONE;cmis:read
958861c7-981f-4e21-ac26-decf6c69fd9f;/Sites/archivio-commerciale/documentLibrary/MIGRAZIONE/2023/5614001-5615000/5614199_2023;GROUP_site_archivio-commerciale_SiteConsumer;cmis:read
958861c7-981f-4e21-ac26-decf6c69fd9f;/Sites/archivio-commerciale/documentLibrary/MIGRAZIONE/2023/5614001-5615000/5614199_2023;GROUP_site_archivio-commerciale_SiteManager;cmis:all
958861c7-981f-4e21-ac26-decf6c69fd9f;/Sites/archivio-commerciale/documentLibrary/MIGRAZIONE/2023/5614001-5615000/5614199_2023;GROUP_site_archivio-commerciale_SiteManager;cmis:read
958861c7-981f-4e21-ac26-decf6c69fd9f;/Sites/archivio-commerciale/documentLibrary/MIGRAZIONE/2023/5614001-5615000/5614199_2023;GROUP_site_archivio-commerciale_SiteManager;cmis:write
958861c7-981f-4e21-ac26-decf6c69fd9f;/Sites/archivio-commerciale/documentLibrary/MIGRAZIONE/2023/5614001-5615000/5614199_2023;GROUP_site_archivio-commerciale_SiteContributor;cmis:read
958861c7-981f-4e21-ac26-decf6c69fd9f;/Sites/archivio-commerciale/documentLibrary/MIGRAZIONE/2023/5614001-5615000/5614199_2023;GROUP_site_archivio-commerciale_SiteCollaborator;cmis:read
958861c7-981f-4e21-ac26-decf6c69fd9f;/Sites/archivio-commerciale/documentLibrary/MIGRAZIONE/2023/5614001-5615000/5614199_2023;GROUP_site_archivio-commerciale_SiteCollaborator;cmis:write
6bf05c2f-7a0f-4443-8ce1-a9c05daf5d1e;/Sites/archivio-commerciale/documentLibrary/MIGRAZIONE/2023/5614001-5615000/5614082_2023;GROUP_EVERYONE;cmis:read
6bf05c2f-7a0f-4443-8ce1-a9c05daf5d1e;/Sites/archivio-commerciale/documentLibrary/MIGRAZIONE/2023/5614001-5615000/5614082_2023;GROUP_site_archivio-commerciale_SiteConsumer;cmis:read
6bf05c2f-7a0f-4443-8ce1-a9c05daf5d1e;/Sites/archivio-commerciale/documentLibrary/MIGRAZIONE/2023/5614001-5615000/5614082_2023;GROUP_site_archivio-commerciale_SiteManager;cmis:all
6bf05c2f-7a0f-4443-8ce1-a9c05daf5d1e;/Sites/archivio-commerciale/documentLibrary/MIGRAZIONE/2023/5614001-5615000/5614082_2023;GROUP_site_archivio-commerciale_SiteManager;cmis:read
6bf05c2f-7a0f-4443-8ce1-a9c05daf5d1e;/Sites/archivio-commerciale/documentLibrary/MIGRAZIONE/2023/5614001-5615000/5614082_2023;GROUP_site_archivio-commerciale_SiteManager;cmis:write
6bf05c2f-7a0f-4443-8ce1-a9c05daf5d1e;/Sites/archivio-commerciale/documentLibrary/MIGRAZIONE/2023/5614001-5615000/5614082_2023;GROUP_site_archivio-commerciale_SiteContributor;cmis:read
6bf05c2f-7a0f-4443-8ce1-a9c05daf5d1e;/Sites/archivio-commerciale/documentLibrary/MIGRAZIONE/2023/5614001-5615000/5614082_2023;GROUP_site_archivio-commerciale_SiteCollaborator;cmis:read
6bf05c2f-7a0f-4443-8ce1-a9c05daf5d1e;/Sites/archivio-commerciale/documentLibrary/MIGRAZIONE/2023/5614001-5615000/5614082_2023;GROUP_site_archivio-commerciale_SiteCollaborator;cmis:write
8343ac36-6266-477f-bd4b-f8cec58e6e56;/Sites/archivio-commerciale/documentLibrary/MIGRAZIONE/2023/5614001-5615000/5614935_2023;GROUP_EVERYONE;cmis:read
8343ac36-6266-477f-bd4b-f8cec58e6e56;/Sites/archivio-commerciale/documentLibrary/MIGRAZIONE/2023/5614001-5615000/5614935_2023;GROUP_site_archivio-commerciale_SiteConsumer;cmis:read
8343ac36-6266-477f-bd4b-f8cec58e6e56;/Sites/archivio-commerciale/documentLibrary/MIGRAZIONE/2023/5614001-5615000/5614935_2023;GROUP_site_archivio-commerciale_SiteManager;cmis:all
8343ac36-6266-477f-bd4b-f8cec58e6e56;/Sites/archivio-commerciale/documentLibrary/MIGRAZIONE/2023/5614001-5615000/5614935_2023;GROUP_site_archivio-commerciale_SiteManager;cmis:read
8343ac36-6266-477f-bd4b-f8cec58e6e56;/Sites/archivio-commerciale/documentLibrary/MIGRAZIONE/2023/5614001-5615000/5614935_2023;GROUP_site_archivio-commerciale_SiteManager;cmis:write
8343ac36-6266-477f-bd4b-f8cec58e6e56;/Sites/archivio-commerciale/documentLibrary/MIGRAZIONE/2023/5614001-5615000/5614935_2023;GROUP_site_archivio-commerciale_SiteContributor;cmis:read
8343ac36-6266-477f-bd4b-f8cec58e6e56;/Sites/archivio-commerciale/documentLibrary/MIGRAZIONE/2023/5614001-5615000/5614935_2023;GROUP_site_archivio-commerciale_SiteCollaborator;cmis:read
8343ac36-6266-477f-bd4b-f8cec58e6e56;/Sites/archivio-commerciale/documentLibrary/MIGRAZIONE/2023/5614001-5615000/5614935_2023;GROUP_site_archivio-commerciale_SiteCollaborator;cmis:write
327c4ea3-57b3-46f7-bda3-6ea3950d1f78;/Sites/archivio-commerciale/documentLibrary/MIGRAZIONE/2023/5614001-5615000/5614067_2023;GROUP_EVERYONE;cmis:read
327c4ea3-57b3-46f7-bda3-6ea3950d1f78;/Sites/archivio-commerciale/documentLibrary/MIGRAZIONE/2023/5614001-5615000/5614067_2023;GROUP_site_archivio-commerciale_SiteConsumer;cmis:read
327c4ea3-57b3-46f7-bda3-6ea3950d1f78;/Sites/archivio-commerciale/documentLibrary/MIGRAZIONE/2023/5614001-5615000/5614067_2023;GROUP_site_archivio-commerciale_SiteManager;cmis:all
327c4ea3-57b3-46f7-bda3-6ea3950d1f78;/Sites/archivio-commerciale/documentLibrary/MIGRAZIONE/2023/5614001-5615000/5614067_2023;GROUP_site_archivio-commerciale_SiteManager;cmis:read
327c4ea3-57b3-46f7-bda3-6ea3950d1f78;/Sites/archivio-commerciale/documentLibrary/MIGRAZIONE/2023/5614001-5615000/5614067_2023;GROUP_site_archivio-commerciale_SiteManager;cmis:write
327c4ea3-57b3-46f7-bda3-6ea3950d1f78;/Sites/archivio-commerciale/documentLibrary/MIGRAZIONE/2023/5614001-5615000/5614067_2023;GROUP_site_archivio-commerciale_SiteContributor;cmis:read
327c4ea3-57b3-46f7-bda3-6ea3950d1f78;/Sites/archivio-commerciale/documentLibrary/MIGRAZIONE/2023/5614001-5615000/5614067_2023;GROUP_site_archivio-commerciale_SiteCollaborator;cmis:read
327c4ea3-57b3-46f7-bda3-6ea3950d1f78;/Sites/archivio-commerciale/documentLibrary/MIGRAZIONE/2023/5614001-5615000/5614067_2023;GROUP_site_archivio-commerciale_SiteCollaborator;cmis:write
cf425ea1-1178-40ce-ae13-32ee6ab05b75;/Sites/archivio-commerciale/documentLibrary/MIGRAZIONE/2023/5614001-5615000/5614431_2023;GROUP_EVERYONE;cmis:read
cf425ea1-1178-40ce-ae13-32ee6ab05b75;/Sites/archivio-commerciale/documentLibrary/MIGRAZIONE/2023/5614001-5615000/5614431_2023;GROUP_site_archivio-commerciale_SiteConsumer;cmis:read
cf425ea1-1178-40ce-ae13-32ee6ab05b75;/Sites/archivio-commerciale/documentLibrary/MIGRAZIONE/2023/5614001-5615000/5614431_2023;GROUP_site_archivio-commerciale_SiteManager;cmis:all
cf425ea1-1178-40ce-ae13-32ee6ab05b75;/Sites/archivio-commerciale/documentLibrary/MIGRAZIONE/2023/5614001-5615000/5614431_2023;GROUP_site_archivio-commerciale_SiteManager;cmis:read
cf425ea1-1178-40ce-ae13-32ee6ab05b75;/Sites/archivio-commerciale/documentLibrary/MIGRAZIONE/2023/5614001-5615000/5614431_2023;GROUP_site_archivio-commerciale_SiteManager;cmis:write
cf425ea1-1178-40ce-ae13-32ee6ab05b75;/Sites/archivio-commerciale/documentLibrary/MIGRAZIONE/2023/5614001-5615000/5614431_2023;GROUP_site_archivio-commerciale_SiteContributor;cmis:read
cf425ea1-1178-40ce-ae13-32ee6ab05b75;/Sites/archivio-commerciale/documentLibrary/MIGRAZIONE/2023/5614001-5615000/5614431_2023;GROUP_site_archivio-commerciale_SiteCollaborator;cmis:read
cf425ea1-1178-40ce-ae13-32ee6ab05b75;/Sites/archivio-commerciale/documentLibrary/MIGRAZIONE/2023/5614001-5615000/5614431_2023;GROUP_site_archivio-commerciale_SiteCollaborator;cmis:write
ed9e1fd8-f72d-49d6-b556-8bfba8d8a503;/Sites/archivio-commerciale/documentLibrary/MIGRAZIONE/2023/5614001-5615000/5614214_2023;GROUP_EVERYONE;cmis:read
ed9e1fd8-f72d-49d6-b556-8bfba8d8a503;/Sites/archivio-commerciale/documentLibrary/MIGRAZIONE/2023/5614001-5615000/5614214_2023;GROUP_site_archivio-commerciale_SiteConsumer;cmis:read
ed9e1fd8-f72d-49d6-b556-8bfba8d8a503;/Sites/archivio-commerciale/documentLibrary/MIGRAZIONE/2023/5614001-5615000/5614214_2023;GROUP_site_archivio-commerciale_SiteManager;cmis:all
ed9e1fd8-f72d-49d6-b556-8bfba8d8a503;/Sites/archivio-commerciale/documentLibrary/MIGRAZIONE/2023/5614001-5615000/5614214_2023;GROUP_site_archivio-commerciale_SiteManager;cmis:read
ed9e1fd8-f72d-49d6-b556-8bfba8d8a503;/Sites/archivio-commerciale/documentLibrary/MIGRAZIONE/2023/5614001-5615000/5614214_2023;GROUP_site_archivio-commerciale_SiteManager;cmis:write
ed9e1fd8-f72d-49d6-b556-8bfba8d8a503;/Sites/archivio-commerciale/documentLibrary/MIGRAZIONE/2023/5614001-5615000/5614214_2023;GROUP_site_archivio-commerciale_SiteContributor;cmis:read
ed9e1fd8-f72d-49d6-b556-8bfba8d8a503;/Sites/archivio-commerciale/documentLibrary/MIGRAZIONE/2023/5614001-5615000/5614214_2023;GROUP_site_archivio-commerciale_SiteCollaborator;cmis:read
ed9e1fd8-f72d-49d6-b556-8bfba8d8a503;/Sites/archivio-commerciale/documentLibrary/MIGRAZIONE/2023/5614001-5615000/5614214_2023;GROUP_site_archivio-commerciale_SiteCollaborator;cmis:write
33e226de-7886-4c92-af27-94f78bf4d0e3;/Sites/archivio-commerciale/documentLibrary/MIGRAZIONE/2023/5614001-5615000/5614759_2023;GROUP_EVERYONE;cmis:read
33e226de-7886-4c92-af27-94f78bf4d0e3;/Sites/archivio-commerciale/documentLibrary/MIGRAZIONE/2023/5614001-5615000/5614759_2023;GROUP_site_archivio-commerciale_SiteConsumer;cmis:read
33e226de-7886-4c92-af27-94f78bf4d0e3;/Sites/archivio-commerciale/documentLibrary/MIGRAZIONE/2023/5614001-5615000/5614759_2023;GROUP_site_archivio-commerciale_SiteManager;cmis:all
33e226de-7886-4c92-af27-94f78bf4d0e3;/Sites/archivio-commerciale/documentLibrary/MIGRAZIONE/2023/5614001-5615000/5614759_2023;GROUP_site_archivio-commerciale_SiteManager;cmis:read
33e226de-7886-4c92-af27-94f78bf4d0e3;/Sites/archivio-commerciale/documentLibrary/MIGRAZIONE/2023/5614001-5615000/5614759_2023;GROUP_site_archivio-commerciale_SiteManager;cmis:write
33e226de-7886-4c92-af27-94f78bf4d0e3;/Sites/archivio-commerciale/documentLibrary/MIGRAZIONE/2023/5614001-5615000/5614759_2023;GROUP_site_archivio-commerciale_SiteContributor;cmis:read
33e226de-7886-4c92-af27-94f78bf4d0e3;/Sites/archivio-commerciale/documentLibrary/MIGRAZIONE/2023/5614001-5615000/5614759_2023;GROUP_site_archivio-commerciale_SiteCollaborator;cmis:read
33e226de-7886-4c92-af27-94f78bf4d0e3;/Sites/archivio-commerciale/documentLibrary/MIGRAZIONE/2023/5614001-5615000/5614759_2023;GROUP_site_archivio-commerciale_SiteCollaborator;cmis:write
9f9aaf2a-0f0e-4ca0-b6a2-edb096f93d45;/Sites/archivio-commerciale/documentLibrary/MIGRAZIONE/2023/5614001-5615000/5614642_2023;GROUP_EVERYONE;cmis:read
9f9aaf2a-0f0e-4ca0-b6a2-edb096f93d45;/Sites/archivio-commerciale/documentLibrary/MIGRAZIONE/2023/5614001-5615000/5614642_2023;GROUP_site_archivio-commerciale_SiteConsumer;cmis:read
9f9aaf2a-0f0e-4ca0-b6a2-edb096f93d45;/Sites/archivio-commerciale/documentLibrary/MIGRAZIONE/2023/5614001-5615000/5614642_2023;GROUP_site_archivio-commerciale_SiteManager;cmis:all
9f9aaf2a-0f0e-4ca0-b6a2-edb096f93d45;/Sites/archivio-commerciale/documentLibrary/MIGRAZIONE/2023/5614001-5615000/5614642_2023;GROUP_site_archivio-commerciale_SiteManager;cmis:read
9f9aaf2a-0f0e-4ca0-b6a2-edb096f93d45;/Sites/archivio-commerciale/documentLibrary/MIGRAZIONE/2023/5614001-5615000/5614642_2023;GROUP_site_archivio-commerciale_SiteManager;cmis:write
9f9aaf2a-0f0e-4ca0-b6a2-edb096f93d45;/Sites/archivio-commerciale/documentLibrary/MIGRAZIONE/2023/5614001-5615000/5614642_2023;GROUP_site_archivio-commerciale_SiteContributor;cmis:read
9f9aaf2a-0f0e-4ca0-b6a2-edb096f93d45;/Sites/archivio-commerciale/documentLibrary/MIGRAZIONE/2023/5614001-5615000/5614642_2023;GROUP_site_archivio-commerciale_SiteCollaborator;cmis:read
9f9aaf2a-0f0e-4ca0-b6a2-edb096f93d45;/Sites/archivio-commerciale/documentLibrary/MIGRAZIONE/2023/5614001-5615000/5614642_2023;GROUP_site_archivio-commerciale_SiteCollaborator;cmis:write
58a4c94e-667b-48b4-b39e-2178ec19ac45;/Sites/archivio-commerciale/documentLibrary/MIGRAZIONE/2023/5614001-5615000/5614743_2023;GROUP_EVERYONE;cmis:read
58a4c94e-667b-48b4-b39e-2178ec19ac45;/Sites/archivio-commerciale/documentLibrary/MIGRAZIONE/2023/5614001-5615000/5614743_2023;GROUP_site_archivio-commerciale_SiteConsumer;cmis:read
58a4c94e-667b-48b4-b39e-2178ec19ac45;/Sites/archivio-commerciale/documentLibrary/MIGRAZIONE/2023/5614001-5615000/5614743_2023;GROUP_site_archivio-commerciale_SiteManager;cmis:all
58a4c94e-667b-48b4-b39e-2178ec19ac45;/Sites/archivio-commerciale/documentLibrary/MIGRAZIONE/2023/5614001-5615000/5614743_2023;GROUP_site_archivio-commerciale_SiteManager;cmis:read
58a4c94e-667b-48b4-b39e-2178ec19ac45;/Sites/archivio-commerciale/documentLibrary/MIGRAZIONE/2023/5614001-5615000/5614743_2023;GROUP_site_archivio-commerciale_SiteManager;cmis:write
58a4c94e-667b-48b4-b39e-2178ec19ac45;/Sites/archivio-commerciale/documentLibrary/MIGRAZIONE/2023/5614001-5615000/5614743_2023;GROUP_site_archivio-commerciale_SiteContributor;cmis:read
58a4c94e-667b-48b4-b39e-2178ec19ac45;/Sites/archivio-commerciale/documentLibrary/MIGRAZIONE/2023/5614001-5615000/5614743_2023;GROUP_site_archivio-commerciale_SiteCollaborator;cmis:read
58a4c94e-667b-48b4-b39e-2178ec19ac45;/Sites/archivio-commerciale/documentLibrary/MIGRAZIONE/2023/5614001-5615000/5614743_2023;GROUP_site_archivio-commerciale_SiteCollaborator;cmis:write
3792424e-d0a8-45c3-8ff7-33f0ac68fd20;/Sites/archivio-commerciale/documentLibrary/MIGRAZIONE/2023/5614001-5615000/5614658_2023;GROUP_EVERYONE;cmis:read
3792424e-d0a8-45c3-8ff7-33f0ac68fd20;/Sites/archivio-commerciale/documentLibrary/MIGRAZIONE/2023/5614001-5615000/5614658_2023;GROUP_site_archivio-commerciale_SiteConsumer;cmis:read
3792424e-d0a8-45c3-8ff7-33f0ac68fd20;/Sites/archivio-commerciale/documentLibrary/MIGRAZIONE/2023/5614001-5615000/5614658_2023;GROUP_site_archivio-commerciale_SiteManager;cmis:all
3792424e-d0a8-45c3-8ff7-33f0ac68fd20;/Sites/archivio-commerciale/documentLibrary/MIGRAZIONE/2023/5614001-5615000/5614658_2023;GROUP_site_archivio-commerciale_SiteManager;cmis:read
3792424e-d0a8-45c3-8ff7-33f0ac68fd20;/Sites/archivio-commerciale/documentLibrary/MIGRAZIONE/2023/5614001-5615000/5614658_2023;GROUP_site_archivio-commerciale_SiteManager;cmis:write
3792424e-d0a8-45c3-8ff7-33f0ac68fd20;/Sites/archivio-commerciale/documentLibrary/MIGRAZIONE/2023/5614001-5615000/5614658_2023;GROUP_site_archivio-commerciale_SiteContributor;cmis:read
3792424e-d0a8-45c3-8ff7-33f0ac68fd20;/Sites/archivio-commerciale/documentLibrary/MIGRAZIONE/2023/5614001-5615000/5614658_2023;GROUP_site_archivio-commerciale_SiteCollaborator;cmis:read
3792424e-d0a8-45c3-8ff7-33f0ac68fd20;/Sites/archivio-commerciale/documentLibrary/MIGRAZIONE/2023/5614001-5615000/5614658_2023;GROUP_site_archivio-commerciale_SiteCollaborator;cmis:write
ea58d8d8-ac7c-433d-bac6-50c5019d86c2;/Sites/archivio-commerciale/documentLibrary/MIGRAZIONE/2023/5614001-5615000/5614315_2023;GROUP_EVERYONE;cmis:read
ea58d8d8-ac7c-433d-bac6-50c5019d86c2;/Sites/archivio-commerciale/documentLibrary/MIGRAZIONE/2023/5614001-5615000/5614315_2023;GROUP_site_archivio-commerciale_SiteConsumer;cmis:read
ea58d8d8-ac7c-433d-bac6-50c5019d86c2;/Sites/archivio-commerciale/documentLibrary/MIGRAZIONE/2023/5614001-5615000/5614315_2023;GROUP_site_archivio-commerciale_SiteManager;cmis:all
ea58d8d8-ac7c-433d-bac6-50c5019d86c2;/Sites/archivio-commerciale/documentLibrary/MIGRAZIONE/2023/5614001-5615000/5614315_2023;GROUP_site_archivio-commerciale_SiteManager;cmis:read
ea58d8d8-ac7c-433d-bac6-50c5019d86c2;/Sites/archivio-commerciale/documentLibrary/MIGRAZIONE/2023/5614001-5615000/5614315_2023;GROUP_site_archivio-commerciale_SiteManager;cmis:write
ea58d8d8-ac7c-433d-bac6-50c5019d86c2;/Sites/archivio-commerciale/documentLibrary/MIGRAZIONE/2023/5614001-5615000/5614315_2023;GROUP_site_archivio-commerciale_SiteContributor;cmis:read
ea58d8d8-ac7c-433d-bac6-50c5019d86c2;/Sites/archivio-commerciale/documentLibrary/MIGRAZIONE/2023/5614001-5615000/5614315_2023;GROUP_site_archivio-commerciale_SiteCollaborator;cmis:read
ea58d8d8-ac7c-433d-bac6-50c5019d86c2;/Sites/archivio-commerciale/documentLibrary/MIGRAZIONE/2023/5614001-5615000/5614315_2023;GROUP_site_archivio-commerciale_SiteCollaborator;cmis:write
ae16f1f3-1c7b-45f1-8ea8-012e527aabaa;/Sites/archivio-commerciale/documentLibrary/MIGRAZIONE/2023/5614001-5615000/5614530_2023;GROUP_EVERYONE;cmis:read
ae16f1f3-1c7b-45f1-8ea8-012e527aabaa;/Sites/archivio-commerciale/documentLibrary/MIGRAZIONE/2023/5614001-5615000/5614530_2023;GROUP_site_archivio-commerciale_SiteConsumer;cmis:read
ae16f1f3-1c7b-45f1-8ea8-012e527aabaa;/Sites/archivio-commerciale/documentLibrary/MIGRAZIONE/2023/5614001-5615000/5614530_2023;GROUP_site_archivio-commerciale_SiteManager;cmis:all
ae16f1f3-1c7b-45f1-8ea8-012e527aabaa;/Sites/archivio-commerciale/documentLibrary/MIGRAZIONE/2023/5614001-5615000/5614530_2023;GROUP_site_archivio-commerciale_SiteManager;cmis:read
ae16f1f3-1c7b-45f1-8ea8-012e527aabaa;/Sites/archivio-commerciale/documentLibrary/MIGRAZIONE/2023/5614001-5615000/5614530_2023;GROUP_site_archivio-commerciale_SiteManager;cmis:write
ae16f1f3-1c7b-45f1-8ea8-012e527aabaa;/Sites/archivio-commerciale/documentLibrary/MIGRAZIONE/2023/5614001-5615000/5614530_2023;GROUP_site_archivio-commerciale_SiteContributor;cmis:read
ae16f1f3-1c7b-45f1-8ea8-012e527aabaa;/Sites/archivio-commerciale/documentLibrary/MIGRAZIONE/2023/5614001-5615000/5614530_2023;GROUP_site_archivio-commerciale_SiteCollaborator;cmis:read
ae16f1f3-1c7b-45f1-8ea8-012e527aabaa;/Sites/archivio-commerciale/documentLibrary/MIGRAZIONE/2023/5614001-5615000/5614530_2023;GROUP_site_archivio-commerciale_SiteCollaborator;cmis:write
3cd7a3ee-19a8-4dbe-acdf-302b35925280;/Sites/archivio-commerciale/documentLibrary/MIGRAZIONE/2023/5614001-5615000/5614166_2023;GROUP_EVERYONE;cmis:read
3cd7a3ee-19a8-4dbe-acdf-302b35925280;/Sites/archivio-commerciale/documentLibrary/MIGRAZIONE/2023/5614001-5615000/5614166_2023;GROUP_site_archivio-commerciale_SiteConsumer;cmis:read
3cd7a3ee-19a8-4dbe-acdf-302b35925280;/Sites/archivio-commerciale/documentLibrary/MIGRAZIONE/2023/5614001-5615000/5614166_2023;GROUP_site_archivio-commerciale_SiteManager;cmis:all
3cd7a3ee-19a8-4dbe-acdf-302b35925280;/Sites/archivio-commerciale/documentLibrary/MIGRAZIONE/2023/5614001-5615000/5614166_2023;GROUP_site_archivio-commerciale_SiteManager;cmis:read
3cd7a3ee-19a8-4dbe-acdf-302b35925280;/Sites/archivio-commerciale/documentLibrary/MIGRAZIONE/2023/5614001-5615000/5614166_2023;GROUP_site_archivio-commerciale_SiteManager;cmis:write
3cd7a3ee-19a8-4dbe-acdf-302b35925280;/Sites/archivio-commerciale/documentLibrary/MIGRAZIONE/2023/5614001-5615000/5614166_2023;GROUP_site_archivio-commerciale_SiteContributor;cmis:read
3cd7a3ee-19a8-4dbe-acdf-302b35925280;/Sites/archivio-commerciale/documentLibrary/MIGRAZIONE/2023/5614001-5615000/5614166_2023;GROUP_site_archivio-commerciale_SiteCollaborator;cmis:read
3cd7a3ee-19a8-4dbe-acdf-302b35925280;/Sites/archivio-commerciale/documentLibrary/MIGRAZIONE/2023/5614001-5615000/5614166_2023;GROUP_site_archivio-commerciale_SiteCollaborator;cmis:write
9d543038-3519-4e26-9024-3736ee560d24;/Sites/archivio-commerciale/documentLibrary/MIGRAZIONE/2023/5614001-5615000/5614834_2023;GROUP_EVERYONE;cmis:read
9d543038-3519-4e26-9024-3736ee560d24;/Sites/archivio-commerciale/documentLibrary/MIGRAZIONE/2023/5614001-5615000/5614834_2023;GROUP_site_archivio-commerciale_SiteConsumer;cmis:read
9d543038-3519-4e26-9024-3736ee560d24;/Sites/archivio-commerciale/documentLibrary/MIGRAZIONE/2023/5614001-5615000/5614834_2023;GROUP_site_archivio-commerciale_SiteManager;cmis:all
9d543038-3519-4e26-9024-3736ee560d24;/Sites/archivio-commerciale/documentLibrary/MIGRAZIONE/2023/5614001-5615000/5614834_2023;GROUP_site_archivio-commerciale_SiteManager;cmis:read
9d543038-3519-4e26-9024-3736ee560d24;/Sites/archivio-commerciale/documentLibrary/MIGRAZIONE/2023/5614001-5615000/5614834_2023;GROUP_site_archivio-commerciale_SiteManager;cmis:write
9d543038-3519-4e26-9024-3736ee560d24;/Sites/archivio-commerciale/documentLibrary/MIGRAZIONE/2023/5614001-5615000/5614834_2023;GROUP_site_archivio-commerciale_SiteContributor;cmis:read
9d543038-3519-4e26-9024-3736ee560d24;/Sites/archivio-commerciale/documentLibrary/MIGRAZIONE/2023/5614001-5615000/5614834_2023;GROUP_site_archivio-commerciale_SiteCollaborator;cmis:read
9d543038-3519-4e26-9024-3736ee560d24;/Sites/archivio-commerciale/documentLibrary/MIGRAZIONE/2023/5614001-5615000/5614834_2023;GROUP_site_archivio-commerciale_SiteCollaborator;cmis:write
bd381946-3e2e-49a4-a970-e40070d192cb;/Sites/archivio-commerciale/documentLibrary/MIGRAZIONE/2023/5614001-5615000/5614183_2023;GROUP_EVERYONE;cmis:read
bd381946-3e2e-49a4-a970-e40070d192cb;/Sites/archivio-commerciale/documentLibrary/MIGRAZIONE/2023/5614001-5615000/5614183_2023;GROUP_site_archivio-commerciale_SiteConsumer;cmis:read
bd381946-3e2e-49a4-a970-e40070d192cb;/Sites/archivio-commerciale/documentLibrary/MIGRAZIONE/2023/5614001-5615000/5614183_2023;GROUP_site_archivio-commerciale_SiteManager;cmis:all
bd381946-3e2e-49a4-a970-e40070d192cb;/Sites/archivio-commerciale/documentLibrary/MIGRAZIONE/2023/5614001-5615000/5614183_2023;GROUP_site_archivio-commerciale_SiteManager;cmis:read
bd381946-3e2e-49a4-a970-e40070d192cb;/Sites/archivio-commerciale/documentLibrary/MIGRAZIONE/2023/5614001-5615000/5614183_2023;GROUP_site_archivio-commerciale_SiteManager;cmis:write
bd381946-3e2e-49a4-a970-e40070d192cb;/Sites/archivio-commerciale/documentLibrary/MIGRAZIONE/2023/5614001-5615000/5614183_2023;GROUP_site_archivio-commerciale_SiteContributor;cmis:read
bd381946-3e2e-49a4-a970-e40070d192cb;/Sites/archivio-commerciale/documentLibrary/MIGRAZIONE/2023/5614001-5615000/5614183_2023;GROUP_site_archivio-commerciale_SiteCollaborator;cmis:read
bd381946-3e2e-49a4-a970-e40070d192cb;/Sites/archivio-commerciale/documentLibrary/MIGRAZIONE/2023/5614001-5615000/5614183_2023;GROUP_site_archivio-commerciale_SiteCollaborator;cmis:write
d16bcb99-36cc-48ac-ab46-9c84063ded70;/Sites/archivio-commerciale/documentLibrary/MIGRAZIONE/2023/5614001-5615000/5614098_2023;GROUP_EVERYONE;cmis:read
d16bcb99-36cc-48ac-ab46-9c84063ded70;/Sites/archivio-commerciale/documentLibrary/MIGRAZIONE/2023/5614001-5615000/5614098_2023;GROUP_site_archivio-commerciale_SiteConsumer;cmis:read
d16bcb99-36cc-48ac-ab46-9c84063ded70;/Sites/archivio-commerciale/documentLibrary/MIGRAZIONE/2023/5614001-5615000/5614098_2023;GROUP_site_archivio-commerciale_SiteManager;cmis:all
d16bcb99-36cc-48ac-ab46-9c84063ded70;/Sites/archivio-commerciale/documentLibrary/MIGRAZIONE/2023/5614001-5615000/5614098_2023;GROUP_site_archivio-commerciale_SiteManager;cmis:read
d16bcb99-36cc-48ac-ab46-9c84063ded70;/Sites/archivio-commerciale/documentLibrary/MIGRAZIONE/2023/5614001-5615000/5614098_2023;GROUP_site_archivio-commerciale_SiteManager;cmis:write
d16bcb99-36cc-48ac-ab46-9c84063ded70;/Sites/archivio-commerciale/documentLibrary/MIGRAZIONE/2023/5614001-5615000/5614098_2023;GROUP_site_archivio-commerciale_SiteContributor;cmis:read
d16bcb99-36cc-48ac-ab46-9c84063ded70;/Sites/archivio-commerciale/documentLibrary/MIGRAZIONE/2023/5614001-5615000/5614098_2023;GROUP_site_archivio-commerciale_SiteCollaborator;cmis:read
d16bcb99-36cc-48ac-ab46-9c84063ded70;/Sites/archivio-commerciale/documentLibrary/MIGRAZIONE/2023/5614001-5615000/5614098_2023;GROUP_site_archivio-commerciale_SiteCollaborator;cmis:write
bfd25646-c48d-4eb3-9e31-153255dbe6e5;/Sites/archivio-commerciale/documentLibrary/MIGRAZIONE/2023/5614001-5615000/5614340_2023;GROUP_EVERYONE;cmis:read
bfd25646-c48d-4eb3-9e31-153255dbe6e5;/Sites/archivio-commerciale/documentLibrary/MIGRAZIONE/2023/5614001-5615000/5614340_2023;GROUP_site_archivio-commerciale_SiteConsumer;cmis:read
bfd25646-c48d-4eb3-9e31-153255dbe6e5;/Sites/archivio-commerciale/documentLibrary/MIGRAZIONE/2023/5614001-5615000/5614340_2023;GROUP_site_archivio-commerciale_SiteManager;cmis:all
bfd25646-c48d-4eb3-9e31-153255dbe6e5;/Sites/archivio-commerciale/documentLibrary/MIGRAZIONE/2023/5614001-5615000/5614340_2023;GROUP_site_archivio-commerciale_SiteManager;cmis:read
bfd25646-c48d-4eb3-9e31-153255dbe6e5;/Sites/archivio-commerciale/documentLibrary/MIGRAZIONE/2023/5614001-5615000/5614340_2023;GROUP_site_archivio-commerciale_SiteManager;cmis:write
bfd25646-c48d-4eb3-9e31-153255dbe6e5;/Sites/archivio-commerciale/documentLibrary/MIGRAZIONE/2023/5614001-5615000/5614340_2023;GROUP_site_archivio-commerciale_SiteContributor;cmis:read
bfd25646-c48d-4eb3-9e31-153255dbe6e5;/Sites/archivio-commerciale/documentLibrary/MIGRAZIONE/2023/5614001-5615000/5614340_2023;GROUP_site_archivio-commerciale_SiteCollaborator;cmis:read
bfd25646-c48d-4eb3-9e31-153255dbe6e5;/Sites/archivio-commerciale/documentLibrary/MIGRAZIONE/2023/5614001-5615000/5614340_2023;GROUP_site_archivio-commerciale_SiteCollaborator;cmis:write
d143c80f-a7d8-405b-b90a-158d7c42dc54;/Sites/archivio-commerciale/documentLibrary/MIGRAZIONE/2023/5614001-5615000/5614716_2023;GROUP_EVERYONE;cmis:read
d143c80f-a7d8-405b-b90a-158d7c42dc54;/Sites/archivio-commerciale/documentLibrary/MIGRAZIONE/2023/5614001-5615000/5614716_2023;GROUP_site_archivio-commerciale_SiteConsumer;cmis:read
d143c80f-a7d8-405b-b90a-158d7c42dc54;/Sites/archivio-commerciale/documentLibrary/MIGRAZIONE/2023/5614001-5615000/5614716_2023;GROUP_site_archivio-commerciale_SiteManager;cmis:all
d143c80f-a7d8-405b-b90a-158d7c42dc54;/Sites/archivio-commerciale/documentLibrary/MIGRAZIONE/2023/5614001-5615000/5614716_2023;GROUP_site_archivio-commerciale_SiteManager;cmis:read
d143c80f-a7d8-405b-b90a-158d7c42dc54;/Sites/archivio-commerciale/documentLibrary/MIGRAZIONE/2023/5614001-5615000/5614716_2023;GROUP_site_archivio-commerciale_SiteManager;cmis:write
d143c80f-a7d8-405b-b90a-158d7c42dc54;/Sites/archivio-commerciale/documentLibrary/MIGRAZIONE/2023/5614001-5615000/5614716_2023;GROUP_site_archivio-commerciale_SiteContributor;cmis:read
d143c80f-a7d8-405b-b90a-158d7c42dc54;/Sites/archivio-commerciale/documentLibrary/MIGRAZIONE/2023/5614001-5615000/5614716_2023;GROUP_site_archivio-commerciale_SiteCollaborator;cmis:read
d143c80f-a7d8-405b-b90a-158d7c42dc54;/Sites/archivio-commerciale/documentLibrary/MIGRAZIONE/2023/5614001-5615000/5614716_2023;GROUP_site_archivio-commerciale_SiteCollaborator;cmis:write
a106bc89-8d7e-467c-979e-99b3d17d7cf5;/Sites/archivio-commerciale/documentLibrary/MIGRAZIONE/2023/5614001-5615000/5614580_2023;GROUP_EVERYONE;cmis:read
a106bc89-8d7e-467c-979e-99b3d17d7cf5;/Sites/archivio-commerciale/documentLibrary/MIGRAZIONE/2023/5614001-5615000/5614580_2023;GROUP_site_archivio-commerciale_SiteConsumer;cmis:read
a106bc89-8d7e-467c-979e-99b3d17d7cf5;/Sites/archivio-commerciale/documentLibrary/MIGRAZIONE/2023/5614001-5615000/5614580_2023;GROUP_site_archivio-commerciale_SiteManager;cmis:all
a106bc89-8d7e-467c-979e-99b3d17d7cf5;/Sites/archivio-commerciale/documentLibrary/MIGRAZIONE/2023/5614001-5615000/5614580_2023;GROUP_site_archivio-commerciale_SiteManager;cmis:read
a106bc89-8d7e-467c-979e-99b3d17d7cf5;/Sites/archivio-commerciale/documentLibrary/MIGRAZIONE/2023/5614001-5615000/5614580_2023;GROUP_site_archivio-commerciale_SiteManager;cmis:write
a106bc89-8d7e-467c-979e-99b3d17d7cf5;/Sites/archivio-commerciale/documentLibrary/MIGRAZIONE/2023/5614001-5615000/5614580_2023;GROUP_site_archivio-commerciale_SiteContributor;cmis:read
a106bc89-8d7e-467c-979e-99b3d17d7cf5;/Sites/archivio-commerciale/documentLibrary/MIGRAZIONE/2023/5614001-5615000/5614580_2023;GROUP_site_archivio-commerciale_SiteCollaborator;cmis:read
a106bc89-8d7e-467c-979e-99b3d17d7cf5;/Sites/archivio-commerciale/documentLibrary/MIGRAZIONE/2023/5614001-5615000/5614580_2023;GROUP_site_archivio-commerciale_SiteCollaborator;cmis:write
2ba80aa0-51f6-4a60-9a3e-dcd92dbcd56d;/Sites/archivio-commerciale/documentLibrary/MIGRAZIONE/2023/5614001-5615000/5614861_2023;GROUP_EVERYONE;cmis:read
2ba80aa0-51f6-4a60-9a3e-dcd92dbcd56d;/Sites/archivio-commerciale/documentLibrary/MIGRAZIONE/2023/5614001-5615000/5614861_2023;GROUP_site_archivio-commerciale_SiteConsumer;cmis:read
2ba80aa0-51f6-4a60-9a3e-dcd92dbcd56d;/Sites/archivio-commerciale/documentLibrary/MIGRAZIONE/2023/5614001-5615000/5614861_2023;GROUP_site_archivio-commerciale_SiteManager;cmis:all
2ba80aa0-51f6-4a60-9a3e-dcd92dbcd56d;/Sites/archivio-commerciale/documentLibrary/MIGRAZIONE/2023/5614001-5615000/5614861_2023;GROUP_site_archivio-commerciale_SiteManager;cmis:read
2ba80aa0-51f6-4a60-9a3e-dcd92dbcd56d;/Sites/archivio-commerciale/documentLibrary/MIGRAZIONE/2023/5614001-5615000/5614861_2023;GROUP_site_archivio-commerciale_SiteManager;cmis:write
2ba80aa0-51f6-4a60-9a3e-dcd92dbcd56d;/Sites/archivio-commerciale/documentLibrary/MIGRAZIONE/2023/5614001-5615000/5614861_2023;GROUP_site_archivio-commerciale_SiteContributor;cmis:read
2ba80aa0-51f6-4a60-9a3e-dcd92dbcd56d;/Sites/archivio-commerciale/documentLibrary/MIGRAZIONE/2023/5614001-5615000/5614861_2023;GROUP_site_archivio-commerciale_SiteCollaborator;cmis:read
2ba80aa0-51f6-4a60-9a3e-dcd92dbcd56d;/Sites/archivio-commerciale/documentLibrary/MIGRAZIONE/2023/5614001-5615000/5614861_2023;GROUP_site_archivio-commerciale_SiteCollaborator;cmis:write
12ca9fed-5fea-46a9-a8de-07b0940bcdda;/Sites/archivio-commerciale/documentLibrary/MIGRAZIONE/2023/5614001-5615000/5614884_2023;GROUP_EVERYONE;cmis:read
12ca9fed-5fea-46a9-a8de-07b0940bcdda;/Sites/archivio-commerciale/documentLibrary/MIGRAZIONE/2023/5614001-5615000/5614884_2023;GROUP_site_archivio-commerciale_SiteConsumer;cmis:read
12ca9fed-5fea-46a9-a8de-07b0940bcdda;/Sites/archivio-commerciale/documentLibrary/MIGRAZIONE/2023/5614001-5615000/5614884_2023;GROUP_site_archivio-commerciale_SiteManager;cmis:all
12ca9fed-5fea-46a9-a8de-07b0940bcdda;/Sites/archivio-commerciale/documentLibrary/MIGRAZIONE/2023/5614001-5615000/5614884_2023;GROUP_site_archivio-commerciale_SiteManager;cmis:read
12ca9fed-5fea-46a9-a8de-07b0940bcdda;/Sites/archivio-commerciale/documentLibrary/MIGRAZIONE/2023/5614001-5615000/5614884_2023;GROUP_site_archivio-commerciale_SiteManager;cmis:write
12ca9fed-5fea-46a9-a8de-07b0940bcdda;/Sites/archivio-commerciale/documentLibrary/MIGRAZIONE/2023/5614001-5615000/5614884_2023;GROUP_site_archivio-commerciale_SiteContributor;cmis:read
12ca9fed-5fea-46a9-a8de-07b0940bcdda;/Sites/archivio-commerciale/documentLibrary/MIGRAZIONE/2023/5614001-5615000/5614884_2023;GROUP_site_archivio-commerciale_SiteCollaborator;cmis:read
12ca9fed-5fea-46a9-a8de-07b0940bcdda;/Sites/archivio-commerciale/documentLibrary/MIGRAZIONE/2023/5614001-5615000/5614884_2023;GROUP_site_archivio-commerciale_SiteCollaborator;cmis:write
376b9eef-7344-4ff7-93ac-99217f097f57;/Sites/archivio-commerciale/documentLibrary/MIGRAZIONE/2023/5614001-5615000/5614133_2023;GROUP_EVERYONE;cmis:read
376b9eef-7344-4ff7-93ac-99217f097f57;/Sites/archivio-commerciale/documentLibrary/MIGRAZIONE/2023/5614001-5615000/5614133_2023;GROUP_site_archivio-commerciale_SiteConsumer;cmis:read
376b9eef-7344-4ff7-93ac-99217f097f57;/Sites/archivio-commerciale/documentLibrary/MIGRAZIONE/2023/5614001-5615000/5614133_2023;GROUP_site_archivio-commerciale_SiteManager;cmis:all
376b9eef-7344-4ff7-93ac-99217f097f57;/Sites/archivio-commerciale/documentLibrary/MIGRAZIONE/2023/5614001-5615000/5614133_2023;GROUP_site_archivio-commerciale_SiteManager;cmis:read
376b9eef-7344-4ff7-93ac-99217f097f57;/Sites/archivio-commerciale/documentLibrary/MIGRAZIONE/2023/5614001-5615000/5614133_2023;GROUP_site_archivio-commerciale_SiteManager;cmis:write
376b9eef-7344-4ff7-93ac-99217f097f57;/Sites/archivio-commerciale/documentLibrary/MIGRAZIONE/2023/5614001-5615000/5614133_2023;GROUP_site_archivio-commerciale_SiteContributor;cmis:read
376b9eef-7344-4ff7-93ac-99217f097f57;/Sites/archivio-commerciale/documentLibrary/MIGRAZIONE/2023/5614001-5615000/5614133_2023;GROUP_site_archivio-commerciale_SiteCollaborator;cmis:read
376b9eef-7344-4ff7-93ac-99217f097f57;/Sites/archivio-commerciale/documentLibrary/MIGRAZIONE/2023/5614001-5615000/5614133_2023;GROUP_site_archivio-commerciale_SiteCollaborator;cmis:write
4139d57a-c8ef-4634-bdc0-797126e1902a;/Sites/archivio-commerciale/documentLibrary/MIGRAZIONE/2023/5614001-5615000/5614028_2023;GROUP_EVERYONE;cmis:read
4139d57a-c8ef-4634-bdc0-797126e1902a;/Sites/archivio-commerciale/documentLibrary/MIGRAZIONE/2023/5614001-5615000/5614028_2023;GROUP_site_archivio-commerciale_SiteConsumer;cmis:read
4139d57a-c8ef-4634-bdc0-797126e1902a;/Sites/archivio-commerciale/documentLibrary/MIGRAZIONE/2023/5614001-5615000/5614028_2023;GROUP_site_archivio-commerciale_SiteManager;cmis:all
4139d57a-c8ef-4634-bdc0-797126e1902a;/Sites/archivio-commerciale/documentLibrary/MIGRAZIONE/2023/5614001-5615000/5614028_2023;GROUP_site_archivio-commerciale_SiteManager;cmis:read
4139d57a-c8ef-4634-bdc0-797126e1902a;/Sites/archivio-commerciale/documentLibrary/MIGRAZIONE/2023/5614001-5615000/5614028_2023;GROUP_site_archivio-commerciale_SiteManager;cmis:write
4139d57a-c8ef-4634-bdc0-797126e1902a;/Sites/archivio-commerciale/documentLibrary/MIGRAZIONE/2023/5614001-5615000/5614028_2023;GROUP_site_archivio-commerciale_SiteContributor;cmis:read
4139d57a-c8ef-4634-bdc0-797126e1902a;/Sites/archivio-commerciale/documentLibrary/MIGRAZIONE/2023/5614001-5615000/5614028_2023;GROUP_site_archivio-commerciale_SiteCollaborator;cmis:read
4139d57a-c8ef-4634-bdc0-797126e1902a;/Sites/archivio-commerciale/documentLibrary/MIGRAZIONE/2023/5614001-5615000/5614028_2023;GROUP_site_archivio-commerciale_SiteCollaborator;cmis:write
74ac7f99-a993-409b-975b-29f209b01c98;/Sites/archivio-commerciale/documentLibrary/MIGRAZIONE/2023/5614001-5615000/5614565_2023;GROUP_EVERYONE;cmis:read
74ac7f99-a993-409b-975b-29f209b01c98;/Sites/archivio-commerciale/documentLibrary/MIGRAZIONE/2023/5614001-5615000/5614565_2023;GROUP_site_archivio-commerciale_SiteConsumer;cmis:read
74ac7f99-a993-409b-975b-29f209b01c98;/Sites/archivio-commerciale/documentLibrary/MIGRAZIONE/2023/5614001-5615000/5614565_2023;GROUP_site_archivio-commerciale_SiteManager;cmis:all
74ac7f99-a993-409b-975b-29f209b01c98;/Sites/archivio-commerciale/documentLibrary/MIGRAZIONE/2023/5614001-5615000/5614565_2023;GROUP_site_archivio-commerciale_SiteManager;cmis:read
74ac7f99-a993-409b-975b-29f209b01c98;/Sites/archivio-commerciale/documentLibrary/MIGRAZIONE/2023/5614001-5615000/5614565_2023;GROUP_site_archivio-commerciale_SiteManager;cmis:write
74ac7f99-a993-409b-975b-29f209b01c98;/Sites/archivio-commerciale/documentLibrary/MIGRAZIONE/2023/5614001-5615000/5614565_2023;GROUP_site_archivio-commerciale_SiteContributor;cmis:read
74ac7f99-a993-409b-975b-29f209b01c98;/Sites/archivio-commerciale/documentLibrary/MIGRAZIONE/2023/5614001-5615000/5614565_2023;GROUP_site_archivio-commerciale_SiteCollaborator;cmis:read
74ac7f99-a993-409b-975b-29f209b01c98;/Sites/archivio-commerciale/documentLibrary/MIGRAZIONE/2023/5614001-5615000/5614565_2023;GROUP_site_archivio-commerciale_SiteCollaborator;cmis:write
3f572d53-b2a7-40bc-9ca4-6898f9c4cd8e;/Sites/archivio-commerciale/documentLibrary/MIGRAZIONE/2023/5614001-5615000/5614767_2023;GROUP_EVERYONE;cmis:read
3f572d53-b2a7-40bc-9ca4-6898f9c4cd8e;/Sites/archivio-commerciale/documentLibrary/MIGRAZIONE/2023/5614001-5615000/5614767_2023;GROUP_site_archivio-commerciale_SiteConsumer;cmis:read
3f572d53-b2a7-40bc-9ca4-6898f9c4cd8e;/Sites/archivio-commerciale/documentLibrary/MIGRAZIONE/2023/5614001-5615000/5614767_2023;GROUP_site_archivio-commerciale_SiteManager;cmis:all
3f572d53-b2a7-40bc-9ca4-6898f9c4cd8e;/Sites/archivio-commerciale/documentLibrary/MIGRAZIONE/2023/5614001-5615000/5614767_2023;GROUP_site_archivio-commerciale_SiteManager;cmis:read
3f572d53-b2a7-40bc-9ca4-6898f9c4cd8e;/Sites/archivio-commerciale/documentLibrary/MIGRAZIONE/2023/5614001-5615000/5614767_2023;GROUP_site_archivio-commerciale_SiteManager;cmis:write
3f572d53-b2a7-40bc-9ca4-6898f9c4cd8e;/Sites/archivio-commerciale/documentLibrary/MIGRAZIONE/2023/5614001-5615000/5614767_2023;GROUP_site_archivio-commerciale_SiteContributor;cmis:read
3f572d53-b2a7-40bc-9ca4-6898f9c4cd8e;/Sites/archivio-commerciale/documentLibrary/MIGRAZIONE/2023/5614001-5615000/5614767_2023;GROUP_site_archivio-commerciale_SiteCollaborator;cmis:read
3f572d53-b2a7-40bc-9ca4-6898f9c4cd8e;/Sites/archivio-commerciale/documentLibrary/MIGRAZIONE/2023/5614001-5615000/5614767_2023;GROUP_site_archivio-commerciale_SiteCollaborator;cmis:write
a21f4cd7-50bc-42ce-ab8a-b9e34dea0a5b;/Sites/archivio-commerciale/documentLibrary/MIGRAZIONE/2023/5614001-5615000/5614331_2023;GROUP_EVERYONE;cmis:read
a21f4cd7-50bc-42ce-ab8a-b9e34dea0a5b;/Sites/archivio-commerciale/documentLibrary/MIGRAZIONE/2023/5614001-5615000/5614331_2023;GROUP_site_archivio-commerciale_SiteConsumer;cmis:read
a21f4cd7-50bc-42ce-ab8a-b9e34dea0a5b;/Sites/archivio-commerciale/documentLibrary/MIGRAZIONE/2023/5614001-5615000/5614331_2023;GROUP_site_archivio-commerciale_SiteManager;cmis:all
a21f4cd7-50bc-42ce-ab8a-b9e34dea0a5b;/Sites/archivio-commerciale/documentLibrary/MIGRAZIONE/2023/5614001-5615000/5614331_2023;GROUP_site_archivio-commerciale_SiteManager;cmis:read
a21f4cd7-50bc-42ce-ab8a-b9e34dea0a5b;/Sites/archivio-commerciale/documentLibrary/MIGRAZIONE/2023/5614001-5615000/5614331_2023;GROUP_site_archivio-commerciale_SiteManager;cmis:write
a21f4cd7-50bc-42ce-ab8a-b9e34dea0a5b;/Sites/archivio-commerciale/documentLibrary/MIGRAZIONE/2023/5614001-5615000/5614331_2023;GROUP_site_archivio-commerciale_SiteContributor;cmis:read
a21f4cd7-50bc-42ce-ab8a-b9e34dea0a5b;/Sites/archivio-commerciale/documentLibrary/MIGRAZIONE/2023/5614001-5615000/5614331_2023;GROUP_site_archivio-commerciale_SiteCollaborator;cmis:read
a21f4cd7-50bc-42ce-ab8a-b9e34dea0a5b;/Sites/archivio-commerciale/documentLibrary/MIGRAZIONE/2023/5614001-5615000/5614331_2023;GROUP_site_archivio-commerciale_SiteCollaborator;cmis:write
9fc6ae65-810e-4c38-9019-a9aa43e0f844;/Sites/archivio-commerciale/documentLibrary/MIGRAZIONE/2023/5614001-5615000/5614699_2023;GROUP_EVERYONE;cmis:read
9fc6ae65-810e-4c38-9019-a9aa43e0f844;/Sites/archivio-commerciale/documentLibrary/MIGRAZIONE/2023/5614001-5615000/5614699_2023;GROUP_site_archivio-commerciale_SiteConsumer;cmis:read
9fc6ae65-810e-4c38-9019-a9aa43e0f844;/Sites/archivio-commerciale/documentLibrary/MIGRAZIONE/2023/5614001-5615000/5614699_2023;GROUP_site_archivio-commerciale_SiteManager;cmis:all
9fc6ae65-810e-4c38-9019-a9aa43e0f844;/Sites/archivio-commerciale/documentLibrary/MIGRAZIONE/2023/5614001-5615000/5614699_2023;GROUP_site_archivio-commerciale_SiteManager;cmis:read
9fc6ae65-810e-4c38-9019-a9aa43e0f844;/Sites/archivio-commerciale/documentLibrary/MIGRAZIONE/2023/5614001-5615000/5614699_2023;GROUP_site_archivio-commerciale_SiteManager;cmis:write
9fc6ae65-810e-4c38-9019-a9aa43e0f844;/Sites/archivio-commerciale/documentLibrary/MIGRAZIONE/2023/5614001-5615000/5614699_2023;GROUP_site_archivio-commerciale_SiteContributor;cmis:read
9fc6ae65-810e-4c38-9019-a9aa43e0f844;/Sites/archivio-commerciale/documentLibrary/MIGRAZIONE/2023/5614001-5615000/5614699_2023;GROUP_site_archivio-commerciale_SiteCollaborator;cmis:read
9fc6ae65-810e-4c38-9019-a9aa43e0f844;/Sites/archivio-commerciale/documentLibrary/MIGRAZIONE/2023/5614001-5615000/5614699_2023;GROUP_site_archivio-commerciale_SiteCollaborator;cmis:write
46c579ad-455a-4dc8-b438-3baeef503be6;/Sites/archivio-commerciale/documentLibrary/MIGRAZIONE/2023/5614001-5615000/5614782_2023;GROUP_EVERYONE;cmis:read
46c579ad-455a-4dc8-b438-3baeef503be6;/Sites/archivio-commerciale/documentLibrary/MIGRAZIONE/2023/5614001-5615000/5614782_2023;GROUP_site_archivio-commerciale_SiteConsumer;cmis:read
46c579ad-455a-4dc8-b438-3baeef503be6;/Sites/archivio-commerciale/documentLibrary/MIGRAZIONE/2023/5614001-5615000/5614782_2023;GROUP_site_archivio-commerciale_SiteManager;cmis:all
46c579ad-455a-4dc8-b438-3baeef503be6;/Sites/archivio-commerciale/documentLibrary/MIGRAZIONE/2023/5614001-5615000/5614782_2023;GROUP_site_archivio-commerciale_SiteManager;cmis:read
46c579ad-455a-4dc8-b438-3baeef503be6;/Sites/archivio-commerciale/documentLibrary/MIGRAZIONE/2023/5614001-5615000/5614782_2023;GROUP_site_archivio-commerciale_SiteManager;cmis:write
46c579ad-455a-4dc8-b438-3baeef503be6;/Sites/archivio-commerciale/documentLibrary/MIGRAZIONE/2023/5614001-5615000/5614782_2023;GROUP_site_archivio-commerciale_SiteContributor;cmis:read
46c579ad-455a-4dc8-b438-3baeef503be6;/Sites/archivio-commerciale/documentLibrary/MIGRAZIONE/2023/5614001-5615000/5614782_2023;GROUP_site_archivio-commerciale_SiteCollaborator;cmis:read
46c579ad-455a-4dc8-b438-3baeef503be6;/Sites/archivio-commerciale/documentLibrary/MIGRAZIONE/2023/5614001-5615000/5614782_2023;GROUP_site_archivio-commerciale_SiteCollaborator;cmis:write
66141894-ae2e-42f3-aa07-6ddca666b104;/Sites/archivio-commerciale/documentLibrary/MIGRAZIONE/2023/5614001-5615000/5614514_2023;GROUP_EVERYONE;cmis:read
66141894-ae2e-42f3-aa07-6ddca666b104;/Sites/archivio-commerciale/documentLibrary/MIGRAZIONE/2023/5614001-5615000/5614514_2023;GROUP_site_archivio-commerciale_SiteConsumer;cmis:read
66141894-ae2e-42f3-aa07-6ddca666b104;/Sites/archivio-commerciale/documentLibrary/MIGRAZIONE/2023/5614001-5615000/5614514_2023;GROUP_site_archivio-commerciale_SiteManager;cmis:all
66141894-ae2e-42f3-aa07-6ddca666b104;/Sites/archivio-commerciale/documentLibrary/MIGRAZIONE/2023/5614001-5615000/5614514_2023;GROUP_site_archivio-commerciale_SiteManager;cmis:read
66141894-ae2e-42f3-aa07-6ddca666b104;/Sites/archivio-commerciale/documentLibrary/MIGRAZIONE/2023/5614001-5615000/5614514_2023;GROUP_site_archivio-commerciale_SiteManager;cmis:write
66141894-ae2e-42f3-aa07-6ddca666b104;/Sites/archivio-commerciale/documentLibrary/MIGRAZIONE/2023/5614001-5615000/5614514_2023;GROUP_site_archivio-commerciale_SiteContributor;cmis:read
66141894-ae2e-42f3-aa07-6ddca666b104;/Sites/archivio-commerciale/documentLibrary/MIGRAZIONE/2023/5614001-5615000/5614514_2023;GROUP_site_archivio-commerciale_SiteCollaborator;cmis:read
66141894-ae2e-42f3-aa07-6ddca666b104;/Sites/archivio-commerciale/documentLibrary/MIGRAZIONE/2023/5614001-5615000/5614514_2023;GROUP_site_archivio-commerciale_SiteCollaborator;cmis:write
496af3a4-82bc-40f7-bc25-d3379f89cd47;/Sites/archivio-commerciale/documentLibrary/MIGRAZIONE/2023/5614001-5615000/5614059_2023;GROUP_EVERYONE;cmis:read
496af3a4-82bc-40f7-bc25-d3379f89cd47;/Sites/archivio-commerciale/documentLibrary/MIGRAZIONE/2023/5614001-5615000/5614059_2023;GROUP_site_archivio-commerciale_SiteConsumer;cmis:read
496af3a4-82bc-40f7-bc25-d3379f89cd47;/Sites/archivio-commerciale/documentLibrary/MIGRAZIONE/2023/5614001-5615000/5614059_2023;GROUP_site_archivio-commerciale_SiteManager;cmis:all
496af3a4-82bc-40f7-bc25-d3379f89cd47;/Sites/archivio-commerciale/documentLibrary/MIGRAZIONE/2023/5614001-5615000/5614059_2023;GROUP_site_archivio-commerciale_SiteManager;cmis:read
496af3a4-82bc-40f7-bc25-d3379f89cd47;/Sites/archivio-commerciale/documentLibrary/MIGRAZIONE/2023/5614001-5615000/5614059_2023;GROUP_site_archivio-commerciale_SiteManager;cmis:write
496af3a4-82bc-40f7-bc25-d3379f89cd47;/Sites/archivio-commerciale/documentLibrary/MIGRAZIONE/2023/5614001-5615000/5614059_2023;GROUP_site_archivio-commerciale_SiteContributor;cmis:read
496af3a4-82bc-40f7-bc25-d3379f89cd47;/Sites/archivio-commerciale/documentLibrary/MIGRAZIONE/2023/5614001-5615000/5614059_2023;GROUP_site_archivio-commerciale_SiteCollaborator;cmis:read
496af3a4-82bc-40f7-bc25-d3379f89cd47;/Sites/archivio-commerciale/documentLibrary/MIGRAZIONE/2023/5614001-5615000/5614059_2023;GROUP_site_archivio-commerciale_SiteCollaborator;cmis:write
7aaca13c-7c07-45f7-af11-3579d58caef0;/Sites/archivio-commerciale/documentLibrary/MIGRAZIONE/2023/5614001-5615000/5614142_2023;GROUP_EVERYONE;cmis:read
7aaca13c-7c07-45f7-af11-3579d58caef0;/Sites/archivio-commerciale/documentLibrary/MIGRAZIONE/2023/5614001-5615000/5614142_2023;GROUP_site_archivio-commerciale_SiteConsumer;cmis:read
7aaca13c-7c07-45f7-af11-3579d58caef0;/Sites/archivio-commerciale/documentLibrary/MIGRAZIONE/2023/5614001-5615000/5614142_2023;GROUP_site_archivio-commerciale_SiteManager;cmis:all
7aaca13c-7c07-45f7-af11-3579d58caef0;/Sites/archivio-commerciale/documentLibrary/MIGRAZIONE/2023/5614001-5615000/5614142_2023;GROUP_site_archivio-commerciale_SiteManager;cmis:read
7aaca13c-7c07-45f7-af11-3579d58caef0;/Sites/archivio-commerciale/documentLibrary/MIGRAZIONE/2023/5614001-5615000/5614142_2023;GROUP_site_archivio-commerciale_SiteManager;cmis:write
7aaca13c-7c07-45f7-af11-3579d58caef0;/Sites/archivio-commerciale/documentLibrary/MIGRAZIONE/2023/5614001-5615000/5614142_2023;GROUP_site_archivio-commerciale_SiteContributor;cmis:read
7aaca13c-7c07-45f7-af11-3579d58caef0;/Sites/archivio-commerciale/documentLibrary/MIGRAZIONE/2023/5614001-5615000/5614142_2023;GROUP_site_archivio-commerciale_SiteCollaborator;cmis:read
7aaca13c-7c07-45f7-af11-3579d58caef0;/Sites/archivio-commerciale/documentLibrary/MIGRAZIONE/2023/5614001-5615000/5614142_2023;GROUP_site_archivio-commerciale_SiteCollaborator;cmis:write
03548e73-9406-4e5f-8cd9-8f05c72bf517;/Sites/archivio-commerciale/documentLibrary/MIGRAZIONE/2023/5614001-5615000/5614810_2023;GROUP_EVERYONE;cmis:read
03548e73-9406-4e5f-8cd9-8f05c72bf517;/Sites/archivio-commerciale/documentLibrary/MIGRAZIONE/2023/5614001-5615000/5614810_2023;GROUP_site_archivio-commerciale_SiteConsumer;cmis:read
03548e73-9406-4e5f-8cd9-8f05c72bf517;/Sites/archivio-commerciale/documentLibrary/MIGRAZIONE/2023/5614001-5615000/5614810_2023;GROUP_site_archivio-commerciale_SiteManager;cmis:all
03548e73-9406-4e5f-8cd9-8f05c72bf517;/Sites/archivio-commerciale/documentLibrary/MIGRAZIONE/2023/5614001-5615000/5614810_2023;GROUP_site_archivio-commerciale_SiteManager;cmis:read
03548e73-9406-4e5f-8cd9-8f05c72bf517;/Sites/archivio-commerciale/documentLibrary/MIGRAZIONE/2023/5614001-5615000/5614810_2023;GROUP_site_archivio-commerciale_SiteManager;cmis:write
03548e73-9406-4e5f-8cd9-8f05c72bf517;/Sites/archivio-commerciale/documentLibrary/MIGRAZIONE/2023/5614001-5615000/5614810_2023;GROUP_site_archivio-commerciale_SiteContributor;cmis:read
03548e73-9406-4e5f-8cd9-8f05c72bf517;/Sites/archivio-commerciale/documentLibrary/MIGRAZIONE/2023/5614001-5615000/5614810_2023;GROUP_site_archivio-commerciale_SiteCollaborator;cmis:read
03548e73-9406-4e5f-8cd9-8f05c72bf517;/Sites/archivio-commerciale/documentLibrary/MIGRAZIONE/2023/5614001-5615000/5614810_2023;GROUP_site_archivio-commerciale_SiteCollaborator;cmis:write
8e925d14-56a6-42f1-bc42-ebfc15e9a156;/Sites/archivio-commerciale/documentLibrary/MIGRAZIONE/2023/5614001-5615000/5614381_2023;GROUP_EVERYONE;cmis:read
8e925d14-56a6-42f1-bc42-ebfc15e9a156;/Sites/archivio-commerciale/documentLibrary/MIGRAZIONE/2023/5614001-5615000/5614381_2023;GROUP_site_archivio-commerciale_SiteConsumer;cmis:read
8e925d14-56a6-42f1-bc42-ebfc15e9a156;/Sites/archivio-commerciale/documentLibrary/MIGRAZIONE/2023/5614001-5615000/5614381_2023;GROUP_site_archivio-commerciale_SiteManager;cmis:all
8e925d14-56a6-42f1-bc42-ebfc15e9a156;/Sites/archivio-commerciale/documentLibrary/MIGRAZIONE/2023/5614001-5615000/5614381_2023;GROUP_site_archivio-commerciale_SiteManager;cmis:read
8e925d14-56a6-42f1-bc42-ebfc15e9a156;/Sites/archivio-commerciale/documentLibrary/MIGRAZIONE/2023/5614001-5615000/5614381_2023;GROUP_site_archivio-commerciale_SiteManager;cmis:write
8e925d14-56a6-42f1-bc42-ebfc15e9a156;/Sites/archivio-commerciale/documentLibrary/MIGRAZIONE/2023/5614001-5615000/5614381_2023;GROUP_site_archivio-commerciale_SiteContributor;cmis:read
8e925d14-56a6-42f1-bc42-ebfc15e9a156;/Sites/archivio-commerciale/documentLibrary/MIGRAZIONE/2023/5614001-5615000/5614381_2023;GROUP_site_archivio-commerciale_SiteCollaborator;cmis:read
8e925d14-56a6-42f1-bc42-ebfc15e9a156;/Sites/archivio-commerciale/documentLibrary/MIGRAZIONE/2023/5614001-5615000/5614381_2023;GROUP_site_archivio-commerciale_SiteCollaborator;cmis:write
9e9d53aa-e46b-4047-baf9-3994658a9ea1;/Sites/archivio-commerciale/documentLibrary/MIGRAZIONE/2023/5614001-5615000/5614364_2023;GROUP_EVERYONE;cmis:read
9e9d53aa-e46b-4047-baf9-3994658a9ea1;/Sites/archivio-commerciale/documentLibrary/MIGRAZIONE/2023/5614001-5615000/5614364_2023;GROUP_site_archivio-commerciale_SiteConsumer;cmis:read
9e9d53aa-e46b-4047-baf9-3994658a9ea1;/Sites/archivio-commerciale/documentLibrary/MIGRAZIONE/2023/5614001-5615000/5614364_2023;GROUP_site_archivio-commerciale_SiteManager;cmis:all
9e9d53aa-e46b-4047-baf9-3994658a9ea1;/Sites/archivio-commerciale/documentLibrary/MIGRAZIONE/2023/5614001-5615000/5614364_2023;GROUP_site_archivio-commerciale_SiteManager;cmis:read
9e9d53aa-e46b-4047-baf9-3994658a9ea1;/Sites/archivio-commerciale/documentLibrary/MIGRAZIONE/2023/5614001-5615000/5614364_2023;GROUP_site_archivio-commerciale_SiteManager;cmis:write
9e9d53aa-e46b-4047-baf9-3994658a9ea1;/Sites/archivio-commerciale/documentLibrary/MIGRAZIONE/2023/5614001-5615000/5614364_2023;GROUP_site_archivio-commerciale_SiteContributor;cmis:read
9e9d53aa-e46b-4047-baf9-3994658a9ea1;/Sites/archivio-commerciale/documentLibrary/MIGRAZIONE/2023/5614001-5615000/5614364_2023;GROUP_site_archivio-commerciale_SiteCollaborator;cmis:read
9e9d53aa-e46b-4047-baf9-3994658a9ea1;/Sites/archivio-commerciale/documentLibrary/MIGRAZIONE/2023/5614001-5615000/5614364_2023;GROUP_site_archivio-commerciale_SiteCollaborator;cmis:write
f2da1287-ec92-4e51-894a-5266d9fbe5c2;/Sites/archivio-commerciale/documentLibrary/MIGRAZIONE/2023/5614001-5615000/5614629_2023;GROUP_EVERYONE;cmis:read
f2da1287-ec92-4e51-894a-5266d9fbe5c2;/Sites/archivio-commerciale/documentLibrary/MIGRAZIONE/2023/5614001-5615000/5614629_2023;GROUP_site_archivio-commerciale_SiteConsumer;cmis:read
f2da1287-ec92-4e51-894a-5266d9fbe5c2;/Sites/archivio-commerciale/documentLibrary/MIGRAZIONE/2023/5614001-5615000/5614629_2023;GROUP_site_archivio-commerciale_SiteManager;cmis:all
f2da1287-ec92-4e51-894a-5266d9fbe5c2;/Sites/archivio-commerciale/documentLibrary/MIGRAZIONE/2023/5614001-5615000/5614629_2023;GROUP_site_archivio-commerciale_SiteManager;cmis:read
f2da1287-ec92-4e51-894a-5266d9fbe5c2;/Sites/archivio-commerciale/documentLibrary/MIGRAZIONE/2023/5614001-5615000/5614629_2023;GROUP_site_archivio-commerciale_SiteManager;cmis:write
f2da1287-ec92-4e51-894a-5266d9fbe5c2;/Sites/archivio-commerciale/documentLibrary/MIGRAZIONE/2023/5614001-5615000/5614629_2023;GROUP_site_archivio-commerciale_SiteContributor;cmis:read
f2da1287-ec92-4e51-894a-5266d9fbe5c2;/Sites/archivio-commerciale/documentLibrary/MIGRAZIONE/2023/5614001-5615000/5614629_2023;GROUP_site_archivio-commerciale_SiteCollaborator;cmis:read
f2da1287-ec92-4e51-894a-5266d9fbe5c2;/Sites/archivio-commerciale/documentLibrary/MIGRAZIONE/2023/5614001-5615000/5614629_2023;GROUP_site_archivio-commerciale_SiteCollaborator;cmis:write
12634546-9f71-4ac2-bdae-82800c8aa680;/Sites/archivio-commerciale/documentLibrary/MIGRAZIONE/2023/5614001-5615000/5614732_2023;GROUP_EVERYONE;cmis:read
12634546-9f71-4ac2-bdae-82800c8aa680;/Sites/archivio-commerciale/documentLibrary/MIGRAZIONE/2023/5614001-5615000/5614732_2023;GROUP_site_archivio-commerciale_SiteConsumer;cmis:read
12634546-9f71-4ac2-bdae-82800c8aa680;/Sites/archivio-commerciale/documentLibrary/MIGRAZIONE/2023/5614001-5615000/5614732_2023;GROUP_site_archivio-commerciale_SiteManager;cmis:all
12634546-9f71-4ac2-bdae-82800c8aa680;/Sites/archivio-commerciale/documentLibrary/MIGRAZIONE/2023/5614001-5615000/5614732_2023;GROUP_site_archivio-commerciale_SiteManager;cmis:read
12634546-9f71-4ac2-bdae-82800c8aa680;/Sites/archivio-commerciale/documentLibrary/MIGRAZIONE/2023/5614001-5615000/5614732_2023;GROUP_site_archivio-commerciale_SiteManager;cmis:write
12634546-9f71-4ac2-bdae-82800c8aa680;/Sites/archivio-commerciale/documentLibrary/MIGRAZIONE/2023/5614001-5615000/5614732_2023;GROUP_site_archivio-commerciale_SiteContributor;cmis:read
12634546-9f71-4ac2-bdae-82800c8aa680;/Sites/archivio-commerciale/documentLibrary/MIGRAZIONE/2023/5614001-5615000/5614732_2023;GROUP_site_archivio-commerciale_SiteCollaborator;cmis:read
12634546-9f71-4ac2-bdae-82800c8aa680;/Sites/archivio-commerciale/documentLibrary/MIGRAZIONE/2023/5614001-5615000/5614732_2023;GROUP_site_archivio-commerciale_SiteCollaborator;cmis:write
0e2aa844-0ddf-4414-acc2-7aea2c9ca0c8;/Sites/archivio-commerciale/documentLibrary/MIGRAZIONE/2023/5614001-5615000/5614845_2023;GROUP_EVERYONE;cmis:read
0e2aa844-0ddf-4414-acc2-7aea2c9ca0c8;/Sites/archivio-commerciale/documentLibrary/MIGRAZIONE/2023/5614001-5615000/5614845_2023;GROUP_site_archivio-commerciale_SiteConsumer;cmis:read
0e2aa844-0ddf-4414-acc2-7aea2c9ca0c8;/Sites/archivio-commerciale/documentLibrary/MIGRAZIONE/2023/5614001-5615000/5614845_2023;GROUP_site_archivio-commerciale_SiteManager;cmis:all
0e2aa844-0ddf-4414-acc2-7aea2c9ca0c8;/Sites/archivio-commerciale/documentLibrary/MIGRAZIONE/2023/5614001-5615000/5614845_2023;GROUP_site_archivio-commerciale_SiteManager;cmis:read
0e2aa844-0ddf-4414-acc2-7aea2c9ca0c8;/Sites/archivio-commerciale/documentLibrary/MIGRAZIONE/2023/5614001-5615000/5614845_2023;GROUP_site_archivio-commerciale_SiteManager;cmis:write
0e2aa844-0ddf-4414-acc2-7aea2c9ca0c8;/Sites/archivio-commerciale/documentLibrary/MIGRAZIONE/2023/5614001-5615000/5614845_2023;GROUP_site_archivio-commerciale_SiteContributor;cmis:read
0e2aa844-0ddf-4414-acc2-7aea2c9ca0c8;/Sites/archivio-commerciale/documentLibrary/MIGRAZIONE/2023/5614001-5615000/5614845_2023;GROUP_site_archivio-commerciale_SiteCollaborator;cmis:read
0e2aa844-0ddf-4414-acc2-7aea2c9ca0c8;/Sites/archivio-commerciale/documentLibrary/MIGRAZIONE/2023/5614001-5615000/5614845_2023;GROUP_site_archivio-commerciale_SiteCollaborator;cmis:write
1d6e03c0-57bc-4202-9bc6-974d6b2fb034;/Sites/archivio-commerciale/documentLibrary/MIGRAZIONE/2023/5614001-5615000/5614117_2023;GROUP_EVERYONE;cmis:read
1d6e03c0-57bc-4202-9bc6-974d6b2fb034;/Sites/archivio-commerciale/documentLibrary/MIGRAZIONE/2023/5614001-5615000/5614117_2023;GROUP_site_archivio-commerciale_SiteConsumer;cmis:read
1d6e03c0-57bc-4202-9bc6-974d6b2fb034;/Sites/archivio-commerciale/documentLibrary/MIGRAZIONE/2023/5614001-5615000/5614117_2023;GROUP_site_archivio-commerciale_SiteManager;cmis:all
1d6e03c0-57bc-4202-9bc6-974d6b2fb034;/Sites/archivio-commerciale/documentLibrary/MIGRAZIONE/2023/5614001-5615000/5614117_2023;GROUP_site_archivio-commerciale_SiteManager;cmis:read
1d6e03c0-57bc-4202-9bc6-974d6b2fb034;/Sites/archivio-commerciale/documentLibrary/MIGRAZIONE/2023/5614001-5615000/5614117_2023;GROUP_site_archivio-commerciale_SiteManager;cmis:write
1d6e03c0-57bc-4202-9bc6-974d6b2fb034;/Sites/archivio-commerciale/documentLibrary/MIGRAZIONE/2023/5614001-5615000/5614117_2023;GROUP_site_archivio-commerciale_SiteContributor;cmis:read
1d6e03c0-57bc-4202-9bc6-974d6b2fb034;/Sites/archivio-commerciale/documentLibrary/MIGRAZIONE/2023/5614001-5615000/5614117_2023;GROUP_site_archivio-commerciale_SiteCollaborator;cmis:read
1d6e03c0-57bc-4202-9bc6-974d6b2fb034;/Sites/archivio-commerciale/documentLibrary/MIGRAZIONE/2023/5614001-5615000/5614117_2023;GROUP_site_archivio-commerciale_SiteCollaborator;cmis:write
145794b5-61c6-4fd8-8c7a-0066486b94c4;/Sites/archivio-commerciale/documentLibrary/MIGRAZIONE/2023/5614001-5615000/5614541_2023;GROUP_EVERYONE;cmis:read
145794b5-61c6-4fd8-8c7a-0066486b94c4;/Sites/archivio-commerciale/documentLibrary/MIGRAZIONE/2023/5614001-5615000/5614541_2023;GROUP_site_archivio-commerciale_SiteConsumer;cmis:read
145794b5-61c6-4fd8-8c7a-0066486b94c4;/Sites/archivio-commerciale/documentLibrary/MIGRAZIONE/2023/5614001-5615000/5614541_2023;GROUP_site_archivio-commerciale_SiteManager;cmis:all
145794b5-61c6-4fd8-8c7a-0066486b94c4;/Sites/archivio-commerciale/documentLibrary/MIGRAZIONE/2023/5614001-5615000/5614541_2023;GROUP_site_archivio-commerciale_SiteManager;cmis:read
145794b5-61c6-4fd8-8c7a-0066486b94c4;/Sites/archivio-commerciale/documentLibrary/MIGRAZIONE/2023/5614001-5615000/5614541_2023;GROUP_site_archivio-commerciale_SiteManager;cmis:write
145794b5-61c6-4fd8-8c7a-0066486b94c4;/Sites/archivio-commerciale/documentLibrary/MIGRAZIONE/2023/5614001-5615000/5614541_2023;GROUP_site_archivio-commerciale_SiteContributor;cmis:read
145794b5-61c6-4fd8-8c7a-0066486b94c4;/Sites/archivio-commerciale/documentLibrary/MIGRAZIONE/2023/5614001-5615000/5614541_2023;GROUP_site_archivio-commerciale_SiteCollaborator;cmis:read
145794b5-61c6-4fd8-8c7a-0066486b94c4;/Sites/archivio-commerciale/documentLibrary/MIGRAZIONE/2023/5614001-5615000/5614541_2023;GROUP_site_archivio-commerciale_SiteCollaborator;cmis:write
e3a8cfe7-768e-4f08-9269-af08a368914d;/Sites/archivio-commerciale/documentLibrary/MIGRAZIONE/2023/5614001-5615000/5614016_2023;GROUP_EVERYONE;cmis:read
e3a8cfe7-768e-4f08-9269-af08a368914d;/Sites/archivio-commerciale/documentLibrary/MIGRAZIONE/2023/5614001-5615000/5614016_2023;GROUP_site_archivio-commerciale_SiteConsumer;cmis:read
e3a8cfe7-768e-4f08-9269-af08a368914d;/Sites/archivio-commerciale/documentLibrary/MIGRAZIONE/2023/5614001-5615000/5614016_2023;GROUP_site_archivio-commerciale_SiteManager;cmis:all
e3a8cfe7-768e-4f08-9269-af08a368914d;/Sites/archivio-commerciale/documentLibrary/MIGRAZIONE/2023/5614001-5615000/5614016_2023;GROUP_site_archivio-commerciale_SiteManager;cmis:read
e3a8cfe7-768e-4f08-9269-af08a368914d;/Sites/archivio-commerciale/documentLibrary/MIGRAZIONE/2023/5614001-5615000/5614016_2023;GROUP_site_archivio-commerciale_SiteManager;cmis:write
e3a8cfe7-768e-4f08-9269-af08a368914d;/Sites/archivio-commerciale/documentLibrary/MIGRAZIONE/2023/5614001-5615000/5614016_2023;GROUP_site_archivio-commerciale_SiteContributor;cmis:read
e3a8cfe7-768e-4f08-9269-af08a368914d;/Sites/archivio-commerciale/documentLibrary/MIGRAZIONE/2023/5614001-5615000/5614016_2023;GROUP_site_archivio-commerciale_SiteCollaborator;cmis:read
e3a8cfe7-768e-4f08-9269-af08a368914d;/Sites/archivio-commerciale/documentLibrary/MIGRAZIONE/2023/5614001-5615000/5614016_2023;GROUP_site_archivio-commerciale_SiteCollaborator;cmis:write
a1293dbd-e67e-449e-aa0e-45a06dc8192e;/Sites/archivio-commerciale/documentLibrary/MIGRAZIONE/2023/5614001-5615000/5614944_2023;GROUP_EVERYONE;cmis:read
a1293dbd-e67e-449e-aa0e-45a06dc8192e;/Sites/archivio-commerciale/documentLibrary/MIGRAZIONE/2023/5614001-5615000/5614944_2023;GROUP_site_archivio-commerciale_SiteConsumer;cmis:read
a1293dbd-e67e-449e-aa0e-45a06dc8192e;/Sites/archivio-commerciale/documentLibrary/MIGRAZIONE/2023/5614001-5615000/5614944_2023;GROUP_site_archivio-commerciale_SiteManager;cmis:all
a1293dbd-e67e-449e-aa0e-45a06dc8192e;/Sites/archivio-commerciale/documentLibrary/MIGRAZIONE/2023/5614001-5615000/5614944_2023;GROUP_site_archivio-commerciale_SiteManager;cmis:read
a1293dbd-e67e-449e-aa0e-45a06dc8192e;/Sites/archivio-commerciale/documentLibrary/MIGRAZIONE/2023/5614001-5615000/5614944_2023;GROUP_site_archivio-commerciale_SiteManager;cmis:write
a1293dbd-e67e-449e-aa0e-45a06dc8192e;/Sites/archivio-commerciale/documentLibrary/MIGRAZIONE/2023/5614001-5615000/5614944_2023;GROUP_site_archivio-commerciale_SiteContributor;cmis:read
a1293dbd-e67e-449e-aa0e-45a06dc8192e;/Sites/archivio-commerciale/documentLibrary/MIGRAZIONE/2023/5614001-5615000/5614944_2023;GROUP_site_archivio-commerciale_SiteCollaborator;cmis:read
a1293dbd-e67e-449e-aa0e-45a06dc8192e;/Sites/archivio-commerciale/documentLibrary/MIGRAZIONE/2023/5614001-5615000/5614944_2023;GROUP_site_archivio-commerciale_SiteCollaborator;cmis:write
3bac178f-7cc3-448b-827d-1d5144969469;/Sites/archivio-commerciale/documentLibrary/MIGRAZIONE/2023/5614001-5615000/5614633_2023;GROUP_EVERYONE;cmis:read
3bac178f-7cc3-448b-827d-1d5144969469;/Sites/archivio-commerciale/documentLibrary/MIGRAZIONE/2023/5614001-5615000/5614633_2023;GROUP_site_archivio-commerciale_SiteConsumer;cmis:read
3bac178f-7cc3-448b-827d-1d5144969469;/Sites/archivio-commerciale/documentLibrary/MIGRAZIONE/2023/5614001-5615000/5614633_2023;GROUP_site_archivio-commerciale_SiteManager;cmis:all
3bac178f-7cc3-448b-827d-1d5144969469;/Sites/archivio-commerciale/documentLibrary/MIGRAZIONE/2023/5614001-5615000/5614633_2023;GROUP_site_archivio-commerciale_SiteManager;cmis:read
3bac178f-7cc3-448b-827d-1d5144969469;/Sites/archivio-commerciale/documentLibrary/MIGRAZIONE/2023/5614001-5615000/5614633_2023;GROUP_site_archivio-commerciale_SiteManager;cmis:write
3bac178f-7cc3-448b-827d-1d5144969469;/Sites/archivio-commerciale/documentLibrary/MIGRAZIONE/2023/5614001-5615000/5614633_2023;GROUP_site_archivio-commerciale_SiteContributor;cmis:read
3bac178f-7cc3-448b-827d-1d5144969469;/Sites/archivio-commerciale/documentLibrary/MIGRAZIONE/2023/5614001-5615000/5614633_2023;GROUP_site_archivio-commerciale_SiteCollaborator;cmis:read
3bac178f-7cc3-448b-827d-1d5144969469;/Sites/archivio-commerciale/documentLibrary/MIGRAZIONE/2023/5614001-5615000/5614633_2023;GROUP_site_archivio-commerciale_SiteCollaborator;cmis:write
fec756bd-b207-4de7-8535-76d76fd51308;/Sites/archivio-commerciale/documentLibrary/MIGRAZIONE/2023/5614001-5615000/5614728_2023;GROUP_EVERYONE;cmis:read
fec756bd-b207-4de7-8535-76d76fd51308;/Sites/archivio-commerciale/documentLibrary/MIGRAZIONE/2023/5614001-5615000/5614728_2023;GROUP_site_archivio-commerciale_SiteConsumer;cmis:read
fec756bd-b207-4de7-8535-76d76fd51308;/Sites/archivio-commerciale/documentLibrary/MIGRAZIONE/2023/5614001-5615000/5614728_2023;GROUP_site_archivio-commerciale_SiteManager;cmis:all
fec756bd-b207-4de7-8535-76d76fd51308;/Sites/archivio-commerciale/documentLibrary/MIGRAZIONE/2023/5614001-5615000/5614728_2023;GROUP_site_archivio-commerciale_SiteManager;cmis:read
fec756bd-b207-4de7-8535-76d76fd51308;/Sites/archivio-commerciale/documentLibrary/MIGRAZIONE/2023/5614001-5615000/5614728_2023;GROUP_site_archivio-commerciale_SiteManager;cmis:write
fec756bd-b207-4de7-8535-76d76fd51308;/Sites/archivio-commerciale/documentLibrary/MIGRAZIONE/2023/5614001-5615000/5614728_2023;GROUP_site_archivio-commerciale_SiteContributor;cmis:read
fec756bd-b207-4de7-8535-76d76fd51308;/Sites/archivio-commerciale/documentLibrary/MIGRAZIONE/2023/5614001-5615000/5614728_2023;GROUP_site_archivio-commerciale_SiteCollaborator;cmis:read
fec756bd-b207-4de7-8535-76d76fd51308;/Sites/archivio-commerciale/documentLibrary/MIGRAZIONE/2023/5614001-5615000/5614728_2023;GROUP_site_archivio-commerciale_SiteCollaborator;cmis:write
dbc9a752-9212-4a9c-be9d-1d0075e41fbb;/Sites/archivio-commerciale/documentLibrary/MIGRAZIONE/2023/5614001-5615000/5614265_2023;GROUP_EVERYONE;cmis:read
dbc9a752-9212-4a9c-be9d-1d0075e41fbb;/Sites/archivio-commerciale/documentLibrary/MIGRAZIONE/2023/5614001-5615000/5614265_2023;GROUP_site_archivio-commerciale_SiteConsumer;cmis:read
dbc9a752-9212-4a9c-be9d-1d0075e41fbb;/Sites/archivio-commerciale/documentLibrary/MIGRAZIONE/2023/5614001-5615000/5614265_2023;GROUP_site_archivio-commerciale_SiteManager;cmis:all
dbc9a752-9212-4a9c-be9d-1d0075e41fbb;/Sites/archivio-commerciale/documentLibrary/MIGRAZIONE/2023/5614001-5615000/5614265_2023;GROUP_site_archivio-commerciale_SiteManager;cmis:read
dbc9a752-9212-4a9c-be9d-1d0075e41fbb;/Sites/archivio-commerciale/documentLibrary/MIGRAZIONE/2023/5614001-5615000/5614265_2023;GROUP_site_archivio-commerciale_SiteManager;cmis:write
dbc9a752-9212-4a9c-be9d-1d0075e41fbb;/Sites/archivio-commerciale/documentLibrary/MIGRAZIONE/2023/5614001-5615000/5614265_2023;GROUP_site_archivio-commerciale_SiteContributor;cmis:read
dbc9a752-9212-4a9c-be9d-1d0075e41fbb;/Sites/archivio-commerciale/documentLibrary/MIGRAZIONE/2023/5614001-5615000/5614265_2023;GROUP_site_archivio-commerciale_SiteCollaborator;cmis:read
dbc9a752-9212-4a9c-be9d-1d0075e41fbb;/Sites/archivio-commerciale/documentLibrary/MIGRAZIONE/2023/5614001-5615000/5614265_2023;GROUP_site_archivio-commerciale_SiteCollaborator;cmis:write
007b24d7-ccc3-45fc-bde5-ad6d59a2bb36;/Sites/archivio-commerciale/documentLibrary/MIGRAZIONE/2023/5614001-5615000/5614280_2023;GROUP_EVERYONE;cmis:read
007b24d7-ccc3-45fc-bde5-ad6d59a2bb36;/Sites/archivio-commerciale/documentLibrary/MIGRAZIONE/2023/5614001-5615000/5614280_2023;GROUP_site_archivio-commerciale_SiteConsumer;cmis:read
007b24d7-ccc3-45fc-bde5-ad6d59a2bb36;/Sites/archivio-commerciale/documentLibrary/MIGRAZIONE/2023/5614001-5615000/5614280_2023;GROUP_site_archivio-commerciale_SiteManager;cmis:all
007b24d7-ccc3-45fc-bde5-ad6d59a2bb36;/Sites/archivio-commerciale/documentLibrary/MIGRAZIONE/2023/5614001-5615000/5614280_2023;GROUP_site_archivio-commerciale_SiteManager;cmis:read
007b24d7-ccc3-45fc-bde5-ad6d59a2bb36;/Sites/archivio-commerciale/documentLibrary/MIGRAZIONE/2023/5614001-5615000/5614280_2023;GROUP_site_archivio-commerciale_SiteManager;cmis:write
007b24d7-ccc3-45fc-bde5-ad6d59a2bb36;/Sites/archivio-commerciale/documentLibrary/MIGRAZIONE/2023/5614001-5615000/5614280_2023;GROUP_site_archivio-commerciale_SiteContributor;cmis:read
007b24d7-ccc3-45fc-bde5-ad6d59a2bb36;/Sites/archivio-commerciale/documentLibrary/MIGRAZIONE/2023/5614001-5615000/5614280_2023;GROUP_site_archivio-commerciale_SiteCollaborator;cmis:read
007b24d7-ccc3-45fc-bde5-ad6d59a2bb36;/Sites/archivio-commerciale/documentLibrary/MIGRAZIONE/2023/5614001-5615000/5614280_2023;GROUP_site_archivio-commerciale_SiteCollaborator;cmis:write
f08690ad-2887-4566-bfa5-d657bdc7cf0e;/Sites/archivio-commerciale/documentLibrary/MIGRAZIONE/2023/5614001-5615000/5614911_2023;GROUP_EVERYONE;cmis:read
f08690ad-2887-4566-bfa5-d657bdc7cf0e;/Sites/archivio-commerciale/documentLibrary/MIGRAZIONE/2023/5614001-5615000/5614911_2023;GROUP_site_archivio-commerciale_SiteConsumer;cmis:read
f08690ad-2887-4566-bfa5-d657bdc7cf0e;/Sites/archivio-commerciale/documentLibrary/MIGRAZIONE/2023/5614001-5615000/5614911_2023;GROUP_site_archivio-commerciale_SiteManager;cmis:all
f08690ad-2887-4566-bfa5-d657bdc7cf0e;/Sites/archivio-commerciale/documentLibrary/MIGRAZIONE/2023/5614001-5615000/5614911_2023;GROUP_site_archivio-commerciale_SiteManager;cmis:read
f08690ad-2887-4566-bfa5-d657bdc7cf0e;/Sites/archivio-commerciale/documentLibrary/MIGRAZIONE/2023/5614001-5615000/5614911_2023;GROUP_site_archivio-commerciale_SiteManager;cmis:write
f08690ad-2887-4566-bfa5-d657bdc7cf0e;/Sites/archivio-commerciale/documentLibrary/MIGRAZIONE/2023/5614001-5615000/5614911_2023;GROUP_site_archivio-commerciale_SiteContributor;cmis:read
f08690ad-2887-4566-bfa5-d657bdc7cf0e;/Sites/archivio-commerciale/documentLibrary/MIGRAZIONE/2023/5614001-5615000/5614911_2023;GROUP_site_archivio-commerciale_SiteCollaborator;cmis:read
f08690ad-2887-4566-bfa5-d657bdc7cf0e;/Sites/archivio-commerciale/documentLibrary/MIGRAZIONE/2023/5614001-5615000/5614911_2023;GROUP_site_archivio-commerciale_SiteCollaborator;cmis:write
8343dc40-45e9-4356-b0b8-de076e076854;/Sites/archivio-commerciale/documentLibrary/MIGRAZIONE/2023/5614001-5615000/5614043_2023;GROUP_EVERYONE;cmis:read
8343dc40-45e9-4356-b0b8-de076e076854;/Sites/archivio-commerciale/documentLibrary/MIGRAZIONE/2023/5614001-5615000/5614043_2023;GROUP_site_archivio-commerciale_SiteConsumer;cmis:read
8343dc40-45e9-4356-b0b8-de076e076854;/Sites/archivio-commerciale/documentLibrary/MIGRAZIONE/2023/5614001-5615000/5614043_2023;GROUP_site_archivio-commerciale_SiteManager;cmis:all
8343dc40-45e9-4356-b0b8-de076e076854;/Sites/archivio-commerciale/documentLibrary/MIGRAZIONE/2023/5614001-5615000/5614043_2023;GROUP_site_archivio-commerciale_SiteManager;cmis:read
8343dc40-45e9-4356-b0b8-de076e076854;/Sites/archivio-commerciale/documentLibrary/MIGRAZIONE/2023/5614001-5615000/5614043_2023;GROUP_site_archivio-commerciale_SiteManager;cmis:write
8343dc40-45e9-4356-b0b8-de076e076854;/Sites/archivio-commerciale/documentLibrary/MIGRAZIONE/2023/5614001-5615000/5614043_2023;GROUP_site_archivio-commerciale_SiteContributor;cmis:read
8343dc40-45e9-4356-b0b8-de076e076854;/Sites/archivio-commerciale/documentLibrary/MIGRAZIONE/2023/5614001-5615000/5614043_2023;GROUP_site_archivio-commerciale_SiteCollaborator;cmis:read
8343dc40-45e9-4356-b0b8-de076e076854;/Sites/archivio-commerciale/documentLibrary/MIGRAZIONE/2023/5614001-5615000/5614043_2023;GROUP_site_archivio-commerciale_SiteCollaborator;cmis:write
ad30ca21-eb45-4220-8073-d62c8e95df7d;/Sites/archivio-commerciale/documentLibrary/MIGRAZIONE/2023/5614001-5615000/5614158_2023;GROUP_EVERYONE;cmis:read
ad30ca21-eb45-4220-8073-d62c8e95df7d;/Sites/archivio-commerciale/documentLibrary/MIGRAZIONE/2023/5614001-5615000/5614158_2023;GROUP_site_archivio-commerciale_SiteConsumer;cmis:read
ad30ca21-eb45-4220-8073-d62c8e95df7d;/Sites/archivio-commerciale/documentLibrary/MIGRAZIONE/2023/5614001-5615000/5614158_2023;GROUP_site_archivio-commerciale_SiteManager;cmis:all
ad30ca21-eb45-4220-8073-d62c8e95df7d;/Sites/archivio-commerciale/documentLibrary/MIGRAZIONE/2023/5614001-5615000/5614158_2023;GROUP_site_archivio-commerciale_SiteManager;cmis:read
ad30ca21-eb45-4220-8073-d62c8e95df7d;/Sites/archivio-commerciale/documentLibrary/MIGRAZIONE/2023/5614001-5615000/5614158_2023;GROUP_site_archivio-commerciale_SiteManager;cmis:write
ad30ca21-eb45-4220-8073-d62c8e95df7d;/Sites/archivio-commerciale/documentLibrary/MIGRAZIONE/2023/5614001-5615000/5614158_2023;GROUP_site_archivio-commerciale_SiteContributor;cmis:read
ad30ca21-eb45-4220-8073-d62c8e95df7d;/Sites/archivio-commerciale/documentLibrary/MIGRAZIONE/2023/5614001-5615000/5614158_2023;GROUP_site_archivio-commerciale_SiteCollaborator;cmis:read
ad30ca21-eb45-4220-8073-d62c8e95df7d;/Sites/archivio-commerciale/documentLibrary/MIGRAZIONE/2023/5614001-5615000/5614158_2023;GROUP_site_archivio-commerciale_SiteCollaborator;cmis:write
81d9fca3-dc50-4411-992e-ea0ed96d2954;/Sites/archivio-commerciale/documentLibrary/MIGRAZIONE/2023/5614001-5615000/5614415_2023;GROUP_EVERYONE;cmis:read
81d9fca3-dc50-4411-992e-ea0ed96d2954;/Sites/archivio-commerciale/documentLibrary/MIGRAZIONE/2023/5614001-5615000/5614415_2023;GROUP_site_archivio-commerciale_SiteConsumer;cmis:read
81d9fca3-dc50-4411-992e-ea0ed96d2954;/Sites/archivio-commerciale/documentLibrary/MIGRAZIONE/2023/5614001-5615000/5614415_2023;GROUP_site_archivio-commerciale_SiteManager;cmis:all
81d9fca3-dc50-4411-992e-ea0ed96d2954;/Sites/archivio-commerciale/documentLibrary/MIGRAZIONE/2023/5614001-5615000/5614415_2023;GROUP_site_archivio-commerciale_SiteManager;cmis:read
81d9fca3-dc50-4411-992e-ea0ed96d2954;/Sites/archivio-commerciale/documentLibrary/MIGRAZIONE/2023/5614001-5615000/5614415_2023;GROUP_site_archivio-commerciale_SiteManager;cmis:write
81d9fca3-dc50-4411-992e-ea0ed96d2954;/Sites/archivio-commerciale/documentLibrary/MIGRAZIONE/2023/5614001-5615000/5614415_2023;GROUP_site_archivio-commerciale_SiteContributor;cmis:read
81d9fca3-dc50-4411-992e-ea0ed96d2954;/Sites/archivio-commerciale/documentLibrary/MIGRAZIONE/2023/5614001-5615000/5614415_2023;GROUP_site_archivio-commerciale_SiteCollaborator;cmis:read
81d9fca3-dc50-4411-992e-ea0ed96d2954;/Sites/archivio-commerciale/documentLibrary/MIGRAZIONE/2023/5614001-5615000/5614415_2023;GROUP_site_archivio-commerciale_SiteCollaborator;cmis:write
a35acd26-f787-41f2-be87-1b53f4d13d82;/Sites/archivio-commerciale/documentLibrary/MIGRAZIONE/2023/5614001-5615000/5614683_2023;GROUP_EVERYONE;cmis:read
a35acd26-f787-41f2-be87-1b53f4d13d82;/Sites/archivio-commerciale/documentLibrary/MIGRAZIONE/2023/5614001-5615000/5614683_2023;GROUP_site_archivio-commerciale_SiteConsumer;cmis:read
a35acd26-f787-41f2-be87-1b53f4d13d82;/Sites/archivio-commerciale/documentLibrary/MIGRAZIONE/2023/5614001-5615000/5614683_2023;GROUP_site_archivio-commerciale_SiteManager;cmis:all
a35acd26-f787-41f2-be87-1b53f4d13d82;/Sites/archivio-commerciale/documentLibrary/MIGRAZIONE/2023/5614001-5615000/5614683_2023;GROUP_site_archivio-commerciale_SiteManager;cmis:read
a35acd26-f787-41f2-be87-1b53f4d13d82;/Sites/archivio-commerciale/documentLibrary/MIGRAZIONE/2023/5614001-5615000/5614683_2023;GROUP_site_archivio-commerciale_SiteManager;cmis:write
a35acd26-f787-41f2-be87-1b53f4d13d82;/Sites/archivio-commerciale/documentLibrary/MIGRAZIONE/2023/5614001-5615000/5614683_2023;GROUP_site_archivio-commerciale_SiteContributor;cmis:read
a35acd26-f787-41f2-be87-1b53f4d13d82;/Sites/archivio-commerciale/documentLibrary/MIGRAZIONE/2023/5614001-5615000/5614683_2023;GROUP_site_archivio-commerciale_SiteCollaborator;cmis:read
a35acd26-f787-41f2-be87-1b53f4d13d82;/Sites/archivio-commerciale/documentLibrary/MIGRAZIONE/2023/5614001-5615000/5614683_2023;GROUP_site_archivio-commerciale_SiteCollaborator;cmis:write
fc7fcc07-3a88-480a-a66e-c4419222553f;/Sites/archivio-commerciale/documentLibrary/MIGRAZIONE/2023/5614001-5615000/5614798_2023;GROUP_EVERYONE;cmis:read
fc7fcc07-3a88-480a-a66e-c4419222553f;/Sites/archivio-commerciale/documentLibrary/MIGRAZIONE/2023/5614001-5615000/5614798_2023;GROUP_site_archivio-commerciale_SiteConsumer;cmis:read
fc7fcc07-3a88-480a-a66e-c4419222553f;/Sites/archivio-commerciale/documentLibrary/MIGRAZIONE/2023/5614001-5615000/5614798_2023;GROUP_site_archivio-commerciale_SiteManager;cmis:all
fc7fcc07-3a88-480a-a66e-c4419222553f;/Sites/archivio-commerciale/documentLibrary/MIGRAZIONE/2023/5614001-5615000/5614798_2023;GROUP_site_archivio-commerciale_SiteManager;cmis:read
fc7fcc07-3a88-480a-a66e-c4419222553f;/Sites/archivio-commerciale/documentLibrary/MIGRAZIONE/2023/5614001-5615000/5614798_2023;GROUP_site_archivio-commerciale_SiteManager;cmis:write
fc7fcc07-3a88-480a-a66e-c4419222553f;/Sites/archivio-commerciale/documentLibrary/MIGRAZIONE/2023/5614001-5615000/5614798_2023;GROUP_site_archivio-commerciale_SiteContributor;cmis:read
fc7fcc07-3a88-480a-a66e-c4419222553f;/Sites/archivio-commerciale/documentLibrary/MIGRAZIONE/2023/5614001-5615000/5614798_2023;GROUP_site_archivio-commerciale_SiteCollaborator;cmis:read
fc7fcc07-3a88-480a-a66e-c4419222553f;/Sites/archivio-commerciale/documentLibrary/MIGRAZIONE/2023/5614001-5615000/5614798_2023;GROUP_site_archivio-commerciale_SiteCollaborator;cmis:write
5f298082-d1e8-47bb-a81c-c1db5509332a;/Sites/archivio-commerciale/documentLibrary/MIGRAZIONE/2023/5614001-5615000/5614230_2023;GROUP_EVERYONE;cmis:read
5f298082-d1e8-47bb-a81c-c1db5509332a;/Sites/archivio-commerciale/documentLibrary/MIGRAZIONE/2023/5614001-5615000/5614230_2023;GROUP_site_archivio-commerciale_SiteConsumer;cmis:read
5f298082-d1e8-47bb-a81c-c1db5509332a;/Sites/archivio-commerciale/documentLibrary/MIGRAZIONE/2023/5614001-5615000/5614230_2023;GROUP_site_archivio-commerciale_SiteManager;cmis:all
5f298082-d1e8-47bb-a81c-c1db5509332a;/Sites/archivio-commerciale/documentLibrary/MIGRAZIONE/2023/5614001-5615000/5614230_2023;GROUP_site_archivio-commerciale_SiteManager;cmis:read
5f298082-d1e8-47bb-a81c-c1db5509332a;/Sites/archivio-commerciale/documentLibrary/MIGRAZIONE/2023/5614001-5615000/5614230_2023;GROUP_site_archivio-commerciale_SiteManager;cmis:write
5f298082-d1e8-47bb-a81c-c1db5509332a;/Sites/archivio-commerciale/documentLibrary/MIGRAZIONE/2023/5614001-5615000/5614230_2023;GROUP_site_archivio-commerciale_SiteContributor;cmis:read
5f298082-d1e8-47bb-a81c-c1db5509332a;/Sites/archivio-commerciale/documentLibrary/MIGRAZIONE/2023/5614001-5615000/5614230_2023;GROUP_site_archivio-commerciale_SiteCollaborator;cmis:read
5f298082-d1e8-47bb-a81c-c1db5509332a;/Sites/archivio-commerciale/documentLibrary/MIGRAZIONE/2023/5614001-5615000/5614230_2023;GROUP_site_archivio-commerciale_SiteCollaborator;cmis:write
16ef7271-7805-441e-9053-22e8d8c72726;/Sites/archivio-commerciale/documentLibrary/MIGRAZIONE/2023/5614001-5615000/5614666_2023;GROUP_EVERYONE;cmis:read
16ef7271-7805-441e-9053-22e8d8c72726;/Sites/archivio-commerciale/documentLibrary/MIGRAZIONE/2023/5614001-5615000/5614666_2023;GROUP_site_archivio-commerciale_SiteConsumer;cmis:read
16ef7271-7805-441e-9053-22e8d8c72726;/Sites/archivio-commerciale/documentLibrary/MIGRAZIONE/2023/5614001-5615000/5614666_2023;GROUP_site_archivio-commerciale_SiteManager;cmis:all
16ef7271-7805-441e-9053-22e8d8c72726;/Sites/archivio-commerciale/documentLibrary/MIGRAZIONE/2023/5614001-5615000/5614666_2023;GROUP_site_archivio-commerciale_SiteManager;cmis:read
16ef7271-7805-441e-9053-22e8d8c72726;/Sites/archivio-commerciale/documentLibrary/MIGRAZIONE/2023/5614001-5615000/5614666_2023;GROUP_site_archivio-commerciale_SiteManager;cmis:write
16ef7271-7805-441e-9053-22e8d8c72726;/Sites/archivio-commerciale/documentLibrary/MIGRAZIONE/2023/5614001-5615000/5614666_2023;GROUP_site_archivio-commerciale_SiteContributor;cmis:read
16ef7271-7805-441e-9053-22e8d8c72726;/Sites/archivio-commerciale/documentLibrary/MIGRAZIONE/2023/5614001-5615000/5614666_2023;GROUP_site_archivio-commerciale_SiteCollaborator;cmis:read
16ef7271-7805-441e-9053-22e8d8c72726;/Sites/archivio-commerciale/documentLibrary/MIGRAZIONE/2023/5614001-5615000/5614666_2023;GROUP_site_archivio-commerciale_SiteCollaborator;cmis:write
82b5289c-bb20-44ec-a669-2568ac984fea;/Sites/archivio-commerciale/documentLibrary/MIGRAZIONE/2023/5614001-5615000/5614634_2023;GROUP_EVERYONE;cmis:read
82b5289c-bb20-44ec-a669-2568ac984fea;/Sites/archivio-commerciale/documentLibrary/MIGRAZIONE/2023/5614001-5615000/5614634_2023;GROUP_site_archivio-commerciale_SiteConsumer;cmis:read
82b5289c-bb20-44ec-a669-2568ac984fea;/Sites/archivio-commerciale/documentLibrary/MIGRAZIONE/2023/5614001-5615000/5614634_2023;GROUP_site_archivio-commerciale_SiteManager;cmis:all
82b5289c-bb20-44ec-a669-2568ac984fea;/Sites/archivio-commerciale/documentLibrary/MIGRAZIONE/2023/5614001-5615000/5614634_2023;GROUP_site_archivio-commerciale_SiteManager;cmis:read
82b5289c-bb20-44ec-a669-2568ac984fea;/Sites/archivio-commerciale/documentLibrary/MIGRAZIONE/2023/5614001-5615000/5614634_2023;GROUP_site_archivio-commerciale_SiteManager;cmis:write
82b5289c-bb20-44ec-a669-2568ac984fea;/Sites/archivio-commerciale/documentLibrary/MIGRAZIONE/2023/5614001-5615000/5614634_2023;GROUP_site_archivio-commerciale_SiteContributor;cmis:read
82b5289c-bb20-44ec-a669-2568ac984fea;/Sites/archivio-commerciale/documentLibrary/MIGRAZIONE/2023/5614001-5615000/5614634_2023;GROUP_site_archivio-commerciale_SiteCollaborator;cmis:read
82b5289c-bb20-44ec-a669-2568ac984fea;/Sites/archivio-commerciale/documentLibrary/MIGRAZIONE/2023/5614001-5615000/5614634_2023;GROUP_site_archivio-commerciale_SiteCollaborator;cmis:write
9e06c4f0-b828-45c2-97d3-1af6bdb6a658;/Sites/archivio-commerciale/documentLibrary/MIGRAZIONE/2023/5614001-5615000/5614262_2023;GROUP_EVERYONE;cmis:read
9e06c4f0-b828-45c2-97d3-1af6bdb6a658;/Sites/archivio-commerciale/documentLibrary/MIGRAZIONE/2023/5614001-5615000/5614262_2023;GROUP_site_archivio-commerciale_SiteConsumer;cmis:read
9e06c4f0-b828-45c2-97d3-1af6bdb6a658;/Sites/archivio-commerciale/documentLibrary/MIGRAZIONE/2023/5614001-5615000/5614262_2023;GROUP_site_archivio-commerciale_SiteManager;cmis:all
9e06c4f0-b828-45c2-97d3-1af6bdb6a658;/Sites/archivio-commerciale/documentLibrary/MIGRAZIONE/2023/5614001-5615000/5614262_2023;GROUP_site_archivio-commerciale_SiteManager;cmis:read
9e06c4f0-b828-45c2-97d3-1af6bdb6a658;/Sites/archivio-commerciale/documentLibrary/MIGRAZIONE/2023/5614001-5615000/5614262_2023;GROUP_site_archivio-commerciale_SiteManager;cmis:write
9e06c4f0-b828-45c2-97d3-1af6bdb6a658;/Sites/archivio-commerciale/documentLibrary/MIGRAZIONE/2023/5614001-5615000/5614262_2023;GROUP_site_archivio-commerciale_SiteContributor;cmis:read
9e06c4f0-b828-45c2-97d3-1af6bdb6a658;/Sites/archivio-commerciale/documentLibrary/MIGRAZIONE/2023/5614001-5615000/5614262_2023;GROUP_site_archivio-commerciale_SiteCollaborator;cmis:read
9e06c4f0-b828-45c2-97d3-1af6bdb6a658;/Sites/archivio-commerciale/documentLibrary/MIGRAZIONE/2023/5614001-5615000/5614262_2023;GROUP_site_archivio-commerciale_SiteCollaborator;cmis:write
c33996ae-9447-45e2-8376-5839921e428e;/Sites/archivio-commerciale/documentLibrary/MIGRAZIONE/2023/5614001-5615000/5614379_2023;GROUP_EVERYONE;cmis:read
c33996ae-9447-45e2-8376-5839921e428e;/Sites/archivio-commerciale/documentLibrary/MIGRAZIONE/2023/5614001-5615000/5614379_2023;GROUP_site_archivio-commerciale_SiteConsumer;cmis:read
c33996ae-9447-45e2-8376-5839921e428e;/Sites/archivio-commerciale/documentLibrary/MIGRAZIONE/2023/5614001-5615000/5614379_2023;GROUP_site_archivio-commerciale_SiteManager;cmis:all
c33996ae-9447-45e2-8376-5839921e428e;/Sites/archivio-commerciale/documentLibrary/MIGRAZIONE/2023/5614001-5615000/5614379_2023;GROUP_site_archivio-commerciale_SiteManager;cmis:read
c33996ae-9447-45e2-8376-5839921e428e;/Sites/archivio-commerciale/documentLibrary/MIGRAZIONE/2023/5614001-5615000/5614379_2023;GROUP_site_archivio-commerciale_SiteManager;cmis:write
c33996ae-9447-45e2-8376-5839921e428e;/Sites/archivio-commerciale/documentLibrary/MIGRAZIONE/2023/5614001-5615000/5614379_2023;GROUP_site_archivio-commerciale_SiteContributor;cmis:read
c33996ae-9447-45e2-8376-5839921e428e;/Sites/archivio-commerciale/documentLibrary/MIGRAZIONE/2023/5614001-5615000/5614379_2023;GROUP_site_archivio-commerciale_SiteCollaborator;cmis:read
c33996ae-9447-45e2-8376-5839921e428e;/Sites/archivio-commerciale/documentLibrary/MIGRAZIONE/2023/5614001-5615000/5614379_2023;GROUP_site_archivio-commerciale_SiteCollaborator;cmis:write
318ca957-a083-47bd-84c7-b99e65e96df6;/Sites/archivio-commerciale/documentLibrary/MIGRAZIONE/2023/5614001-5615000/5614287_2023;GROUP_EVERYONE;cmis:read
318ca957-a083-47bd-84c7-b99e65e96df6;/Sites/archivio-commerciale/documentLibrary/MIGRAZIONE/2023/5614001-5615000/5614287_2023;GROUP_site_archivio-commerciale_SiteConsumer;cmis:read
318ca957-a083-47bd-84c7-b99e65e96df6;/Sites/archivio-commerciale/documentLibrary/MIGRAZIONE/2023/5614001-5615000/5614287_2023;GROUP_site_archivio-commerciale_SiteManager;cmis:all
318ca957-a083-47bd-84c7-b99e65e96df6;/Sites/archivio-commerciale/documentLibrary/MIGRAZIONE/2023/5614001-5615000/5614287_2023;GROUP_site_archivio-commerciale_SiteManager;cmis:read
318ca957-a083-47bd-84c7-b99e65e96df6;/Sites/archivio-commerciale/documentLibrary/MIGRAZIONE/2023/5614001-5615000/5614287_2023;GROUP_site_archivio-commerciale_SiteManager;cmis:write
318ca957-a083-47bd-84c7-b99e65e96df6;/Sites/archivio-commerciale/documentLibrary/MIGRAZIONE/2023/5614001-5615000/5614287_2023;GROUP_site_archivio-commerciale_SiteContributor;cmis:read
318ca957-a083-47bd-84c7-b99e65e96df6;/Sites/archivio-commerciale/documentLibrary/MIGRAZIONE/2023/5614001-5615000/5614287_2023;GROUP_site_archivio-commerciale_SiteCollaborator;cmis:read
318ca957-a083-47bd-84c7-b99e65e96df6;/Sites/archivio-commerciale/documentLibrary/MIGRAZIONE/2023/5614001-5615000/5614287_2023;GROUP_site_archivio-commerciale_SiteCollaborator;cmis:write
587c7f97-a97e-4e8c-85e7-dc227b2943f4;/Sites/archivio-commerciale/documentLibrary/MIGRAZIONE/2023/5614001-5615000/5614447_2023;GROUP_EVERYONE;cmis:read
587c7f97-a97e-4e8c-85e7-dc227b2943f4;/Sites/archivio-commerciale/documentLibrary/MIGRAZIONE/2023/5614001-5615000/5614447_2023;GROUP_site_archivio-commerciale_SiteConsumer;cmis:read
587c7f97-a97e-4e8c-85e7-dc227b2943f4;/Sites/archivio-commerciale/documentLibrary/MIGRAZIONE/2023/5614001-5615000/5614447_2023;GROUP_site_archivio-commerciale_SiteManager;cmis:all
587c7f97-a97e-4e8c-85e7-dc227b2943f4;/Sites/archivio-commerciale/documentLibrary/MIGRAZIONE/2023/5614001-5615000/5614447_2023;GROUP_site_archivio-commerciale_SiteManager;cmis:read
587c7f97-a97e-4e8c-85e7-dc227b2943f4;/Sites/archivio-commerciale/documentLibrary/MIGRAZIONE/2023/5614001-5615000/5614447_2023;GROUP_site_archivio-commerciale_SiteManager;cmis:write
587c7f97-a97e-4e8c-85e7-dc227b2943f4;/Sites/archivio-commerciale/documentLibrary/MIGRAZIONE/2023/5614001-5615000/5614447_2023;GROUP_site_archivio-commerciale_SiteContributor;cmis:read
587c7f97-a97e-4e8c-85e7-dc227b2943f4;/Sites/archivio-commerciale/documentLibrary/MIGRAZIONE/2023/5614001-5615000/5614447_2023;GROUP_site_archivio-commerciale_SiteCollaborator;cmis:read
587c7f97-a97e-4e8c-85e7-dc227b2943f4;/Sites/archivio-commerciale/documentLibrary/MIGRAZIONE/2023/5614001-5615000/5614447_2023;GROUP_site_archivio-commerciale_SiteCollaborator;cmis:write
d0f17b35-d528-4697-8989-bf769c4bb6d3;/Sites/archivio-commerciale/documentLibrary/MIGRAZIONE/2023/5614001-5615000/5614011_2023;GROUP_EVERYONE;cmis:read
d0f17b35-d528-4697-8989-bf769c4bb6d3;/Sites/archivio-commerciale/documentLibrary/MIGRAZIONE/2023/5614001-5615000/5614011_2023;GROUP_site_archivio-commerciale_SiteConsumer;cmis:read
d0f17b35-d528-4697-8989-bf769c4bb6d3;/Sites/archivio-commerciale/documentLibrary/MIGRAZIONE/2023/5614001-5615000/5614011_2023;GROUP_site_archivio-commerciale_SiteManager;cmis:all
d0f17b35-d528-4697-8989-bf769c4bb6d3;/Sites/archivio-commerciale/documentLibrary/MIGRAZIONE/2023/5614001-5615000/5614011_2023;GROUP_site_archivio-commerciale_SiteManager;cmis:read
d0f17b35-d528-4697-8989-bf769c4bb6d3;/Sites/archivio-commerciale/documentLibrary/MIGRAZIONE/2023/5614001-5615000/5614011_2023;GROUP_site_archivio-commerciale_SiteManager;cmis:write
d0f17b35-d528-4697-8989-bf769c4bb6d3;/Sites/archivio-commerciale/documentLibrary/MIGRAZIONE/2023/5614001-5615000/5614011_2023;GROUP_site_archivio-commerciale_SiteContributor;cmis:read
d0f17b35-d528-4697-8989-bf769c4bb6d3;/Sites/archivio-commerciale/documentLibrary/MIGRAZIONE/2023/5614001-5615000/5614011_2023;GROUP_site_archivio-commerciale_SiteCollaborator;cmis:read
d0f17b35-d528-4697-8989-bf769c4bb6d3;/Sites/archivio-commerciale/documentLibrary/MIGRAZIONE/2023/5614001-5615000/5614011_2023;GROUP_site_archivio-commerciale_SiteCollaborator;cmis:write
861d3163-9621-4215-ab9f-9cfe1ef1d18f;/Sites/archivio-commerciale/documentLibrary/MIGRAZIONE/2023/5614001-5615000/5614943_2023;GROUP_EVERYONE;cmis:read
861d3163-9621-4215-ab9f-9cfe1ef1d18f;/Sites/archivio-commerciale/documentLibrary/MIGRAZIONE/2023/5614001-5615000/5614943_2023;GROUP_site_archivio-commerciale_SiteConsumer;cmis:read
861d3163-9621-4215-ab9f-9cfe1ef1d18f;/Sites/archivio-commerciale/documentLibrary/MIGRAZIONE/2023/5614001-5615000/5614943_2023;GROUP_site_archivio-commerciale_SiteManager;cmis:all
861d3163-9621-4215-ab9f-9cfe1ef1d18f;/Sites/archivio-commerciale/documentLibrary/MIGRAZIONE/2023/5614001-5615000/5614943_2023;GROUP_site_archivio-commerciale_SiteManager;cmis:read
861d3163-9621-4215-ab9f-9cfe1ef1d18f;/Sites/archivio-commerciale/documentLibrary/MIGRAZIONE/2023/5614001-5615000/5614943_2023;GROUP_site_archivio-commerciale_SiteManager;cmis:write
861d3163-9621-4215-ab9f-9cfe1ef1d18f;/Sites/archivio-commerciale/documentLibrary/MIGRAZIONE/2023/5614001-5615000/5614943_2023;GROUP_site_archivio-commerciale_SiteContributor;cmis:read
861d3163-9621-4215-ab9f-9cfe1ef1d18f;/Sites/archivio-commerciale/documentLibrary/MIGRAZIONE/2023/5614001-5615000/5614943_2023;GROUP_site_archivio-commerciale_SiteCollaborator;cmis:read
861d3163-9621-4215-ab9f-9cfe1ef1d18f;/Sites/archivio-commerciale/documentLibrary/MIGRAZIONE/2023/5614001-5615000/5614943_2023;GROUP_site_archivio-commerciale_SiteCollaborator;cmis:write
5d0bfc48-e481-4f42-b5d6-d27460ef1d22;/Sites/archivio-commerciale/documentLibrary/MIGRAZIONE/2023/5614001-5615000/5614858_2023;GROUP_EVERYONE;cmis:read
5d0bfc48-e481-4f42-b5d6-d27460ef1d22;/Sites/archivio-commerciale/documentLibrary/MIGRAZIONE/2023/5614001-5615000/5614858_2023;GROUP_site_archivio-commerciale_SiteConsumer;cmis:read
5d0bfc48-e481-4f42-b5d6-d27460ef1d22;/Sites/archivio-commerciale/documentLibrary/MIGRAZIONE/2023/5614001-5615000/5614858_2023;GROUP_site_archivio-commerciale_SiteManager;cmis:all
5d0bfc48-e481-4f42-b5d6-d27460ef1d22;/Sites/archivio-commerciale/documentLibrary/MIGRAZIONE/2023/5614001-5615000/5614858_2023;GROUP_site_archivio-commerciale_SiteManager;cmis:read
5d0bfc48-e481-4f42-b5d6-d27460ef1d22;/Sites/archivio-commerciale/documentLibrary/MIGRAZIONE/2023/5614001-5615000/5614858_2023;GROUP_site_archivio-commerciale_SiteManager;cmis:write
5d0bfc48-e481-4f42-b5d6-d27460ef1d22;/Sites/archivio-commerciale/documentLibrary/MIGRAZIONE/2023/5614001-5615000/5614858_2023;GROUP_site_archivio-commerciale_SiteContributor;cmis:read
5d0bfc48-e481-4f42-b5d6-d27460ef1d22;/Sites/archivio-commerciale/documentLibrary/MIGRAZIONE/2023/5614001-5615000/5614858_2023;GROUP_site_archivio-commerciale_SiteCollaborator;cmis:read
5d0bfc48-e481-4f42-b5d6-d27460ef1d22;/Sites/archivio-commerciale/documentLibrary/MIGRAZIONE/2023/5614001-5615000/5614858_2023;GROUP_site_archivio-commerciale_SiteCollaborator;cmis:write
26822cd2-46d4-4900-8f29-246d60e21098;/Sites/archivio-commerciale/documentLibrary/MIGRAZIONE/2023/5614001-5615000/5614684_2023;GROUP_EVERYONE;cmis:read
26822cd2-46d4-4900-8f29-246d60e21098;/Sites/archivio-commerciale/documentLibrary/MIGRAZIONE/2023/5614001-5615000/5614684_2023;GROUP_site_archivio-commerciale_SiteConsumer;cmis:read
26822cd2-46d4-4900-8f29-246d60e21098;/Sites/archivio-commerciale/documentLibrary/MIGRAZIONE/2023/5614001-5615000/5614684_2023;GROUP_site_archivio-commerciale_SiteManager;cmis:all
26822cd2-46d4-4900-8f29-246d60e21098;/Sites/archivio-commerciale/documentLibrary/MIGRAZIONE/2023/5614001-5615000/5614684_2023;GROUP_site_archivio-commerciale_SiteManager;cmis:read
26822cd2-46d4-4900-8f29-246d60e21098;/Sites/archivio-commerciale/documentLibrary/MIGRAZIONE/2023/5614001-5615000/5614684_2023;GROUP_site_archivio-commerciale_SiteManager;cmis:write
26822cd2-46d4-4900-8f29-246d60e21098;/Sites/archivio-commerciale/documentLibrary/MIGRAZIONE/2023/5614001-5615000/5614684_2023;GROUP_site_archivio-commerciale_SiteContributor;cmis:read
26822cd2-46d4-4900-8f29-246d60e21098;/Sites/archivio-commerciale/documentLibrary/MIGRAZIONE/2023/5614001-5615000/5614684_2023;GROUP_site_archivio-commerciale_SiteCollaborator;cmis:read
26822cd2-46d4-4900-8f29-246d60e21098;/Sites/archivio-commerciale/documentLibrary/MIGRAZIONE/2023/5614001-5615000/5614684_2023;GROUP_site_archivio-commerciale_SiteCollaborator;cmis:write
1c57f1e7-7daa-459f-9f7e-200d93990f3b;/Sites/archivio-commerciale/documentLibrary/MIGRAZIONE/2023/5614001-5615000/5614237_2023;GROUP_EVERYONE;cmis:read
1c57f1e7-7daa-459f-9f7e-200d93990f3b;/Sites/archivio-commerciale/documentLibrary/MIGRAZIONE/2023/5614001-5615000/5614237_2023;GROUP_site_archivio-commerciale_SiteConsumer;cmis:read
1c57f1e7-7daa-459f-9f7e-200d93990f3b;/Sites/archivio-commerciale/documentLibrary/MIGRAZIONE/2023/5614001-5615000/5614237_2023;GROUP_site_archivio-commerciale_SiteManager;cmis:all
1c57f1e7-7daa-459f-9f7e-200d93990f3b;/Sites/archivio-commerciale/documentLibrary/MIGRAZIONE/2023/5614001-5615000/5614237_2023;GROUP_site_archivio-commerciale_SiteManager;cmis:read
1c57f1e7-7daa-459f-9f7e-200d93990f3b;/Sites/archivio-commerciale/documentLibrary/MIGRAZIONE/2023/5614001-5615000/5614237_2023;GROUP_site_archivio-commerciale_SiteManager;cmis:write
1c57f1e7-7daa-459f-9f7e-200d93990f3b;/Sites/archivio-commerciale/documentLibrary/MIGRAZIONE/2023/5614001-5615000/5614237_2023;GROUP_site_archivio-commerciale_SiteContributor;cmis:read
1c57f1e7-7daa-459f-9f7e-200d93990f3b;/Sites/archivio-commerciale/documentLibrary/MIGRAZIONE/2023/5614001-5615000/5614237_2023;GROUP_site_archivio-commerciale_SiteCollaborator;cmis:read
1c57f1e7-7daa-459f-9f7e-200d93990f3b;/Sites/archivio-commerciale/documentLibrary/MIGRAZIONE/2023/5614001-5615000/5614237_2023;GROUP_site_archivio-commerciale_SiteCollaborator;cmis:write
f7130b48-246e-4589-8886-81d5d3cbe6d1;/Sites/archivio-commerciale/documentLibrary/MIGRAZIONE/2023/5614001-5615000/5614661_2023;GROUP_EVERYONE;cmis:read
f7130b48-246e-4589-8886-81d5d3cbe6d1;/Sites/archivio-commerciale/documentLibrary/MIGRAZIONE/2023/5614001-5615000/5614661_2023;GROUP_site_archivio-commerciale_SiteConsumer;cmis:read
f7130b48-246e-4589-8886-81d5d3cbe6d1;/Sites/archivio-commerciale/documentLibrary/MIGRAZIONE/2023/5614001-5615000/5614661_2023;GROUP_site_archivio-commerciale_SiteManager;cmis:all
f7130b48-246e-4589-8886-81d5d3cbe6d1;/Sites/archivio-commerciale/documentLibrary/MIGRAZIONE/2023/5614001-5615000/5614661_2023;GROUP_site_archivio-commerciale_SiteManager;cmis:read
f7130b48-246e-4589-8886-81d5d3cbe6d1;/Sites/archivio-commerciale/documentLibrary/MIGRAZIONE/2023/5614001-5615000/5614661_2023;GROUP_site_archivio-commerciale_SiteManager;cmis:write
f7130b48-246e-4589-8886-81d5d3cbe6d1;/Sites/archivio-commerciale/documentLibrary/MIGRAZIONE/2023/5614001-5615000/5614661_2023;GROUP_site_archivio-commerciale_SiteContributor;cmis:read
f7130b48-246e-4589-8886-81d5d3cbe6d1;/Sites/archivio-commerciale/documentLibrary/MIGRAZIONE/2023/5614001-5615000/5614661_2023;GROUP_site_archivio-commerciale_SiteCollaborator;cmis:read
f7130b48-246e-4589-8886-81d5d3cbe6d1;/Sites/archivio-commerciale/documentLibrary/MIGRAZIONE/2023/5614001-5615000/5614661_2023;GROUP_site_archivio-commerciale_SiteCollaborator;cmis:write
e68e1953-b89d-4d3a-bf0d-2fba1b755bbf;/Sites/archivio-commerciale/documentLibrary/MIGRAZIONE/2023/5614001-5615000/5614916_2023;GROUP_EVERYONE;cmis:read
e68e1953-b89d-4d3a-bf0d-2fba1b755bbf;/Sites/archivio-commerciale/documentLibrary/MIGRAZIONE/2023/5614001-5615000/5614916_2023;GROUP_site_archivio-commerciale_SiteConsumer;cmis:read
e68e1953-b89d-4d3a-bf0d-2fba1b755bbf;/Sites/archivio-commerciale/documentLibrary/MIGRAZIONE/2023/5614001-5615000/5614916_2023;GROUP_site_archivio-commerciale_SiteManager;cmis:all
e68e1953-b89d-4d3a-bf0d-2fba1b755bbf;/Sites/archivio-commerciale/documentLibrary/MIGRAZIONE/2023/5614001-5615000/5614916_2023;GROUP_site_archivio-commerciale_SiteManager;cmis:read
e68e1953-b89d-4d3a-bf0d-2fba1b755bbf;/Sites/archivio-commerciale/documentLibrary/MIGRAZIONE/2023/5614001-5615000/5614916_2023;GROUP_site_archivio-commerciale_SiteManager;cmis:write
e68e1953-b89d-4d3a-bf0d-2fba1b755bbf;/Sites/archivio-commerciale/documentLibrary/MIGRAZIONE/2023/5614001-5615000/5614916_2023;GROUP_site_archivio-commerciale_SiteContributor;cmis:read
e68e1953-b89d-4d3a-bf0d-2fba1b755bbf;/Sites/archivio-commerciale/documentLibrary/MIGRAZIONE/2023/5614001-5615000/5614916_2023;GROUP_site_archivio-commerciale_SiteCollaborator;cmis:read
e68e1953-b89d-4d3a-bf0d-2fba1b755bbf;/Sites/archivio-commerciale/documentLibrary/MIGRAZIONE/2023/5614001-5615000/5614916_2023;GROUP_site_archivio-commerciale_SiteCollaborator;cmis:write
34b9d175-ed18-4584-87cc-7e77ced146ec;/Sites/archivio-commerciale/documentLibrary/MIGRAZIONE/2023/5614001-5615000/5614044_2023;GROUP_EVERYONE;cmis:read
34b9d175-ed18-4584-87cc-7e77ced146ec;/Sites/archivio-commerciale/documentLibrary/MIGRAZIONE/2023/5614001-5615000/5614044_2023;GROUP_site_archivio-commerciale_SiteConsumer;cmis:read
34b9d175-ed18-4584-87cc-7e77ced146ec;/Sites/archivio-commerciale/documentLibrary/MIGRAZIONE/2023/5614001-5615000/5614044_2023;GROUP_site_archivio-commerciale_SiteManager;cmis:all
34b9d175-ed18-4584-87cc-7e77ced146ec;/Sites/archivio-commerciale/documentLibrary/MIGRAZIONE/2023/5614001-5615000/5614044_2023;GROUP_site_archivio-commerciale_SiteManager;cmis:read
34b9d175-ed18-4584-87cc-7e77ced146ec;/Sites/archivio-commerciale/documentLibrary/MIGRAZIONE/2023/5614001-5615000/5614044_2023;GROUP_site_archivio-commerciale_SiteManager;cmis:write
34b9d175-ed18-4584-87cc-7e77ced146ec;/Sites/archivio-commerciale/documentLibrary/MIGRAZIONE/2023/5614001-5615000/5614044_2023;GROUP_site_archivio-commerciale_SiteContributor;cmis:read
34b9d175-ed18-4584-87cc-7e77ced146ec;/Sites/archivio-commerciale/documentLibrary/MIGRAZIONE/2023/5614001-5615000/5614044_2023;GROUP_site_archivio-commerciale_SiteCollaborator;cmis:read
34b9d175-ed18-4584-87cc-7e77ced146ec;/Sites/archivio-commerciale/documentLibrary/MIGRAZIONE/2023/5614001-5615000/5614044_2023;GROUP_site_archivio-commerciale_SiteCollaborator;cmis:write
1e42a899-4e4d-4a4c-a0af-8ba009855404;/Sites/archivio-commerciale/documentLibrary/MIGRAZIONE/2023/5614001-5615000/5614412_2023;GROUP_EVERYONE;cmis:read
1e42a899-4e4d-4a4c-a0af-8ba009855404;/Sites/archivio-commerciale/documentLibrary/MIGRAZIONE/2023/5614001-5615000/5614412_2023;GROUP_site_archivio-commerciale_SiteConsumer;cmis:read
1e42a899-4e4d-4a4c-a0af-8ba009855404;/Sites/archivio-commerciale/documentLibrary/MIGRAZIONE/2023/5614001-5615000/5614412_2023;GROUP_site_archivio-commerciale_SiteManager;cmis:all
1e42a899-4e4d-4a4c-a0af-8ba009855404;/Sites/archivio-commerciale/documentLibrary/MIGRAZIONE/2023/5614001-5615000/5614412_2023;GROUP_site_archivio-commerciale_SiteManager;cmis:read
1e42a899-4e4d-4a4c-a0af-8ba009855404;/Sites/archivio-commerciale/documentLibrary/MIGRAZIONE/2023/5614001-5615000/5614412_2023;GROUP_site_archivio-commerciale_SiteManager;cmis:write
1e42a899-4e4d-4a4c-a0af-8ba009855404;/Sites/archivio-commerciale/documentLibrary/MIGRAZIONE/2023/5614001-5615000/5614412_2023;GROUP_site_archivio-commerciale_SiteContributor;cmis:read
1e42a899-4e4d-4a4c-a0af-8ba009855404;/Sites/archivio-commerciale/documentLibrary/MIGRAZIONE/2023/5614001-5615000/5614412_2023;GROUP_site_archivio-commerciale_SiteCollaborator;cmis:read
1e42a899-4e4d-4a4c-a0af-8ba009855404;/Sites/archivio-commerciale/documentLibrary/MIGRAZIONE/2023/5614001-5615000/5614412_2023;GROUP_site_archivio-commerciale_SiteCollaborator;cmis:write
9f124aa4-258c-466c-8e09-1348e218adad;/Sites/archivio-commerciale/documentLibrary/MIGRAZIONE/2023/5614001-5615000/5614509_2023;GROUP_EVERYONE;cmis:read
9f124aa4-258c-466c-8e09-1348e218adad;/Sites/archivio-commerciale/documentLibrary/MIGRAZIONE/2023/5614001-5615000/5614509_2023;GROUP_site_archivio-commerciale_SiteConsumer;cmis:read
9f124aa4-258c-466c-8e09-1348e218adad;/Sites/archivio-commerciale/documentLibrary/MIGRAZIONE/2023/5614001-5615000/5614509_2023;GROUP_site_archivio-commerciale_SiteManager;cmis:all
9f124aa4-258c-466c-8e09-1348e218adad;/Sites/archivio-commerciale/documentLibrary/MIGRAZIONE/2023/5614001-5615000/5614509_2023;GROUP_site_archivio-commerciale_SiteManager;cmis:read
9f124aa4-258c-466c-8e09-1348e218adad;/Sites/archivio-commerciale/documentLibrary/MIGRAZIONE/2023/5614001-5615000/5614509_2023;GROUP_site_archivio-commerciale_SiteManager;cmis:write
9f124aa4-258c-466c-8e09-1348e218adad;/Sites/archivio-commerciale/documentLibrary/MIGRAZIONE/2023/5614001-5615000/5614509_2023;GROUP_site_archivio-commerciale_SiteContributor;cmis:read
9f124aa4-258c-466c-8e09-1348e218adad;/Sites/archivio-commerciale/documentLibrary/MIGRAZIONE/2023/5614001-5615000/5614509_2023;GROUP_site_archivio-commerciale_SiteCollaborator;cmis:read
9f124aa4-258c-466c-8e09-1348e218adad;/Sites/archivio-commerciale/documentLibrary/MIGRAZIONE/2023/5614001-5615000/5614509_2023;GROUP_site_archivio-commerciale_SiteCollaborator;cmis:write
96fd2c4e-223e-48bd-bd6b-c3fd150e8106;/Sites/archivio-commerciale/documentLibrary/MIGRAZIONE/2023/5614001-5615000/5614408_2023;GROUP_EVERYONE;cmis:read
96fd2c4e-223e-48bd-bd6b-c3fd150e8106;/Sites/archivio-commerciale/documentLibrary/MIGRAZIONE/2023/5614001-5615000/5614408_2023;GROUP_site_archivio-commerciale_SiteConsumer;cmis:read
96fd2c4e-223e-48bd-bd6b-c3fd150e8106;/Sites/archivio-commerciale/documentLibrary/MIGRAZIONE/2023/5614001-5615000/5614408_2023;GROUP_site_archivio-commerciale_SiteManager;cmis:all
96fd2c4e-223e-48bd-bd6b-c3fd150e8106;/Sites/archivio-commerciale/documentLibrary/MIGRAZIONE/2023/5614001-5615000/5614408_2023;GROUP_site_archivio-commerciale_SiteManager;cmis:read
96fd2c4e-223e-48bd-bd6b-c3fd150e8106;/Sites/archivio-commerciale/documentLibrary/MIGRAZIONE/2023/5614001-5615000/5614408_2023;GROUP_site_archivio-commerciale_SiteManager;cmis:write
96fd2c4e-223e-48bd-bd6b-c3fd150e8106;/Sites/archivio-commerciale/documentLibrary/MIGRAZIONE/2023/5614001-5615000/5614408_2023;GROUP_site_archivio-commerciale_SiteContributor;cmis:read
96fd2c4e-223e-48bd-bd6b-c3fd150e8106;/Sites/archivio-commerciale/documentLibrary/MIGRAZIONE/2023/5614001-5615000/5614408_2023;GROUP_site_archivio-commerciale_SiteCollaborator;cmis:read
96fd2c4e-223e-48bd-bd6b-c3fd150e8106;/Sites/archivio-commerciale/documentLibrary/MIGRAZIONE/2023/5614001-5615000/5614408_2023;GROUP_site_archivio-commerciale_SiteCollaborator;cmis:write
dbd82e6b-f5be-4a35-a288-24fa74d96691;/Sites/archivio-commerciale/documentLibrary/MIGRAZIONE/2023/5614001-5615000/5614513_2023;GROUP_EVERYONE;cmis:read
dbd82e6b-f5be-4a35-a288-24fa74d96691;/Sites/archivio-commerciale/documentLibrary/MIGRAZIONE/2023/5614001-5615000/5614513_2023;GROUP_site_archivio-commerciale_SiteConsumer;cmis:read
dbd82e6b-f5be-4a35-a288-24fa74d96691;/Sites/archivio-commerciale/documentLibrary/MIGRAZIONE/2023/5614001-5615000/5614513_2023;GROUP_site_archivio-commerciale_SiteManager;cmis:all
dbd82e6b-f5be-4a35-a288-24fa74d96691;/Sites/archivio-commerciale/documentLibrary/MIGRAZIONE/2023/5614001-5615000/5614513_2023;GROUP_site_archivio-commerciale_SiteManager;cmis:read
dbd82e6b-f5be-4a35-a288-24fa74d96691;/Sites/archivio-commerciale/documentLibrary/MIGRAZIONE/2023/5614001-5615000/5614513_2023;GROUP_site_archivio-commerciale_SiteManager;cmis:write
dbd82e6b-f5be-4a35-a288-24fa74d96691;/Sites/archivio-commerciale/documentLibrary/MIGRAZIONE/2023/5614001-5615000/5614513_2023;GROUP_site_archivio-commerciale_SiteContributor;cmis:read
dbd82e6b-f5be-4a35-a288-24fa74d96691;/Sites/archivio-commerciale/documentLibrary/MIGRAZIONE/2023/5614001-5615000/5614513_2023;GROUP_site_archivio-commerciale_SiteCollaborator;cmis:read
dbd82e6b-f5be-4a35-a288-24fa74d96691;/Sites/archivio-commerciale/documentLibrary/MIGRAZIONE/2023/5614001-5615000/5614513_2023;GROUP_site_archivio-commerciale_SiteCollaborator;cmis:write
08ffbac5-2305-4702-a22e-66c676e08dd4;/Sites/archivio-commerciale/documentLibrary/MIGRAZIONE/2023/5614001-5615000/5614145_2023;GROUP_EVERYONE;cmis:read
08ffbac5-2305-4702-a22e-66c676e08dd4;/Sites/archivio-commerciale/documentLibrary/MIGRAZIONE/2023/5614001-5615000/5614145_2023;GROUP_site_archivio-commerciale_SiteConsumer;cmis:read
08ffbac5-2305-4702-a22e-66c676e08dd4;/Sites/archivio-commerciale/documentLibrary/MIGRAZIONE/2023/5614001-5615000/5614145_2023;GROUP_site_archivio-commerciale_SiteManager;cmis:all
08ffbac5-2305-4702-a22e-66c676e08dd4;/Sites/archivio-commerciale/documentLibrary/MIGRAZIONE/2023/5614001-5615000/5614145_2023;GROUP_site_archivio-commerciale_SiteManager;cmis:read
08ffbac5-2305-4702-a22e-66c676e08dd4;/Sites/archivio-commerciale/documentLibrary/MIGRAZIONE/2023/5614001-5615000/5614145_2023;GROUP_site_archivio-commerciale_SiteManager;cmis:write
08ffbac5-2305-4702-a22e-66c676e08dd4;/Sites/archivio-commerciale/documentLibrary/MIGRAZIONE/2023/5614001-5615000/5614145_2023;GROUP_site_archivio-commerciale_SiteContributor;cmis:read
08ffbac5-2305-4702-a22e-66c676e08dd4;/Sites/archivio-commerciale/documentLibrary/MIGRAZIONE/2023/5614001-5615000/5614145_2023;GROUP_site_archivio-commerciale_SiteCollaborator;cmis:read
08ffbac5-2305-4702-a22e-66c676e08dd4;/Sites/archivio-commerciale/documentLibrary/MIGRAZIONE/2023/5614001-5615000/5614145_2023;GROUP_site_archivio-commerciale_SiteCollaborator;cmis:write
eff15356-3eba-44a0-b3aa-f2d1e9387050;/Sites/archivio-commerciale/documentLibrary/MIGRAZIONE/2023/5614001-5615000/5614817_2023;GROUP_EVERYONE;cmis:read
eff15356-3eba-44a0-b3aa-f2d1e9387050;/Sites/archivio-commerciale/documentLibrary/MIGRAZIONE/2023/5614001-5615000/5614817_2023;GROUP_site_archivio-commerciale_SiteConsumer;cmis:read
eff15356-3eba-44a0-b3aa-f2d1e9387050;/Sites/archivio-commerciale/documentLibrary/MIGRAZIONE/2023/5614001-5615000/5614817_2023;GROUP_site_archivio-commerciale_SiteManager;cmis:all
eff15356-3eba-44a0-b3aa-f2d1e9387050;/Sites/archivio-commerciale/documentLibrary/MIGRAZIONE/2023/5614001-5615000/5614817_2023;GROUP_site_archivio-commerciale_SiteManager;cmis:read
eff15356-3eba-44a0-b3aa-f2d1e9387050;/Sites/archivio-commerciale/documentLibrary/MIGRAZIONE/2023/5614001-5615000/5614817_2023;GROUP_site_archivio-commerciale_SiteManager;cmis:write
eff15356-3eba-44a0-b3aa-f2d1e9387050;/Sites/archivio-commerciale/documentLibrary/MIGRAZIONE/2023/5614001-5615000/5614817_2023;GROUP_site_archivio-commerciale_SiteContributor;cmis:read
eff15356-3eba-44a0-b3aa-f2d1e9387050;/Sites/archivio-commerciale/documentLibrary/MIGRAZIONE/2023/5614001-5615000/5614817_2023;GROUP_site_archivio-commerciale_SiteCollaborator;cmis:read
eff15356-3eba-44a0-b3aa-f2d1e9387050;/Sites/archivio-commerciale/documentLibrary/MIGRAZIONE/2023/5614001-5615000/5614817_2023;GROUP_site_archivio-commerciale_SiteCollaborator;cmis:write
45d71c7c-dcd4-4fc6-b37b-b0f3293d3e0e;/Sites/archivio-commerciale/documentLibrary/MIGRAZIONE/2023/5614001-5615000/5614760_2023;GROUP_EVERYONE;cmis:read
45d71c7c-dcd4-4fc6-b37b-b0f3293d3e0e;/Sites/archivio-commerciale/documentLibrary/MIGRAZIONE/2023/5614001-5615000/5614760_2023;GROUP_site_archivio-commerciale_SiteConsumer;cmis:read
45d71c7c-dcd4-4fc6-b37b-b0f3293d3e0e;/Sites/archivio-commerciale/documentLibrary/MIGRAZIONE/2023/5614001-5615000/5614760_2023;GROUP_site_archivio-commerciale_SiteManager;cmis:all
45d71c7c-dcd4-4fc6-b37b-b0f3293d3e0e;/Sites/archivio-commerciale/documentLibrary/MIGRAZIONE/2023/5614001-5615000/5614760_2023;GROUP_site_archivio-commerciale_SiteManager;cmis:read
45d71c7c-dcd4-4fc6-b37b-b0f3293d3e0e;/Sites/archivio-commerciale/documentLibrary/MIGRAZIONE/2023/5614001-5615000/5614760_2023;GROUP_site_archivio-commerciale_SiteManager;cmis:write
45d71c7c-dcd4-4fc6-b37b-b0f3293d3e0e;/Sites/archivio-commerciale/documentLibrary/MIGRAZIONE/2023/5614001-5615000/5614760_2023;GROUP_site_archivio-commerciale_SiteContributor;cmis:read
45d71c7c-dcd4-4fc6-b37b-b0f3293d3e0e;/Sites/archivio-commerciale/documentLibrary/MIGRAZIONE/2023/5614001-5615000/5614760_2023;GROUP_site_archivio-commerciale_SiteCollaborator;cmis:read
45d71c7c-dcd4-4fc6-b37b-b0f3293d3e0e;/Sites/archivio-commerciale/documentLibrary/MIGRAZIONE/2023/5614001-5615000/5614760_2023;GROUP_site_archivio-commerciale_SiteCollaborator;cmis:write
fdedf1f0-e4a8-480e-8d45-7edbb1fe02b7;/Sites/archivio-commerciale/documentLibrary/MIGRAZIONE/2023/5614001-5615000/5614336_2023;GROUP_EVERYONE;cmis:read
fdedf1f0-e4a8-480e-8d45-7edbb1fe02b7;/Sites/archivio-commerciale/documentLibrary/MIGRAZIONE/2023/5614001-5615000/5614336_2023;GROUP_site_archivio-commerciale_SiteConsumer;cmis:read
fdedf1f0-e4a8-480e-8d45-7edbb1fe02b7;/Sites/archivio-commerciale/documentLibrary/MIGRAZIONE/2023/5614001-5615000/5614336_2023;GROUP_site_archivio-commerciale_SiteManager;cmis:all
fdedf1f0-e4a8-480e-8d45-7edbb1fe02b7;/Sites/archivio-commerciale/documentLibrary/MIGRAZIONE/2023/5614001-5615000/5614336_2023;GROUP_site_archivio-commerciale_SiteManager;cmis:read
fdedf1f0-e4a8-480e-8d45-7edbb1fe02b7;/Sites/archivio-commerciale/documentLibrary/MIGRAZIONE/2023/5614001-5615000/5614336_2023;GROUP_site_archivio-commerciale_SiteManager;cmis:write
fdedf1f0-e4a8-480e-8d45-7edbb1fe02b7;/Sites/archivio-commerciale/documentLibrary/MIGRAZIONE/2023/5614001-5615000/5614336_2023;GROUP_site_archivio-commerciale_SiteContributor;cmis:read
fdedf1f0-e4a8-480e-8d45-7edbb1fe02b7;/Sites/archivio-commerciale/documentLibrary/MIGRAZIONE/2023/5614001-5615000/5614336_2023;GROUP_site_archivio-commerciale_SiteCollaborator;cmis:read
fdedf1f0-e4a8-480e-8d45-7edbb1fe02b7;/Sites/archivio-commerciale/documentLibrary/MIGRAZIONE/2023/5614001-5615000/5614336_2023;GROUP_site_archivio-commerciale_SiteCollaborator;cmis:write
486e972c-f107-43b5-8248-66958554daa5;/Sites/archivio-commerciale/documentLibrary/MIGRAZIONE/2023/5614001-5615000/5614785_2023;GROUP_EVERYONE;cmis:read
486e972c-f107-43b5-8248-66958554daa5;/Sites/archivio-commerciale/documentLibrary/MIGRAZIONE/2023/5614001-5615000/5614785_2023;GROUP_site_archivio-commerciale_SiteConsumer;cmis:read
486e972c-f107-43b5-8248-66958554daa5;/Sites/archivio-commerciale/documentLibrary/MIGRAZIONE/2023/5614001-5615000/5614785_2023;GROUP_site_archivio-commerciale_SiteManager;cmis:all
486e972c-f107-43b5-8248-66958554daa5;/Sites/archivio-commerciale/documentLibrary/MIGRAZIONE/2023/5614001-5615000/5614785_2023;GROUP_site_archivio-commerciale_SiteManager;cmis:read
486e972c-f107-43b5-8248-66958554daa5;/Sites/archivio-commerciale/documentLibrary/MIGRAZIONE/2023/5614001-5615000/5614785_2023;GROUP_site_archivio-commerciale_SiteManager;cmis:write
486e972c-f107-43b5-8248-66958554daa5;/Sites/archivio-commerciale/documentLibrary/MIGRAZIONE/2023/5614001-5615000/5614785_2023;GROUP_site_archivio-commerciale_SiteContributor;cmis:read
486e972c-f107-43b5-8248-66958554daa5;/Sites/archivio-commerciale/documentLibrary/MIGRAZIONE/2023/5614001-5615000/5614785_2023;GROUP_site_archivio-commerciale_SiteCollaborator;cmis:read
486e972c-f107-43b5-8248-66958554daa5;/Sites/archivio-commerciale/documentLibrary/MIGRAZIONE/2023/5614001-5615000/5614785_2023;GROUP_site_archivio-commerciale_SiteCollaborator;cmis:write
88bc0a2a-6267-4f3b-8b42-a28a1ede65ae;/Sites/archivio-commerciale/documentLibrary/MIGRAZIONE/2023/5614001-5615000/5614959_2023;GROUP_EVERYONE;cmis:read
88bc0a2a-6267-4f3b-8b42-a28a1ede65ae;/Sites/archivio-commerciale/documentLibrary/MIGRAZIONE/2023/5614001-5615000/5614959_2023;GROUP_site_archivio-commerciale_SiteConsumer;cmis:read
88bc0a2a-6267-4f3b-8b42-a28a1ede65ae;/Sites/archivio-commerciale/documentLibrary/MIGRAZIONE/2023/5614001-5615000/5614959_2023;GROUP_site_archivio-commerciale_SiteManager;cmis:all
88bc0a2a-6267-4f3b-8b42-a28a1ede65ae;/Sites/archivio-commerciale/documentLibrary/MIGRAZIONE/2023/5614001-5615000/5614959_2023;GROUP_site_archivio-commerciale_SiteManager;cmis:read
88bc0a2a-6267-4f3b-8b42-a28a1ede65ae;/Sites/archivio-commerciale/documentLibrary/MIGRAZIONE/2023/5614001-5615000/5614959_2023;GROUP_site_archivio-commerciale_SiteManager;cmis:write
88bc0a2a-6267-4f3b-8b42-a28a1ede65ae;/Sites/archivio-commerciale/documentLibrary/MIGRAZIONE/2023/5614001-5615000/5614959_2023;GROUP_site_archivio-commerciale_SiteContributor;cmis:read
88bc0a2a-6267-4f3b-8b42-a28a1ede65ae;/Sites/archivio-commerciale/documentLibrary/MIGRAZIONE/2023/5614001-5615000/5614959_2023;GROUP_site_archivio-commerciale_SiteCollaborator;cmis:read
88bc0a2a-6267-4f3b-8b42-a28a1ede65ae;/Sites/archivio-commerciale/documentLibrary/MIGRAZIONE/2023/5614001-5615000/5614959_2023;GROUP_site_archivio-commerciale_SiteCollaborator;cmis:write
d8b6640b-61bb-4896-a292-dc50f82973ab;/Sites/archivio-commerciale/documentLibrary/MIGRAZIONE/2023/5614001-5615000/5614842_2023;GROUP_EVERYONE;cmis:read
d8b6640b-61bb-4896-a292-dc50f82973ab;/Sites/archivio-commerciale/documentLibrary/MIGRAZIONE/2023/5614001-5615000/5614842_2023;GROUP_site_archivio-commerciale_SiteConsumer;cmis:read
d8b6640b-61bb-4896-a292-dc50f82973ab;/Sites/archivio-commerciale/documentLibrary/MIGRAZIONE/2023/5614001-5615000/5614842_2023;GROUP_site_archivio-commerciale_SiteManager;cmis:all
d8b6640b-61bb-4896-a292-dc50f82973ab;/Sites/archivio-commerciale/documentLibrary/MIGRAZIONE/2023/5614001-5615000/5614842_2023;GROUP_site_archivio-commerciale_SiteManager;cmis:read
d8b6640b-61bb-4896-a292-dc50f82973ab;/Sites/archivio-commerciale/documentLibrary/MIGRAZIONE/2023/5614001-5615000/5614842_2023;GROUP_site_archivio-commerciale_SiteManager;cmis:write
d8b6640b-61bb-4896-a292-dc50f82973ab;/Sites/archivio-commerciale/documentLibrary/MIGRAZIONE/2023/5614001-5615000/5614842_2023;GROUP_site_archivio-commerciale_SiteContributor;cmis:read
d8b6640b-61bb-4896-a292-dc50f82973ab;/Sites/archivio-commerciale/documentLibrary/MIGRAZIONE/2023/5614001-5615000/5614842_2023;GROUP_site_archivio-commerciale_SiteCollaborator;cmis:read
d8b6640b-61bb-4896-a292-dc50f82973ab;/Sites/archivio-commerciale/documentLibrary/MIGRAZIONE/2023/5614001-5615000/5614842_2023;GROUP_site_archivio-commerciale_SiteCollaborator;cmis:write
3ea0283f-57e6-4c14-9cb0-44422c2b34a6;/Sites/archivio-commerciale/documentLibrary/MIGRAZIONE/2023/5614001-5615000/5614110_2023;GROUP_EVERYONE;cmis:read
3ea0283f-57e6-4c14-9cb0-44422c2b34a6;/Sites/archivio-commerciale/documentLibrary/MIGRAZIONE/2023/5614001-5615000/5614110_2023;GROUP_site_archivio-commerciale_SiteConsumer;cmis:read
3ea0283f-57e6-4c14-9cb0-44422c2b34a6;/Sites/archivio-commerciale/documentLibrary/MIGRAZIONE/2023/5614001-5615000/5614110_2023;GROUP_site_archivio-commerciale_SiteManager;cmis:all
3ea0283f-57e6-4c14-9cb0-44422c2b34a6;/Sites/archivio-commerciale/documentLibrary/MIGRAZIONE/2023/5614001-5615000/5614110_2023;GROUP_site_archivio-commerciale_SiteManager;cmis:read
3ea0283f-57e6-4c14-9cb0-44422c2b34a6;/Sites/archivio-commerciale/documentLibrary/MIGRAZIONE/2023/5614001-5615000/5614110_2023;GROUP_site_archivio-commerciale_SiteManager;cmis:write
3ea0283f-57e6-4c14-9cb0-44422c2b34a6;/Sites/archivio-commerciale/documentLibrary/MIGRAZIONE/2023/5614001-5615000/5614110_2023;GROUP_site_archivio-commerciale_SiteContributor;cmis:read
3ea0283f-57e6-4c14-9cb0-44422c2b34a6;/Sites/archivio-commerciale/documentLibrary/MIGRAZIONE/2023/5614001-5615000/5614110_2023;GROUP_site_archivio-commerciale_SiteCollaborator;cmis:read
3ea0283f-57e6-4c14-9cb0-44422c2b34a6;/Sites/archivio-commerciale/documentLibrary/MIGRAZIONE/2023/5614001-5615000/5614110_2023;GROUP_site_archivio-commerciale_SiteCollaborator;cmis:write
4110b9bb-153a-496f-8c83-08e49760312a;/Sites/archivio-commerciale/documentLibrary/MIGRAZIONE/2023/5614001-5615000/5614546_2023;GROUP_EVERYONE;cmis:read
4110b9bb-153a-496f-8c83-08e49760312a;/Sites/archivio-commerciale/documentLibrary/MIGRAZIONE/2023/5614001-5615000/5614546_2023;GROUP_site_archivio-commerciale_SiteConsumer;cmis:read
4110b9bb-153a-496f-8c83-08e49760312a;/Sites/archivio-commerciale/documentLibrary/MIGRAZIONE/2023/5614001-5615000/5614546_2023;GROUP_site_archivio-commerciale_SiteManager;cmis:all
4110b9bb-153a-496f-8c83-08e49760312a;/Sites/archivio-commerciale/documentLibrary/MIGRAZIONE/2023/5614001-5615000/5614546_2023;GROUP_site_archivio-commerciale_SiteManager;cmis:read
4110b9bb-153a-496f-8c83-08e49760312a;/Sites/archivio-commerciale/documentLibrary/MIGRAZIONE/2023/5614001-5615000/5614546_2023;GROUP_site_archivio-commerciale_SiteManager;cmis:write
4110b9bb-153a-496f-8c83-08e49760312a;/Sites/archivio-commerciale/documentLibrary/MIGRAZIONE/2023/5614001-5615000/5614546_2023;GROUP_site_archivio-commerciale_SiteContributor;cmis:read
4110b9bb-153a-496f-8c83-08e49760312a;/Sites/archivio-commerciale/documentLibrary/MIGRAZIONE/2023/5614001-5615000/5614546_2023;GROUP_site_archivio-commerciale_SiteCollaborator;cmis:read
4110b9bb-153a-496f-8c83-08e49760312a;/Sites/archivio-commerciale/documentLibrary/MIGRAZIONE/2023/5614001-5615000/5614546_2023;GROUP_site_archivio-commerciale_SiteCollaborator;cmis:write
0d96c15c-c4d2-4c84-be95-07e5d5975017;/Sites/archivio-commerciale/documentLibrary/MIGRAZIONE/2023/5614001-5615000/5614386_2023;GROUP_EVERYONE;cmis:read
0d96c15c-c4d2-4c84-be95-07e5d5975017;/Sites/archivio-commerciale/documentLibrary/MIGRAZIONE/2023/5614001-5615000/5614386_2023;GROUP_site_archivio-commerciale_SiteConsumer;cmis:read
0d96c15c-c4d2-4c84-be95-07e5d5975017;/Sites/archivio-commerciale/documentLibrary/MIGRAZIONE/2023/5614001-5615000/5614386_2023;GROUP_site_archivio-commerciale_SiteManager;cmis:all
0d96c15c-c4d2-4c84-be95-07e5d5975017;/Sites/archivio-commerciale/documentLibrary/MIGRAZIONE/2023/5614001-5615000/5614386_2023;GROUP_site_archivio-commerciale_SiteManager;cmis:read
0d96c15c-c4d2-4c84-be95-07e5d5975017;/Sites/archivio-commerciale/documentLibrary/MIGRAZIONE/2023/5614001-5615000/5614386_2023;GROUP_site_archivio-commerciale_SiteManager;cmis:write
0d96c15c-c4d2-4c84-be95-07e5d5975017;/Sites/archivio-commerciale/documentLibrary/MIGRAZIONE/2023/5614001-5615000/5614386_2023;GROUP_site_archivio-commerciale_SiteContributor;cmis:read
0d96c15c-c4d2-4c84-be95-07e5d5975017;/Sites/archivio-commerciale/documentLibrary/MIGRAZIONE/2023/5614001-5615000/5614386_2023;GROUP_site_archivio-commerciale_SiteCollaborator;cmis:read
0d96c15c-c4d2-4c84-be95-07e5d5975017;/Sites/archivio-commerciale/documentLibrary/MIGRAZIONE/2023/5614001-5615000/5614386_2023;GROUP_site_archivio-commerciale_SiteCollaborator;cmis:write
a088a291-e11a-4ac7-8568-c5b08ffac04a;/Sites/archivio-commerciale/documentLibrary/MIGRAZIONE/2023/5614001-5615000/5614278_2023;GROUP_EVERYONE;cmis:read
a088a291-e11a-4ac7-8568-c5b08ffac04a;/Sites/archivio-commerciale/documentLibrary/MIGRAZIONE/2023/5614001-5615000/5614278_2023;GROUP_site_archivio-commerciale_SiteConsumer;cmis:read
a088a291-e11a-4ac7-8568-c5b08ffac04a;/Sites/archivio-commerciale/documentLibrary/MIGRAZIONE/2023/5614001-5615000/5614278_2023;GROUP_site_archivio-commerciale_SiteManager;cmis:all
a088a291-e11a-4ac7-8568-c5b08ffac04a;/Sites/archivio-commerciale/documentLibrary/MIGRAZIONE/2023/5614001-5615000/5614278_2023;GROUP_site_archivio-commerciale_SiteManager;cmis:read
a088a291-e11a-4ac7-8568-c5b08ffac04a;/Sites/archivio-commerciale/documentLibrary/MIGRAZIONE/2023/5614001-5615000/5614278_2023;GROUP_site_archivio-commerciale_SiteManager;cmis:write
a088a291-e11a-4ac7-8568-c5b08ffac04a;/Sites/archivio-commerciale/documentLibrary/MIGRAZIONE/2023/5614001-5615000/5614278_2023;GROUP_site_archivio-commerciale_SiteContributor;cmis:read
a088a291-e11a-4ac7-8568-c5b08ffac04a;/Sites/archivio-commerciale/documentLibrary/MIGRAZIONE/2023/5614001-5615000/5614278_2023;GROUP_site_archivio-commerciale_SiteCollaborator;cmis:read
a088a291-e11a-4ac7-8568-c5b08ffac04a;/Sites/archivio-commerciale/documentLibrary/MIGRAZIONE/2023/5614001-5615000/5614278_2023;GROUP_site_archivio-commerciale_SiteCollaborator;cmis:write
3a9b6581-d1ee-4d33-9779-c1f153f7ad85;/Sites/archivio-commerciale/documentLibrary/MIGRAZIONE/2023/5614001-5615000/5614363_2023;GROUP_EVERYONE;cmis:read
3a9b6581-d1ee-4d33-9779-c1f153f7ad85;/Sites/archivio-commerciale/documentLibrary/MIGRAZIONE/2023/5614001-5615000/5614363_2023;GROUP_site_archivio-commerciale_SiteConsumer;cmis:read
3a9b6581-d1ee-4d33-9779-c1f153f7ad85;/Sites/archivio-commerciale/documentLibrary/MIGRAZIONE/2023/5614001-5615000/5614363_2023;GROUP_site_archivio-commerciale_SiteManager;cmis:all
3a9b6581-d1ee-4d33-9779-c1f153f7ad85;/Sites/archivio-commerciale/documentLibrary/MIGRAZIONE/2023/5614001-5615000/5614363_2023;GROUP_site_archivio-commerciale_SiteManager;cmis:read
3a9b6581-d1ee-4d33-9779-c1f153f7ad85;/Sites/archivio-commerciale/documentLibrary/MIGRAZIONE/2023/5614001-5615000/5614363_2023;GROUP_site_archivio-commerciale_SiteManager;cmis:write
3a9b6581-d1ee-4d33-9779-c1f153f7ad85;/Sites/archivio-commerciale/documentLibrary/MIGRAZIONE/2023/5614001-5615000/5614363_2023;GROUP_site_archivio-commerciale_SiteContributor;cmis:read
3a9b6581-d1ee-4d33-9779-c1f153f7ad85;/Sites/archivio-commerciale/documentLibrary/MIGRAZIONE/2023/5614001-5615000/5614363_2023;GROUP_site_archivio-commerciale_SiteCollaborator;cmis:read
3a9b6581-d1ee-4d33-9779-c1f153f7ad85;/Sites/archivio-commerciale/documentLibrary/MIGRAZIONE/2023/5614001-5615000/5614363_2023;GROUP_site_archivio-commerciale_SiteCollaborator;cmis:write
a33f47a3-c991-4497-a931-0117b230d709;/Sites/archivio-commerciale/documentLibrary/MIGRAZIONE/2023/5614001-5615000/5614735_2023;GROUP_EVERYONE;cmis:read
a33f47a3-c991-4497-a931-0117b230d709;/Sites/archivio-commerciale/documentLibrary/MIGRAZIONE/2023/5614001-5615000/5614735_2023;GROUP_site_archivio-commerciale_SiteConsumer;cmis:read
a33f47a3-c991-4497-a931-0117b230d709;/Sites/archivio-commerciale/documentLibrary/MIGRAZIONE/2023/5614001-5615000/5614735_2023;GROUP_site_archivio-commerciale_SiteManager;cmis:all
a33f47a3-c991-4497-a931-0117b230d709;/Sites/archivio-commerciale/documentLibrary/MIGRAZIONE/2023/5614001-5615000/5614735_2023;GROUP_site_archivio-commerciale_SiteManager;cmis:read
a33f47a3-c991-4497-a931-0117b230d709;/Sites/archivio-commerciale/documentLibrary/MIGRAZIONE/2023/5614001-5615000/5614735_2023;GROUP_site_archivio-commerciale_SiteManager;cmis:write
a33f47a3-c991-4497-a931-0117b230d709;/Sites/archivio-commerciale/documentLibrary/MIGRAZIONE/2023/5614001-5615000/5614735_2023;GROUP_site_archivio-commerciale_SiteContributor;cmis:read
a33f47a3-c991-4497-a931-0117b230d709;/Sites/archivio-commerciale/documentLibrary/MIGRAZIONE/2023/5614001-5615000/5614735_2023;GROUP_site_archivio-commerciale_SiteCollaborator;cmis:read
a33f47a3-c991-4497-a931-0117b230d709;/Sites/archivio-commerciale/documentLibrary/MIGRAZIONE/2023/5614001-5615000/5614735_2023;GROUP_site_archivio-commerciale_SiteCollaborator;cmis:write
9af8b489-4de7-4d4a-93ec-99ea0cfbd0b2;/Sites/archivio-commerciale/documentLibrary/MIGRAZIONE/2023/5614001-5615000/5614537_2023;GROUP_EVERYONE;cmis:read
9af8b489-4de7-4d4a-93ec-99ea0cfbd0b2;/Sites/archivio-commerciale/documentLibrary/MIGRAZIONE/2023/5614001-5615000/5614537_2023;GROUP_site_archivio-commerciale_SiteConsumer;cmis:read
9af8b489-4de7-4d4a-93ec-99ea0cfbd0b2;/Sites/archivio-commerciale/documentLibrary/MIGRAZIONE/2023/5614001-5615000/5614537_2023;GROUP_site_archivio-commerciale_SiteManager;cmis:all
9af8b489-4de7-4d4a-93ec-99ea0cfbd0b2;/Sites/archivio-commerciale/documentLibrary/MIGRAZIONE/2023/5614001-5615000/5614537_2023;GROUP_site_archivio-commerciale_SiteManager;cmis:read
9af8b489-4de7-4d4a-93ec-99ea0cfbd0b2;/Sites/archivio-commerciale/documentLibrary/MIGRAZIONE/2023/5614001-5615000/5614537_2023;GROUP_site_archivio-commerciale_SiteManager;cmis:write
9af8b489-4de7-4d4a-93ec-99ea0cfbd0b2;/Sites/archivio-commerciale/documentLibrary/MIGRAZIONE/2023/5614001-5615000/5614537_2023;GROUP_site_archivio-commerciale_SiteContributor;cmis:read
9af8b489-4de7-4d4a-93ec-99ea0cfbd0b2;/Sites/archivio-commerciale/documentLibrary/MIGRAZIONE/2023/5614001-5615000/5614537_2023;GROUP_site_archivio-commerciale_SiteCollaborator;cmis:read
9af8b489-4de7-4d4a-93ec-99ea0cfbd0b2;/Sites/archivio-commerciale/documentLibrary/MIGRAZIONE/2023/5614001-5615000/5614537_2023;GROUP_site_archivio-commerciale_SiteCollaborator;cmis:write
a336bcad-7feb-476e-9ab1-2b0e3a6f101f;/Sites/archivio-commerciale/documentLibrary/MIGRAZIONE/2023/5614001-5615000/5614161_2023;GROUP_EVERYONE;cmis:read
a336bcad-7feb-476e-9ab1-2b0e3a6f101f;/Sites/archivio-commerciale/documentLibrary/MIGRAZIONE/2023/5614001-5615000/5614161_2023;GROUP_site_archivio-commerciale_SiteConsumer;cmis:read
a336bcad-7feb-476e-9ab1-2b0e3a6f101f;/Sites/archivio-commerciale/documentLibrary/MIGRAZIONE/2023/5614001-5615000/5614161_2023;GROUP_site_archivio-commerciale_SiteManager;cmis:all
a336bcad-7feb-476e-9ab1-2b0e3a6f101f;/Sites/archivio-commerciale/documentLibrary/MIGRAZIONE/2023/5614001-5615000/5614161_2023;GROUP_site_archivio-commerciale_SiteManager;cmis:read
a336bcad-7feb-476e-9ab1-2b0e3a6f101f;/Sites/archivio-commerciale/documentLibrary/MIGRAZIONE/2023/5614001-5615000/5614161_2023;GROUP_site_archivio-commerciale_SiteManager;cmis:write
a336bcad-7feb-476e-9ab1-2b0e3a6f101f;/Sites/archivio-commerciale/documentLibrary/MIGRAZIONE/2023/5614001-5615000/5614161_2023;GROUP_site_archivio-commerciale_SiteContributor;cmis:read
a336bcad-7feb-476e-9ab1-2b0e3a6f101f;/Sites/archivio-commerciale/documentLibrary/MIGRAZIONE/2023/5614001-5615000/5614161_2023;GROUP_site_archivio-commerciale_SiteCollaborator;cmis:read
a336bcad-7feb-476e-9ab1-2b0e3a6f101f;/Sites/archivio-commerciale/documentLibrary/MIGRAZIONE/2023/5614001-5615000/5614161_2023;GROUP_site_archivio-commerciale_SiteCollaborator;cmis:write
72b3c77b-afbe-49f8-985a-b32707afb1d8;/Sites/archivio-commerciale/documentLibrary/MIGRAZIONE/2023/5614001-5615000/5614833_2023;GROUP_EVERYONE;cmis:read
72b3c77b-afbe-49f8-985a-b32707afb1d8;/Sites/archivio-commerciale/documentLibrary/MIGRAZIONE/2023/5614001-5615000/5614833_2023;GROUP_site_archivio-commerciale_SiteConsumer;cmis:read
72b3c77b-afbe-49f8-985a-b32707afb1d8;/Sites/archivio-commerciale/documentLibrary/MIGRAZIONE/2023/5614001-5615000/5614833_2023;GROUP_site_archivio-commerciale_SiteManager;cmis:all
72b3c77b-afbe-49f8-985a-b32707afb1d8;/Sites/archivio-commerciale/documentLibrary/MIGRAZIONE/2023/5614001-5615000/5614833_2023;GROUP_site_archivio-commerciale_SiteManager;cmis:read
72b3c77b-afbe-49f8-985a-b32707afb1d8;/Sites/archivio-commerciale/documentLibrary/MIGRAZIONE/2023/5614001-5615000/5614833_2023;GROUP_site_archivio-commerciale_SiteManager;cmis:write
72b3c77b-afbe-49f8-985a-b32707afb1d8;/Sites/archivio-commerciale/documentLibrary/MIGRAZIONE/2023/5614001-5615000/5614833_2023;GROUP_site_archivio-commerciale_SiteContributor;cmis:read
72b3c77b-afbe-49f8-985a-b32707afb1d8;/Sites/archivio-commerciale/documentLibrary/MIGRAZIONE/2023/5614001-5615000/5614833_2023;GROUP_site_archivio-commerciale_SiteCollaborator;cmis:read
72b3c77b-afbe-49f8-985a-b32707afb1d8;/Sites/archivio-commerciale/documentLibrary/MIGRAZIONE/2023/5614001-5615000/5614833_2023;GROUP_site_archivio-commerciale_SiteCollaborator;cmis:write
56cf579f-2240-469b-8808-11f3d05a6c9e;/Sites/archivio-commerciale/documentLibrary/MIGRAZIONE/2023/5614001-5615000/5614928_2023;GROUP_EVERYONE;cmis:read
56cf579f-2240-469b-8808-11f3d05a6c9e;/Sites/archivio-commerciale/documentLibrary/MIGRAZIONE/2023/5614001-5615000/5614928_2023;GROUP_site_archivio-commerciale_SiteConsumer;cmis:read
56cf579f-2240-469b-8808-11f3d05a6c9e;/Sites/archivio-commerciale/documentLibrary/MIGRAZIONE/2023/5614001-5615000/5614928_2023;GROUP_site_archivio-commerciale_SiteManager;cmis:all
56cf579f-2240-469b-8808-11f3d05a6c9e;/Sites/archivio-commerciale/documentLibrary/MIGRAZIONE/2023/5614001-5615000/5614928_2023;GROUP_site_archivio-commerciale_SiteManager;cmis:read
56cf579f-2240-469b-8808-11f3d05a6c9e;/Sites/archivio-commerciale/documentLibrary/MIGRAZIONE/2023/5614001-5615000/5614928_2023;GROUP_site_archivio-commerciale_SiteManager;cmis:write
56cf579f-2240-469b-8808-11f3d05a6c9e;/Sites/archivio-commerciale/documentLibrary/MIGRAZIONE/2023/5614001-5615000/5614928_2023;GROUP_site_archivio-commerciale_SiteContributor;cmis:read
56cf579f-2240-469b-8808-11f3d05a6c9e;/Sites/archivio-commerciale/documentLibrary/MIGRAZIONE/2023/5614001-5615000/5614928_2023;GROUP_site_archivio-commerciale_SiteCollaborator;cmis:read
56cf579f-2240-469b-8808-11f3d05a6c9e;/Sites/archivio-commerciale/documentLibrary/MIGRAZIONE/2023/5614001-5615000/5614928_2023;GROUP_site_archivio-commerciale_SiteCollaborator;cmis:write
10af29dd-3c31-4c01-b789-11174e741e0b;/Sites/archivio-commerciale/documentLibrary/MIGRAZIONE/2023/5614001-5615000/5614184_2023;GROUP_EVERYONE;cmis:read
10af29dd-3c31-4c01-b789-11174e741e0b;/Sites/archivio-commerciale/documentLibrary/MIGRAZIONE/2023/5614001-5615000/5614184_2023;GROUP_site_archivio-commerciale_SiteConsumer;cmis:read
10af29dd-3c31-4c01-b789-11174e741e0b;/Sites/archivio-commerciale/documentLibrary/MIGRAZIONE/2023/5614001-5615000/5614184_2023;GROUP_site_archivio-commerciale_SiteManager;cmis:all
10af29dd-3c31-4c01-b789-11174e741e0b;/Sites/archivio-commerciale/documentLibrary/MIGRAZIONE/2023/5614001-5615000/5614184_2023;GROUP_site_archivio-commerciale_SiteManager;cmis:read
10af29dd-3c31-4c01-b789-11174e741e0b;/Sites/archivio-commerciale/documentLibrary/MIGRAZIONE/2023/5614001-5615000/5614184_2023;GROUP_site_archivio-commerciale_SiteManager;cmis:write
10af29dd-3c31-4c01-b789-11174e741e0b;/Sites/archivio-commerciale/documentLibrary/MIGRAZIONE/2023/5614001-5615000/5614184_2023;GROUP_site_archivio-commerciale_SiteContributor;cmis:read
10af29dd-3c31-4c01-b789-11174e741e0b;/Sites/archivio-commerciale/documentLibrary/MIGRAZIONE/2023/5614001-5615000/5614184_2023;GROUP_site_archivio-commerciale_SiteCollaborator;cmis:read
10af29dd-3c31-4c01-b789-11174e741e0b;/Sites/archivio-commerciale/documentLibrary/MIGRAZIONE/2023/5614001-5615000/5614184_2023;GROUP_site_archivio-commerciale_SiteCollaborator;cmis:write
1353f5ec-b90b-48d8-81bb-6be8c726efa1;/Sites/archivio-commerciale/documentLibrary/MIGRAZIONE/2023/5614001-5615000/5614744_2023;GROUP_EVERYONE;cmis:read
1353f5ec-b90b-48d8-81bb-6be8c726efa1;/Sites/archivio-commerciale/documentLibrary/MIGRAZIONE/2023/5614001-5615000/5614744_2023;GROUP_site_archivio-commerciale_SiteConsumer;cmis:read
1353f5ec-b90b-48d8-81bb-6be8c726efa1;/Sites/archivio-commerciale/documentLibrary/MIGRAZIONE/2023/5614001-5615000/5614744_2023;GROUP_site_archivio-commerciale_SiteManager;cmis:all
1353f5ec-b90b-48d8-81bb-6be8c726efa1;/Sites/archivio-commerciale/documentLibrary/MIGRAZIONE/2023/5614001-5615000/5614744_2023;GROUP_site_archivio-commerciale_SiteManager;cmis:read
1353f5ec-b90b-48d8-81bb-6be8c726efa1;/Sites/archivio-commerciale/documentLibrary/MIGRAZIONE/2023/5614001-5615000/5614744_2023;GROUP_site_archivio-commerciale_SiteManager;cmis:write
1353f5ec-b90b-48d8-81bb-6be8c726efa1;/Sites/archivio-commerciale/documentLibrary/MIGRAZIONE/2023/5614001-5615000/5614744_2023;GROUP_site_archivio-commerciale_SiteContributor;cmis:read
1353f5ec-b90b-48d8-81bb-6be8c726efa1;/Sites/archivio-commerciale/documentLibrary/MIGRAZIONE/2023/5614001-5615000/5614744_2023;GROUP_site_archivio-commerciale_SiteCollaborator;cmis:read
1353f5ec-b90b-48d8-81bb-6be8c726efa1;/Sites/archivio-commerciale/documentLibrary/MIGRAZIONE/2023/5614001-5615000/5614744_2023;GROUP_site_archivio-commerciale_SiteCollaborator;cmis:write
2cb9b134-9487-49f6-b0f1-67e8cc7c1718;/Sites/archivio-commerciale/documentLibrary/MIGRAZIONE/2023/5614001-5615000/5614312_2023;GROUP_EVERYONE;cmis:read
2cb9b134-9487-49f6-b0f1-67e8cc7c1718;/Sites/archivio-commerciale/documentLibrary/MIGRAZIONE/2023/5614001-5615000/5614312_2023;GROUP_site_archivio-commerciale_SiteConsumer;cmis:read
2cb9b134-9487-49f6-b0f1-67e8cc7c1718;/Sites/archivio-commerciale/documentLibrary/MIGRAZIONE/2023/5614001-5615000/5614312_2023;GROUP_site_archivio-commerciale_SiteManager;cmis:all
2cb9b134-9487-49f6-b0f1-67e8cc7c1718;/Sites/archivio-commerciale/documentLibrary/MIGRAZIONE/2023/5614001-5615000/5614312_2023;GROUP_site_archivio-commerciale_SiteManager;cmis:read
2cb9b134-9487-49f6-b0f1-67e8cc7c1718;/Sites/archivio-commerciale/documentLibrary/MIGRAZIONE/2023/5614001-5615000/5614312_2023;GROUP_site_archivio-commerciale_SiteManager;cmis:write
2cb9b134-9487-49f6-b0f1-67e8cc7c1718;/Sites/archivio-commerciale/documentLibrary/MIGRAZIONE/2023/5614001-5615000/5614312_2023;GROUP_site_archivio-commerciale_SiteContributor;cmis:read
2cb9b134-9487-49f6-b0f1-67e8cc7c1718;/Sites/archivio-commerciale/documentLibrary/MIGRAZIONE/2023/5614001-5615000/5614312_2023;GROUP_site_archivio-commerciale_SiteCollaborator;cmis:read
2cb9b134-9487-49f6-b0f1-67e8cc7c1718;/Sites/archivio-commerciale/documentLibrary/MIGRAZIONE/2023/5614001-5615000/5614312_2023;GROUP_site_archivio-commerciale_SiteCollaborator;cmis:write
e90c7e63-1081-41b7-b8cc-64474cff540b;/Sites/archivio-commerciale/documentLibrary/MIGRAZIONE/2023/5614001-5615000/5614209_2023;GROUP_EVERYONE;cmis:read
e90c7e63-1081-41b7-b8cc-64474cff540b;/Sites/archivio-commerciale/documentLibrary/MIGRAZIONE/2023/5614001-5615000/5614209_2023;GROUP_site_archivio-commerciale_SiteConsumer;cmis:read
e90c7e63-1081-41b7-b8cc-64474cff540b;/Sites/archivio-commerciale/documentLibrary/MIGRAZIONE/2023/5614001-5615000/5614209_2023;GROUP_site_archivio-commerciale_SiteManager;cmis:all
e90c7e63-1081-41b7-b8cc-64474cff540b;/Sites/archivio-commerciale/documentLibrary/MIGRAZIONE/2023/5614001-5615000/5614209_2023;GROUP_site_archivio-commerciale_SiteManager;cmis:read
e90c7e63-1081-41b7-b8cc-64474cff540b;/Sites/archivio-commerciale/documentLibrary/MIGRAZIONE/2023/5614001-5615000/5614209_2023;GROUP_site_archivio-commerciale_SiteManager;cmis:write
e90c7e63-1081-41b7-b8cc-64474cff540b;/Sites/archivio-commerciale/documentLibrary/MIGRAZIONE/2023/5614001-5615000/5614209_2023;GROUP_site_archivio-commerciale_SiteContributor;cmis:read
e90c7e63-1081-41b7-b8cc-64474cff540b;/Sites/archivio-commerciale/documentLibrary/MIGRAZIONE/2023/5614001-5615000/5614209_2023;GROUP_site_archivio-commerciale_SiteCollaborator;cmis:read
e90c7e63-1081-41b7-b8cc-64474cff540b;/Sites/archivio-commerciale/documentLibrary/MIGRAZIONE/2023/5614001-5615000/5614209_2023;GROUP_site_archivio-commerciale_SiteCollaborator;cmis:write
c86c84ee-63b0-482f-82a7-e1b8aede3b7c;/Sites/archivio-commerciale/documentLibrary/MIGRAZIONE/2023/5614001-5615000/5614587_2023;GROUP_EVERYONE;cmis:read
c86c84ee-63b0-482f-82a7-e1b8aede3b7c;/Sites/archivio-commerciale/documentLibrary/MIGRAZIONE/2023/5614001-5615000/5614587_2023;GROUP_site_archivio-commerciale_SiteConsumer;cmis:read
c86c84ee-63b0-482f-82a7-e1b8aede3b7c;/Sites/archivio-commerciale/documentLibrary/MIGRAZIONE/2023/5614001-5615000/5614587_2023;GROUP_site_archivio-commerciale_SiteManager;cmis:all
c86c84ee-63b0-482f-82a7-e1b8aede3b7c;/Sites/archivio-commerciale/documentLibrary/MIGRAZIONE/2023/5614001-5615000/5614587_2023;GROUP_site_archivio-commerciale_SiteManager;cmis:read
c86c84ee-63b0-482f-82a7-e1b8aede3b7c;/Sites/archivio-commerciale/documentLibrary/MIGRAZIONE/2023/5614001-5615000/5614587_2023;GROUP_site_archivio-commerciale_SiteManager;cmis:write
c86c84ee-63b0-482f-82a7-e1b8aede3b7c;/Sites/archivio-commerciale/documentLibrary/MIGRAZIONE/2023/5614001-5615000/5614587_2023;GROUP_site_archivio-commerciale_SiteContributor;cmis:read
c86c84ee-63b0-482f-82a7-e1b8aede3b7c;/Sites/archivio-commerciale/documentLibrary/MIGRAZIONE/2023/5614001-5615000/5614587_2023;GROUP_site_archivio-commerciale_SiteCollaborator;cmis:read
c86c84ee-63b0-482f-82a7-e1b8aede3b7c;/Sites/archivio-commerciale/documentLibrary/MIGRAZIONE/2023/5614001-5615000/5614587_2023;GROUP_site_archivio-commerciale_SiteCollaborator;cmis:write
5e5740ff-f7ab-42fc-88ab-5b53b5a23d76;/Sites/archivio-commerciale/documentLibrary/MIGRAZIONE/2023/5614001-5615000/5614866_2023;GROUP_EVERYONE;cmis:read
5e5740ff-f7ab-42fc-88ab-5b53b5a23d76;/Sites/archivio-commerciale/documentLibrary/MIGRAZIONE/2023/5614001-5615000/5614866_2023;GROUP_site_archivio-commerciale_SiteConsumer;cmis:read
5e5740ff-f7ab-42fc-88ab-5b53b5a23d76;/Sites/archivio-commerciale/documentLibrary/MIGRAZIONE/2023/5614001-5615000/5614866_2023;GROUP_site_archivio-commerciale_SiteManager;cmis:all
5e5740ff-f7ab-42fc-88ab-5b53b5a23d76;/Sites/archivio-commerciale/documentLibrary/MIGRAZIONE/2023/5614001-5615000/5614866_2023;GROUP_site_archivio-commerciale_SiteManager;cmis:read
5e5740ff-f7ab-42fc-88ab-5b53b5a23d76;/Sites/archivio-commerciale/documentLibrary/MIGRAZIONE/2023/5614001-5615000/5614866_2023;GROUP_site_archivio-commerciale_SiteManager;cmis:write
5e5740ff-f7ab-42fc-88ab-5b53b5a23d76;/Sites/archivio-commerciale/documentLibrary/MIGRAZIONE/2023/5614001-5615000/5614866_2023;GROUP_site_archivio-commerciale_SiteContributor;cmis:read
5e5740ff-f7ab-42fc-88ab-5b53b5a23d76;/Sites/archivio-commerciale/documentLibrary/MIGRAZIONE/2023/5614001-5615000/5614866_2023;GROUP_site_archivio-commerciale_SiteCollaborator;cmis:read
5e5740ff-f7ab-42fc-88ab-5b53b5a23d76;/Sites/archivio-commerciale/documentLibrary/MIGRAZIONE/2023/5614001-5615000/5614866_2023;GROUP_site_archivio-commerciale_SiteCollaborator;cmis:write
443f8c5c-b473-4b36-8ef6-84cc47cf5e2e;/Sites/archivio-commerciale/documentLibrary/MIGRAZIONE/2023/5614001-5615000/5614883_2023;GROUP_EVERYONE;cmis:read
443f8c5c-b473-4b36-8ef6-84cc47cf5e2e;/Sites/archivio-commerciale/documentLibrary/MIGRAZIONE/2023/5614001-5615000/5614883_2023;GROUP_site_archivio-commerciale_SiteConsumer;cmis:read
443f8c5c-b473-4b36-8ef6-84cc47cf5e2e;/Sites/archivio-commerciale/documentLibrary/MIGRAZIONE/2023/5614001-5615000/5614883_2023;GROUP_site_archivio-commerciale_SiteManager;cmis:all
443f8c5c-b473-4b36-8ef6-84cc47cf5e2e;/Sites/archivio-commerciale/documentLibrary/MIGRAZIONE/2023/5614001-5615000/5614883_2023;GROUP_site_archivio-commerciale_SiteManager;cmis:read
443f8c5c-b473-4b36-8ef6-84cc47cf5e2e;/Sites/archivio-commerciale/documentLibrary/MIGRAZIONE/2023/5614001-5615000/5614883_2023;GROUP_site_archivio-commerciale_SiteManager;cmis:write
443f8c5c-b473-4b36-8ef6-84cc47cf5e2e;/Sites/archivio-commerciale/documentLibrary/MIGRAZIONE/2023/5614001-5615000/5614883_2023;GROUP_site_archivio-commerciale_SiteContributor;cmis:read
443f8c5c-b473-4b36-8ef6-84cc47cf5e2e;/Sites/archivio-commerciale/documentLibrary/MIGRAZIONE/2023/5614001-5615000/5614883_2023;GROUP_site_archivio-commerciale_SiteCollaborator;cmis:read
443f8c5c-b473-4b36-8ef6-84cc47cf5e2e;/Sites/archivio-commerciale/documentLibrary/MIGRAZIONE/2023/5614001-5615000/5614883_2023;GROUP_site_archivio-commerciale_SiteCollaborator;cmis:write
2e0af8bb-0860-4bef-92c5-1af37a88b22a;/Sites/archivio-commerciale/documentLibrary/MIGRAZIONE/2023/5614001-5615000/5614998_2023;GROUP_EVERYONE;cmis:read
2e0af8bb-0860-4bef-92c5-1af37a88b22a;/Sites/archivio-commerciale/documentLibrary/MIGRAZIONE/2023/5614001-5615000/5614998_2023;GROUP_site_archivio-commerciale_SiteConsumer;cmis:read
2e0af8bb-0860-4bef-92c5-1af37a88b22a;/Sites/archivio-commerciale/documentLibrary/MIGRAZIONE/2023/5614001-5615000/5614998_2023;GROUP_site_archivio-commerciale_SiteManager;cmis:all
2e0af8bb-0860-4bef-92c5-1af37a88b22a;/Sites/archivio-commerciale/documentLibrary/MIGRAZIONE/2023/5614001-5615000/5614998_2023;GROUP_site_archivio-commerciale_SiteManager;cmis:read
2e0af8bb-0860-4bef-92c5-1af37a88b22a;/Sites/archivio-commerciale/documentLibrary/MIGRAZIONE/2023/5614001-5615000/5614998_2023;GROUP_site_archivio-commerciale_SiteManager;cmis:write
2e0af8bb-0860-4bef-92c5-1af37a88b22a;/Sites/archivio-commerciale/documentLibrary/MIGRAZIONE/2023/5614001-5615000/5614998_2023;GROUP_site_archivio-commerciale_SiteContributor;cmis:read
2e0af8bb-0860-4bef-92c5-1af37a88b22a;/Sites/archivio-commerciale/documentLibrary/MIGRAZIONE/2023/5614001-5615000/5614998_2023;GROUP_site_archivio-commerciale_SiteCollaborator;cmis:read
2e0af8bb-0860-4bef-92c5-1af37a88b22a;/Sites/archivio-commerciale/documentLibrary/MIGRAZIONE/2023/5614001-5615000/5614998_2023;GROUP_site_archivio-commerciale_SiteCollaborator;cmis:write
06e7eb00-4b15-4c8b-b660-cec72191844b;/Sites/archivio-commerciale/documentLibrary/MIGRAZIONE/2023/5614001-5615000/5614134_2023;GROUP_EVERYONE;cmis:read
06e7eb00-4b15-4c8b-b660-cec72191844b;/Sites/archivio-commerciale/documentLibrary/MIGRAZIONE/2023/5614001-5615000/5614134_2023;GROUP_site_archivio-commerciale_SiteConsumer;cmis:read
06e7eb00-4b15-4c8b-b660-cec72191844b;/Sites/archivio-commerciale/documentLibrary/MIGRAZIONE/2023/5614001-5615000/5614134_2023;GROUP_site_archivio-commerciale_SiteManager;cmis:all
06e7eb00-4b15-4c8b-b660-cec72191844b;/Sites/archivio-commerciale/documentLibrary/MIGRAZIONE/2023/5614001-5615000/5614134_2023;GROUP_site_archivio-commerciale_SiteManager;cmis:read
06e7eb00-4b15-4c8b-b660-cec72191844b;/Sites/archivio-commerciale/documentLibrary/MIGRAZIONE/2023/5614001-5615000/5614134_2023;GROUP_site_archivio-commerciale_SiteManager;cmis:write
06e7eb00-4b15-4c8b-b660-cec72191844b;/Sites/archivio-commerciale/documentLibrary/MIGRAZIONE/2023/5614001-5615000/5614134_2023;GROUP_site_archivio-commerciale_SiteContributor;cmis:read
06e7eb00-4b15-4c8b-b660-cec72191844b;/Sites/archivio-commerciale/documentLibrary/MIGRAZIONE/2023/5614001-5615000/5614134_2023;GROUP_site_archivio-commerciale_SiteCollaborator;cmis:read
06e7eb00-4b15-4c8b-b660-cec72191844b;/Sites/archivio-commerciale/documentLibrary/MIGRAZIONE/2023/5614001-5615000/5614134_2023;GROUP_site_archivio-commerciale_SiteCollaborator;cmis:write
15695740-fb99-41db-bd1d-0c517b54f2db;/Sites/archivio-commerciale/documentLibrary/MIGRAZIONE/2023/5614001-5615000/5614562_2023;GROUP_EVERYONE;cmis:read
15695740-fb99-41db-bd1d-0c517b54f2db;/Sites/archivio-commerciale/documentLibrary/MIGRAZIONE/2023/5614001-5615000/5614562_2023;GROUP_site_archivio-commerciale_SiteConsumer;cmis:read
15695740-fb99-41db-bd1d-0c517b54f2db;/Sites/archivio-commerciale/documentLibrary/MIGRAZIONE/2023/5614001-5615000/5614562_2023;GROUP_site_archivio-commerciale_SiteManager;cmis:all
15695740-fb99-41db-bd1d-0c517b54f2db;/Sites/archivio-commerciale/documentLibrary/MIGRAZIONE/2023/5614001-5615000/5614562_2023;GROUP_site_archivio-commerciale_SiteManager;cmis:read
15695740-fb99-41db-bd1d-0c517b54f2db;/Sites/archivio-commerciale/documentLibrary/MIGRAZIONE/2023/5614001-5615000/5614562_2023;GROUP_site_archivio-commerciale_SiteManager;cmis:write
15695740-fb99-41db-bd1d-0c517b54f2db;/Sites/archivio-commerciale/documentLibrary/MIGRAZIONE/2023/5614001-5615000/5614562_2023;GROUP_site_archivio-commerciale_SiteContributor;cmis:read
15695740-fb99-41db-bd1d-0c517b54f2db;/Sites/archivio-commerciale/documentLibrary/MIGRAZIONE/2023/5614001-5615000/5614562_2023;GROUP_site_archivio-commerciale_SiteCollaborator;cmis:read
15695740-fb99-41db-bd1d-0c517b54f2db;/Sites/archivio-commerciale/documentLibrary/MIGRAZIONE/2023/5614001-5615000/5614562_2023;GROUP_site_archivio-commerciale_SiteCollaborator;cmis:write
520e9b34-a686-4bb5-aa03-b621de965f5c;/Sites/archivio-commerciale/documentLibrary/MIGRAZIONE/2023/5614001-5615000/5614479_2023;GROUP_EVERYONE;cmis:read
520e9b34-a686-4bb5-aa03-b621de965f5c;/Sites/archivio-commerciale/documentLibrary/MIGRAZIONE/2023/5614001-5615000/5614479_2023;GROUP_site_archivio-commerciale_SiteConsumer;cmis:read
520e9b34-a686-4bb5-aa03-b621de965f5c;/Sites/archivio-commerciale/documentLibrary/MIGRAZIONE/2023/5614001-5615000/5614479_2023;GROUP_site_archivio-commerciale_SiteManager;cmis:all
520e9b34-a686-4bb5-aa03-b621de965f5c;/Sites/archivio-commerciale/documentLibrary/MIGRAZIONE/2023/5614001-5615000/5614479_2023;GROUP_site_archivio-commerciale_SiteManager;cmis:read
520e9b34-a686-4bb5-aa03-b621de965f5c;/Sites/archivio-commerciale/documentLibrary/MIGRAZIONE/2023/5614001-5615000/5614479_2023;GROUP_site_archivio-commerciale_SiteManager;cmis:write
520e9b34-a686-4bb5-aa03-b621de965f5c;/Sites/archivio-commerciale/documentLibrary/MIGRAZIONE/2023/5614001-5615000/5614479_2023;GROUP_site_archivio-commerciale_SiteContributor;cmis:read
520e9b34-a686-4bb5-aa03-b621de965f5c;/Sites/archivio-commerciale/documentLibrary/MIGRAZIONE/2023/5614001-5615000/5614479_2023;GROUP_site_archivio-commerciale_SiteCollaborator;cmis:read
520e9b34-a686-4bb5-aa03-b621de965f5c;/Sites/archivio-commerciale/documentLibrary/MIGRAZIONE/2023/5614001-5615000/5614479_2023;GROUP_site_archivio-commerciale_SiteCollaborator;cmis:write
49ce9744-5d59-4d93-90dd-b8c427cd6dc7;/Sites/archivio-commerciale/documentLibrary/MIGRAZIONE/2023/5614001-5615000/5614347_2023;GROUP_EVERYONE;cmis:read
49ce9744-5d59-4d93-90dd-b8c427cd6dc7;/Sites/archivio-commerciale/documentLibrary/MIGRAZIONE/2023/5614001-5615000/5614347_2023;GROUP_site_archivio-commerciale_SiteConsumer;cmis:read
49ce9744-5d59-4d93-90dd-b8c427cd6dc7;/Sites/archivio-commerciale/documentLibrary/MIGRAZIONE/2023/5614001-5615000/5614347_2023;GROUP_site_archivio-commerciale_SiteManager;cmis:all
49ce9744-5d59-4d93-90dd-b8c427cd6dc7;/Sites/archivio-commerciale/documentLibrary/MIGRAZIONE/2023/5614001-5615000/5614347_2023;GROUP_site_archivio-commerciale_SiteManager;cmis:read
49ce9744-5d59-4d93-90dd-b8c427cd6dc7;/Sites/archivio-commerciale/documentLibrary/MIGRAZIONE/2023/5614001-5615000/5614347_2023;GROUP_site_archivio-commerciale_SiteManager;cmis:write
49ce9744-5d59-4d93-90dd-b8c427cd6dc7;/Sites/archivio-commerciale/documentLibrary/MIGRAZIONE/2023/5614001-5615000/5614347_2023;GROUP_site_archivio-commerciale_SiteContributor;cmis:read
49ce9744-5d59-4d93-90dd-b8c427cd6dc7;/Sites/archivio-commerciale/documentLibrary/MIGRAZIONE/2023/5614001-5615000/5614347_2023;GROUP_site_archivio-commerciale_SiteCollaborator;cmis:read
49ce9744-5d59-4d93-90dd-b8c427cd6dc7;/Sites/archivio-commerciale/documentLibrary/MIGRAZIONE/2023/5614001-5615000/5614347_2023;GROUP_site_archivio-commerciale_SiteCollaborator;cmis:write
6dea4614-5573-4154-b210-491077165396;/Sites/archivio-commerciale/documentLibrary/MIGRAZIONE/2023/5614001-5615000/5614610_2023;GROUP_EVERYONE;cmis:read
6dea4614-5573-4154-b210-491077165396;/Sites/archivio-commerciale/documentLibrary/MIGRAZIONE/2023/5614001-5615000/5614610_2023;GROUP_site_archivio-commerciale_SiteConsumer;cmis:read
6dea4614-5573-4154-b210-491077165396;/Sites/archivio-commerciale/documentLibrary/MIGRAZIONE/2023/5614001-5615000/5614610_2023;GROUP_site_archivio-commerciale_SiteManager;cmis:all
6dea4614-5573-4154-b210-491077165396;/Sites/archivio-commerciale/documentLibrary/MIGRAZIONE/2023/5614001-5615000/5614610_2023;GROUP_site_archivio-commerciale_SiteManager;cmis:read
6dea4614-5573-4154-b210-491077165396;/Sites/archivio-commerciale/documentLibrary/MIGRAZIONE/2023/5614001-5615000/5614610_2023;GROUP_site_archivio-commerciale_SiteManager;cmis:write
6dea4614-5573-4154-b210-491077165396;/Sites/archivio-commerciale/documentLibrary/MIGRAZIONE/2023/5614001-5615000/5614610_2023;GROUP_site_archivio-commerciale_SiteContributor;cmis:read
6dea4614-5573-4154-b210-491077165396;/Sites/archivio-commerciale/documentLibrary/MIGRAZIONE/2023/5614001-5615000/5614610_2023;GROUP_site_archivio-commerciale_SiteCollaborator;cmis:read
6dea4614-5573-4154-b210-491077165396;/Sites/archivio-commerciale/documentLibrary/MIGRAZIONE/2023/5614001-5615000/5614610_2023;GROUP_site_archivio-commerciale_SiteCollaborator;cmis:write
347b2f70-5646-4cff-9896-a9aca3535397;/Sites/archivio-commerciale/documentLibrary/MIGRAZIONE/2023/5614001-5615000/5614246_2023;GROUP_EVERYONE;cmis:read
347b2f70-5646-4cff-9896-a9aca3535397;/Sites/archivio-commerciale/documentLibrary/MIGRAZIONE/2023/5614001-5615000/5614246_2023;GROUP_site_archivio-commerciale_SiteConsumer;cmis:read
347b2f70-5646-4cff-9896-a9aca3535397;/Sites/archivio-commerciale/documentLibrary/MIGRAZIONE/2023/5614001-5615000/5614246_2023;GROUP_site_archivio-commerciale_SiteManager;cmis:all
347b2f70-5646-4cff-9896-a9aca3535397;/Sites/archivio-commerciale/documentLibrary/MIGRAZIONE/2023/5614001-5615000/5614246_2023;GROUP_site_archivio-commerciale_SiteManager;cmis:read
347b2f70-5646-4cff-9896-a9aca3535397;/Sites/archivio-commerciale/documentLibrary/MIGRAZIONE/2023/5614001-5615000/5614246_2023;GROUP_site_archivio-commerciale_SiteManager;cmis:write
347b2f70-5646-4cff-9896-a9aca3535397;/Sites/archivio-commerciale/documentLibrary/MIGRAZIONE/2023/5614001-5615000/5614246_2023;GROUP_site_archivio-commerciale_SiteContributor;cmis:read
347b2f70-5646-4cff-9896-a9aca3535397;/Sites/archivio-commerciale/documentLibrary/MIGRAZIONE/2023/5614001-5615000/5614246_2023;GROUP_site_archivio-commerciale_SiteCollaborator;cmis:read
347b2f70-5646-4cff-9896-a9aca3535397;/Sites/archivio-commerciale/documentLibrary/MIGRAZIONE/2023/5614001-5615000/5614246_2023;GROUP_site_archivio-commerciale_SiteCollaborator;cmis:write
3628f370-e7a7-4a79-8bd9-551a8ccb5edf;/Sites/archivio-commerciale/documentLibrary/MIGRAZIONE/2023/5614001-5615000/5614578_2023;GROUP_EVERYONE;cmis:read
3628f370-e7a7-4a79-8bd9-551a8ccb5edf;/Sites/archivio-commerciale/documentLibrary/MIGRAZIONE/2023/5614001-5615000/5614578_2023;GROUP_site_archivio-commerciale_SiteConsumer;cmis:read
3628f370-e7a7-4a79-8bd9-551a8ccb5edf;/Sites/archivio-commerciale/documentLibrary/MIGRAZIONE/2023/5614001-5615000/5614578_2023;GROUP_site_archivio-commerciale_SiteManager;cmis:all
3628f370-e7a7-4a79-8bd9-551a8ccb5edf;/Sites/archivio-commerciale/documentLibrary/MIGRAZIONE/2023/5614001-5615000/5614578_2023;GROUP_site_archivio-commerciale_SiteManager;cmis:read
3628f370-e7a7-4a79-8bd9-551a8ccb5edf;/Sites/archivio-commerciale/documentLibrary/MIGRAZIONE/2023/5614001-5615000/5614578_2023;GROUP_site_archivio-commerciale_SiteManager;cmis:write
3628f370-e7a7-4a79-8bd9-551a8ccb5edf;/Sites/archivio-commerciale/documentLibrary/MIGRAZIONE/2023/5614001-5615000/5614578_2023;GROUP_site_archivio-commerciale_SiteContributor;cmis:read
3628f370-e7a7-4a79-8bd9-551a8ccb5edf;/Sites/archivio-commerciale/documentLibrary/MIGRAZIONE/2023/5614001-5615000/5614578_2023;GROUP_site_archivio-commerciale_SiteCollaborator;cmis:read
3628f370-e7a7-4a79-8bd9-551a8ccb5edf;/Sites/archivio-commerciale/documentLibrary/MIGRAZIONE/2023/5614001-5615000/5614578_2023;GROUP_site_archivio-commerciale_SiteCollaborator;cmis:write
ec6c2cb4-cb96-403b-b954-763b73a03d30;/Sites/archivio-commerciale/documentLibrary/MIGRAZIONE/2023/5614001-5615000/5614463_2023;GROUP_EVERYONE;cmis:read
ec6c2cb4-cb96-403b-b954-763b73a03d30;/Sites/archivio-commerciale/documentLibrary/MIGRAZIONE/2023/5614001-5615000/5614463_2023;GROUP_site_archivio-commerciale_SiteConsumer;cmis:read
ec6c2cb4-cb96-403b-b954-763b73a03d30;/Sites/archivio-commerciale/documentLibrary/MIGRAZIONE/2023/5614001-5615000/5614463_2023;GROUP_site_archivio-commerciale_SiteManager;cmis:all
ec6c2cb4-cb96-403b-b954-763b73a03d30;/Sites/archivio-commerciale/documentLibrary/MIGRAZIONE/2023/5614001-5615000/5614463_2023;GROUP_site_archivio-commerciale_SiteManager;cmis:read
ec6c2cb4-cb96-403b-b954-763b73a03d30;/Sites/archivio-commerciale/documentLibrary/MIGRAZIONE/2023/5614001-5615000/5614463_2023;GROUP_site_archivio-commerciale_SiteManager;cmis:write
ec6c2cb4-cb96-403b-b954-763b73a03d30;/Sites/archivio-commerciale/documentLibrary/MIGRAZIONE/2023/5614001-5615000/5614463_2023;GROUP_site_archivio-commerciale_SiteContributor;cmis:read
ec6c2cb4-cb96-403b-b954-763b73a03d30;/Sites/archivio-commerciale/documentLibrary/MIGRAZIONE/2023/5614001-5615000/5614463_2023;GROUP_site_archivio-commerciale_SiteCollaborator;cmis:read
ec6c2cb4-cb96-403b-b954-763b73a03d30;/Sites/archivio-commerciale/documentLibrary/MIGRAZIONE/2023/5614001-5615000/5614463_2023;GROUP_site_archivio-commerciale_SiteCollaborator;cmis:write
08ed5c20-e15e-4fbd-b046-caa3c611c1b1;/Sites/archivio-commerciale/documentLibrary/MIGRAZIONE/2023/5614001-5615000/5614899_2023;GROUP_EVERYONE;cmis:read
08ed5c20-e15e-4fbd-b046-caa3c611c1b1;/Sites/archivio-commerciale/documentLibrary/MIGRAZIONE/2023/5614001-5615000/5614899_2023;GROUP_site_archivio-commerciale_SiteConsumer;cmis:read
08ed5c20-e15e-4fbd-b046-caa3c611c1b1;/Sites/archivio-commerciale/documentLibrary/MIGRAZIONE/2023/5614001-5615000/5614899_2023;GROUP_site_archivio-commerciale_SiteManager;cmis:all
08ed5c20-e15e-4fbd-b046-caa3c611c1b1;/Sites/archivio-commerciale/documentLibrary/MIGRAZIONE/2023/5614001-5615000/5614899_2023;GROUP_site_archivio-commerciale_SiteManager;cmis:read
08ed5c20-e15e-4fbd-b046-caa3c611c1b1;/Sites/archivio-commerciale/documentLibrary/MIGRAZIONE/2023/5614001-5615000/5614899_2023;GROUP_site_archivio-commerciale_SiteManager;cmis:write
08ed5c20-e15e-4fbd-b046-caa3c611c1b1;/Sites/archivio-commerciale/documentLibrary/MIGRAZIONE/2023/5614001-5615000/5614899_2023;GROUP_site_archivio-commerciale_SiteContributor;cmis:read
08ed5c20-e15e-4fbd-b046-caa3c611c1b1;/Sites/archivio-commerciale/documentLibrary/MIGRAZIONE/2023/5614001-5615000/5614899_2023;GROUP_site_archivio-commerciale_SiteCollaborator;cmis:read
08ed5c20-e15e-4fbd-b046-caa3c611c1b1;/Sites/archivio-commerciale/documentLibrary/MIGRAZIONE/2023/5614001-5615000/5614899_2023;GROUP_site_archivio-commerciale_SiteCollaborator;cmis:write
a0c68217-c829-4437-a070-10741e313d3f;/Sites/archivio-commerciale/documentLibrary/MIGRAZIONE/2023/5614001-5615000/5614982_2023;GROUP_EVERYONE;cmis:read
a0c68217-c829-4437-a070-10741e313d3f;/Sites/archivio-commerciale/documentLibrary/MIGRAZIONE/2023/5614001-5615000/5614982_2023;GROUP_site_archivio-commerciale_SiteConsumer;cmis:read
a0c68217-c829-4437-a070-10741e313d3f;/Sites/archivio-commerciale/documentLibrary/MIGRAZIONE/2023/5614001-5615000/5614982_2023;GROUP_site_archivio-commerciale_SiteManager;cmis:all
a0c68217-c829-4437-a070-10741e313d3f;/Sites/archivio-commerciale/documentLibrary/MIGRAZIONE/2023/5614001-5615000/5614982_2023;GROUP_site_archivio-commerciale_SiteManager;cmis:read
a0c68217-c829-4437-a070-10741e313d3f;/Sites/archivio-commerciale/documentLibrary/MIGRAZIONE/2023/5614001-5615000/5614982_2023;GROUP_site_archivio-commerciale_SiteManager;cmis:write
a0c68217-c829-4437-a070-10741e313d3f;/Sites/archivio-commerciale/documentLibrary/MIGRAZIONE/2023/5614001-5615000/5614982_2023;GROUP_site_archivio-commerciale_SiteContributor;cmis:read
a0c68217-c829-4437-a070-10741e313d3f;/Sites/archivio-commerciale/documentLibrary/MIGRAZIONE/2023/5614001-5615000/5614982_2023;GROUP_site_archivio-commerciale_SiteCollaborator;cmis:read
a0c68217-c829-4437-a070-10741e313d3f;/Sites/archivio-commerciale/documentLibrary/MIGRAZIONE/2023/5614001-5615000/5614982_2023;GROUP_site_archivio-commerciale_SiteCollaborator;cmis:write
79e3f7f8-ecdf-4862-9811-a104bfe1f3c8;/Sites/archivio-commerciale/documentLibrary/MIGRAZIONE/2023/5614001-5615000/5614967_2023;GROUP_EVERYONE;cmis:read
79e3f7f8-ecdf-4862-9811-a104bfe1f3c8;/Sites/archivio-commerciale/documentLibrary/MIGRAZIONE/2023/5614001-5615000/5614967_2023;GROUP_site_archivio-commerciale_SiteConsumer;cmis:read
79e3f7f8-ecdf-4862-9811-a104bfe1f3c8;/Sites/archivio-commerciale/documentLibrary/MIGRAZIONE/2023/5614001-5615000/5614967_2023;GROUP_site_archivio-commerciale_SiteManager;cmis:all
79e3f7f8-ecdf-4862-9811-a104bfe1f3c8;/Sites/archivio-commerciale/documentLibrary/MIGRAZIONE/2023/5614001-5615000/5614967_2023;GROUP_site_archivio-commerciale_SiteManager;cmis:read
79e3f7f8-ecdf-4862-9811-a104bfe1f3c8;/Sites/archivio-commerciale/documentLibrary/MIGRAZIONE/2023/5614001-5615000/5614967_2023;GROUP_site_archivio-commerciale_SiteManager;cmis:write
79e3f7f8-ecdf-4862-9811-a104bfe1f3c8;/Sites/archivio-commerciale/documentLibrary/MIGRAZIONE/2023/5614001-5615000/5614967_2023;GROUP_site_archivio-commerciale_SiteContributor;cmis:read
79e3f7f8-ecdf-4862-9811-a104bfe1f3c8;/Sites/archivio-commerciale/documentLibrary/MIGRAZIONE/2023/5614001-5615000/5614967_2023;GROUP_site_archivio-commerciale_SiteCollaborator;cmis:read
79e3f7f8-ecdf-4862-9811-a104bfe1f3c8;/Sites/archivio-commerciale/documentLibrary/MIGRAZIONE/2023/5614001-5615000/5614967_2023;GROUP_site_archivio-commerciale_SiteCollaborator;cmis:write
12f35a23-9e17-473c-95f6-4a001b727721;/Sites/archivio-commerciale/documentLibrary/MIGRAZIONE/2023/5614001-5615000/5614486_2023;GROUP_EVERYONE;cmis:read
12f35a23-9e17-473c-95f6-4a001b727721;/Sites/archivio-commerciale/documentLibrary/MIGRAZIONE/2023/5614001-5615000/5614486_2023;GROUP_site_archivio-commerciale_SiteConsumer;cmis:read
12f35a23-9e17-473c-95f6-4a001b727721;/Sites/archivio-commerciale/documentLibrary/MIGRAZIONE/2023/5614001-5615000/5614486_2023;GROUP_site_archivio-commerciale_SiteManager;cmis:all
12f35a23-9e17-473c-95f6-4a001b727721;/Sites/archivio-commerciale/documentLibrary/MIGRAZIONE/2023/5614001-5615000/5614486_2023;GROUP_site_archivio-commerciale_SiteManager;cmis:read
12f35a23-9e17-473c-95f6-4a001b727721;/Sites/archivio-commerciale/documentLibrary/MIGRAZIONE/2023/5614001-5615000/5614486_2023;GROUP_site_archivio-commerciale_SiteManager;cmis:write
12f35a23-9e17-473c-95f6-4a001b727721;/Sites/archivio-commerciale/documentLibrary/MIGRAZIONE/2023/5614001-5615000/5614486_2023;GROUP_site_archivio-commerciale_SiteContributor;cmis:read
12f35a23-9e17-473c-95f6-4a001b727721;/Sites/archivio-commerciale/documentLibrary/MIGRAZIONE/2023/5614001-5615000/5614486_2023;GROUP_site_archivio-commerciale_SiteCollaborator;cmis:read
12f35a23-9e17-473c-95f6-4a001b727721;/Sites/archivio-commerciale/documentLibrary/MIGRAZIONE/2023/5614001-5615000/5614486_2023;GROUP_site_archivio-commerciale_SiteCollaborator;cmis:write
403e4f05-e770-4db9-9f5a-16b5927cdb1f;/Sites/archivio-commerciale/documentLibrary/MIGRAZIONE/2023/5614001-5615000/5614213_2023;GROUP_EVERYONE;cmis:read
403e4f05-e770-4db9-9f5a-16b5927cdb1f;/Sites/archivio-commerciale/documentLibrary/MIGRAZIONE/2023/5614001-5615000/5614213_2023;GROUP_site_archivio-commerciale_SiteConsumer;cmis:read
403e4f05-e770-4db9-9f5a-16b5927cdb1f;/Sites/archivio-commerciale/documentLibrary/MIGRAZIONE/2023/5614001-5615000/5614213_2023;GROUP_site_archivio-commerciale_SiteManager;cmis:all
403e4f05-e770-4db9-9f5a-16b5927cdb1f;/Sites/archivio-commerciale/documentLibrary/MIGRAZIONE/2023/5614001-5615000/5614213_2023;GROUP_site_archivio-commerciale_SiteManager;cmis:read
403e4f05-e770-4db9-9f5a-16b5927cdb1f;/Sites/archivio-commerciale/documentLibrary/MIGRAZIONE/2023/5614001-5615000/5614213_2023;GROUP_site_archivio-commerciale_SiteManager;cmis:write
403e4f05-e770-4db9-9f5a-16b5927cdb1f;/Sites/archivio-commerciale/documentLibrary/MIGRAZIONE/2023/5614001-5615000/5614213_2023;GROUP_site_archivio-commerciale_SiteContributor;cmis:read
403e4f05-e770-4db9-9f5a-16b5927cdb1f;/Sites/archivio-commerciale/documentLibrary/MIGRAZIONE/2023/5614001-5615000/5614213_2023;GROUP_site_archivio-commerciale_SiteCollaborator;cmis:read
403e4f05-e770-4db9-9f5a-16b5927cdb1f;/Sites/archivio-commerciale/documentLibrary/MIGRAZIONE/2023/5614001-5615000/5614213_2023;GROUP_site_archivio-commerciale_SiteCollaborator;cmis:write
c73ccefe-16e9-4f38-b958-07f3c82e10c0;/Sites/archivio-commerciale/documentLibrary/MIGRAZIONE/2023/5614001-5615000/5614645_2023;GROUP_EVERYONE;cmis:read
c73ccefe-16e9-4f38-b958-07f3c82e10c0;/Sites/archivio-commerciale/documentLibrary/MIGRAZIONE/2023/5614001-5615000/5614645_2023;GROUP_site_archivio-commerciale_SiteConsumer;cmis:read
c73ccefe-16e9-4f38-b958-07f3c82e10c0;/Sites/archivio-commerciale/documentLibrary/MIGRAZIONE/2023/5614001-5615000/5614645_2023;GROUP_site_archivio-commerciale_SiteManager;cmis:all
c73ccefe-16e9-4f38-b958-07f3c82e10c0;/Sites/archivio-commerciale/documentLibrary/MIGRAZIONE/2023/5614001-5615000/5614645_2023;GROUP_site_archivio-commerciale_SiteManager;cmis:read
c73ccefe-16e9-4f38-b958-07f3c82e10c0;/Sites/archivio-commerciale/documentLibrary/MIGRAZIONE/2023/5614001-5615000/5614645_2023;GROUP_site_archivio-commerciale_SiteManager;cmis:write
c73ccefe-16e9-4f38-b958-07f3c82e10c0;/Sites/archivio-commerciale/documentLibrary/MIGRAZIONE/2023/5614001-5615000/5614645_2023;GROUP_site_archivio-commerciale_SiteContributor;cmis:read
c73ccefe-16e9-4f38-b958-07f3c82e10c0;/Sites/archivio-commerciale/documentLibrary/MIGRAZIONE/2023/5614001-5615000/5614645_2023;GROUP_site_archivio-commerciale_SiteCollaborator;cmis:read
c73ccefe-16e9-4f38-b958-07f3c82e10c0;/Sites/archivio-commerciale/documentLibrary/MIGRAZIONE/2023/5614001-5615000/5614645_2023;GROUP_site_archivio-commerciale_SiteCollaborator;cmis:write
f89b880b-ba47-4ece-9016-9524f3048f65;/Sites/archivio-commerciale/documentLibrary/MIGRAZIONE/2023/5614001-5615000/5614085_2023;GROUP_EVERYONE;cmis:read
f89b880b-ba47-4ece-9016-9524f3048f65;/Sites/archivio-commerciale/documentLibrary/MIGRAZIONE/2023/5614001-5615000/5614085_2023;GROUP_site_archivio-commerciale_SiteConsumer;cmis:read
f89b880b-ba47-4ece-9016-9524f3048f65;/Sites/archivio-commerciale/documentLibrary/MIGRAZIONE/2023/5614001-5615000/5614085_2023;GROUP_site_archivio-commerciale_SiteManager;cmis:all
f89b880b-ba47-4ece-9016-9524f3048f65;/Sites/archivio-commerciale/documentLibrary/MIGRAZIONE/2023/5614001-5615000/5614085_2023;GROUP_site_archivio-commerciale_SiteManager;cmis:read
f89b880b-ba47-4ece-9016-9524f3048f65;/Sites/archivio-commerciale/documentLibrary/MIGRAZIONE/2023/5614001-5615000/5614085_2023;GROUP_site_archivio-commerciale_SiteManager;cmis:write
f89b880b-ba47-4ece-9016-9524f3048f65;/Sites/archivio-commerciale/documentLibrary/MIGRAZIONE/2023/5614001-5615000/5614085_2023;GROUP_site_archivio-commerciale_SiteContributor;cmis:read
f89b880b-ba47-4ece-9016-9524f3048f65;/Sites/archivio-commerciale/documentLibrary/MIGRAZIONE/2023/5614001-5615000/5614085_2023;GROUP_site_archivio-commerciale_SiteCollaborator;cmis:read
f89b880b-ba47-4ece-9016-9524f3048f65;/Sites/archivio-commerciale/documentLibrary/MIGRAZIONE/2023/5614001-5615000/5614085_2023;GROUP_site_archivio-commerciale_SiteCollaborator;cmis:write
567c5eee-7734-48bc-9c14-c98dccf5e217;/Sites/archivio-commerciale/documentLibrary/MIGRAZIONE/2023/5614001-5615000/5614829_2023;GROUP_EVERYONE;cmis:read
567c5eee-7734-48bc-9c14-c98dccf5e217;/Sites/archivio-commerciale/documentLibrary/MIGRAZIONE/2023/5614001-5615000/5614829_2023;GROUP_site_archivio-commerciale_SiteConsumer;cmis:read
567c5eee-7734-48bc-9c14-c98dccf5e217;/Sites/archivio-commerciale/documentLibrary/MIGRAZIONE/2023/5614001-5615000/5614829_2023;GROUP_site_archivio-commerciale_SiteManager;cmis:all
567c5eee-7734-48bc-9c14-c98dccf5e217;/Sites/archivio-commerciale/documentLibrary/MIGRAZIONE/2023/5614001-5615000/5614829_2023;GROUP_site_archivio-commerciale_SiteManager;cmis:read
567c5eee-7734-48bc-9c14-c98dccf5e217;/Sites/archivio-commerciale/documentLibrary/MIGRAZIONE/2023/5614001-5615000/5614829_2023;GROUP_site_archivio-commerciale_SiteManager;cmis:write
567c5eee-7734-48bc-9c14-c98dccf5e217;/Sites/archivio-commerciale/documentLibrary/MIGRAZIONE/2023/5614001-5615000/5614829_2023;GROUP_site_archivio-commerciale_SiteContributor;cmis:read
567c5eee-7734-48bc-9c14-c98dccf5e217;/Sites/archivio-commerciale/documentLibrary/MIGRAZIONE/2023/5614001-5615000/5614829_2023;GROUP_site_archivio-commerciale_SiteCollaborator;cmis:read
567c5eee-7734-48bc-9c14-c98dccf5e217;/Sites/archivio-commerciale/documentLibrary/MIGRAZIONE/2023/5614001-5615000/5614829_2023;GROUP_site_archivio-commerciale_SiteCollaborator;cmis:write
7dd4311d-7d0d-4dd1-ad57-286439189e44;/Sites/archivio-commerciale/documentLibrary/MIGRAZIONE/2023/5614001-5615000/5614932_2023;GROUP_EVERYONE;cmis:read
7dd4311d-7d0d-4dd1-ad57-286439189e44;/Sites/archivio-commerciale/documentLibrary/MIGRAZIONE/2023/5614001-5615000/5614932_2023;GROUP_site_archivio-commerciale_SiteConsumer;cmis:read
7dd4311d-7d0d-4dd1-ad57-286439189e44;/Sites/archivio-commerciale/documentLibrary/MIGRAZIONE/2023/5614001-5615000/5614932_2023;GROUP_site_archivio-commerciale_SiteManager;cmis:all
7dd4311d-7d0d-4dd1-ad57-286439189e44;/Sites/archivio-commerciale/documentLibrary/MIGRAZIONE/2023/5614001-5615000/5614932_2023;GROUP_site_archivio-commerciale_SiteManager;cmis:read
7dd4311d-7d0d-4dd1-ad57-286439189e44;/Sites/archivio-commerciale/documentLibrary/MIGRAZIONE/2023/5614001-5615000/5614932_2023;GROUP_site_archivio-commerciale_SiteManager;cmis:write
7dd4311d-7d0d-4dd1-ad57-286439189e44;/Sites/archivio-commerciale/documentLibrary/MIGRAZIONE/2023/5614001-5615000/5614932_2023;GROUP_site_archivio-commerciale_SiteContributor;cmis:read
7dd4311d-7d0d-4dd1-ad57-286439189e44;/Sites/archivio-commerciale/documentLibrary/MIGRAZIONE/2023/5614001-5615000/5614932_2023;GROUP_site_archivio-commerciale_SiteCollaborator;cmis:read
7dd4311d-7d0d-4dd1-ad57-286439189e44;/Sites/archivio-commerciale/documentLibrary/MIGRAZIONE/2023/5614001-5615000/5614932_2023;GROUP_site_archivio-commerciale_SiteCollaborator;cmis:write
361d59b9-e6ea-451a-8678-42e4f223ee5f;/Sites/archivio-commerciale/documentLibrary/MIGRAZIONE/2023/5614001-5615000/5614060_2023;GROUP_EVERYONE;cmis:read
361d59b9-e6ea-451a-8678-42e4f223ee5f;/Sites/archivio-commerciale/documentLibrary/MIGRAZIONE/2023/5614001-5615000/5614060_2023;GROUP_site_archivio-commerciale_SiteConsumer;cmis:read
361d59b9-e6ea-451a-8678-42e4f223ee5f;/Sites/archivio-commerciale/documentLibrary/MIGRAZIONE/2023/5614001-5615000/5614060_2023;GROUP_site_archivio-commerciale_SiteManager;cmis:all
361d59b9-e6ea-451a-8678-42e4f223ee5f;/Sites/archivio-commerciale/documentLibrary/MIGRAZIONE/2023/5614001-5615000/5614060_2023;GROUP_site_archivio-commerciale_SiteManager;cmis:read
361d59b9-e6ea-451a-8678-42e4f223ee5f;/Sites/archivio-commerciale/documentLibrary/MIGRAZIONE/2023/5614001-5615000/5614060_2023;GROUP_site_archivio-commerciale_SiteManager;cmis:write
361d59b9-e6ea-451a-8678-42e4f223ee5f;/Sites/archivio-commerciale/documentLibrary/MIGRAZIONE/2023/5614001-5615000/5614060_2023;GROUP_site_archivio-commerciale_SiteContributor;cmis:read
361d59b9-e6ea-451a-8678-42e4f223ee5f;/Sites/archivio-commerciale/documentLibrary/MIGRAZIONE/2023/5614001-5615000/5614060_2023;GROUP_site_archivio-commerciale_SiteCollaborator;cmis:read
361d59b9-e6ea-451a-8678-42e4f223ee5f;/Sites/archivio-commerciale/documentLibrary/MIGRAZIONE/2023/5614001-5615000/5614060_2023;GROUP_site_archivio-commerciale_SiteCollaborator;cmis:write
afb088fa-6f22-4e52-acc0-2637a7e0a845;/Sites/archivio-commerciale/documentLibrary/MIGRAZIONE/2023/5614001-5615000/5614436_2023;GROUP_EVERYONE;cmis:read
afb088fa-6f22-4e52-acc0-2637a7e0a845;/Sites/archivio-commerciale/documentLibrary/MIGRAZIONE/2023/5614001-5615000/5614436_2023;GROUP_site_archivio-commerciale_SiteConsumer;cmis:read
afb088fa-6f22-4e52-acc0-2637a7e0a845;/Sites/archivio-commerciale/documentLibrary/MIGRAZIONE/2023/5614001-5615000/5614436_2023;GROUP_site_archivio-commerciale_SiteManager;cmis:all
afb088fa-6f22-4e52-acc0-2637a7e0a845;/Sites/archivio-commerciale/documentLibrary/MIGRAZIONE/2023/5614001-5615000/5614436_2023;GROUP_site_archivio-commerciale_SiteManager;cmis:read
afb088fa-6f22-4e52-acc0-2637a7e0a845;/Sites/archivio-commerciale/documentLibrary/MIGRAZIONE/2023/5614001-5615000/5614436_2023;GROUP_site_archivio-commerciale_SiteManager;cmis:write
afb088fa-6f22-4e52-acc0-2637a7e0a845;/Sites/archivio-commerciale/documentLibrary/MIGRAZIONE/2023/5614001-5615000/5614436_2023;GROUP_site_archivio-commerciale_SiteContributor;cmis:read
afb088fa-6f22-4e52-acc0-2637a7e0a845;/Sites/archivio-commerciale/documentLibrary/MIGRAZIONE/2023/5614001-5615000/5614436_2023;GROUP_site_archivio-commerciale_SiteCollaborator;cmis:read
afb088fa-6f22-4e52-acc0-2637a7e0a845;/Sites/archivio-commerciale/documentLibrary/MIGRAZIONE/2023/5614001-5615000/5614436_2023;GROUP_site_archivio-commerciale_SiteCollaborator;cmis:write
f1457a3f-8aed-4148-a0ae-1a20dfbc31d5;/Sites/archivio-commerciale/documentLibrary/MIGRAZIONE/2023/5614001-5615000/5614492_2023;GROUP_EVERYONE;cmis:read
f1457a3f-8aed-4148-a0ae-1a20dfbc31d5;/Sites/archivio-commerciale/documentLibrary/MIGRAZIONE/2023/5614001-5615000/5614492_2023;GROUP_site_archivio-commerciale_SiteConsumer;cmis:read
f1457a3f-8aed-4148-a0ae-1a20dfbc31d5;/Sites/archivio-commerciale/documentLibrary/MIGRAZIONE/2023/5614001-5615000/5614492_2023;GROUP_site_archivio-commerciale_SiteManager;cmis:all
f1457a3f-8aed-4148-a0ae-1a20dfbc31d5;/Sites/archivio-commerciale/documentLibrary/MIGRAZIONE/2023/5614001-5615000/5614492_2023;GROUP_site_archivio-commerciale_SiteManager;cmis:read
f1457a3f-8aed-4148-a0ae-1a20dfbc31d5;/Sites/archivio-commerciale/documentLibrary/MIGRAZIONE/2023/5614001-5615000/5614492_2023;GROUP_site_archivio-commerciale_SiteManager;cmis:write
f1457a3f-8aed-4148-a0ae-1a20dfbc31d5;/Sites/archivio-commerciale/documentLibrary/MIGRAZIONE/2023/5614001-5615000/5614492_2023;GROUP_site_archivio-commerciale_SiteContributor;cmis:read
f1457a3f-8aed-4148-a0ae-1a20dfbc31d5;/Sites/archivio-commerciale/documentLibrary/MIGRAZIONE/2023/5614001-5615000/5614492_2023;GROUP_site_archivio-commerciale_SiteCollaborator;cmis:read
f1457a3f-8aed-4148-a0ae-1a20dfbc31d5;/Sites/archivio-commerciale/documentLibrary/MIGRAZIONE/2023/5614001-5615000/5614492_2023;GROUP_site_archivio-commerciale_SiteCollaborator;cmis:write
e4b760f8-d6e0-4497-b6a6-06b2e20dd25c;/Sites/archivio-commerciale/documentLibrary/MIGRAZIONE/2023/5614001-5615000/5614589_2023;GROUP_EVERYONE;cmis:read
e4b760f8-d6e0-4497-b6a6-06b2e20dd25c;/Sites/archivio-commerciale/documentLibrary/MIGRAZIONE/2023/5614001-5615000/5614589_2023;GROUP_site_archivio-commerciale_SiteConsumer;cmis:read
e4b760f8-d6e0-4497-b6a6-06b2e20dd25c;/Sites/archivio-commerciale/documentLibrary/MIGRAZIONE/2023/5614001-5615000/5614589_2023;GROUP_site_archivio-commerciale_SiteManager;cmis:all
e4b760f8-d6e0-4497-b6a6-06b2e20dd25c;/Sites/archivio-commerciale/documentLibrary/MIGRAZIONE/2023/5614001-5615000/5614589_2023;GROUP_site_archivio-commerciale_SiteManager;cmis:read
e4b760f8-d6e0-4497-b6a6-06b2e20dd25c;/Sites/archivio-commerciale/documentLibrary/MIGRAZIONE/2023/5614001-5615000/5614589_2023;GROUP_site_archivio-commerciale_SiteManager;cmis:write
e4b760f8-d6e0-4497-b6a6-06b2e20dd25c;/Sites/archivio-commerciale/documentLibrary/MIGRAZIONE/2023/5614001-5615000/5614589_2023;GROUP_site_archivio-commerciale_SiteContributor;cmis:read
e4b760f8-d6e0-4497-b6a6-06b2e20dd25c;/Sites/archivio-commerciale/documentLibrary/MIGRAZIONE/2023/5614001-5615000/5614589_2023;GROUP_site_archivio-commerciale_SiteCollaborator;cmis:read
e4b760f8-d6e0-4497-b6a6-06b2e20dd25c;/Sites/archivio-commerciale/documentLibrary/MIGRAZIONE/2023/5614001-5615000/5614589_2023;GROUP_site_archivio-commerciale_SiteCollaborator;cmis:write
699289ee-c28c-4d32-b32b-4a9c289ca2f9;/Sites/archivio-commerciale/documentLibrary/MIGRAZIONE/2023/5614001-5615000/5614973_2023;GROUP_EVERYONE;cmis:read
699289ee-c28c-4d32-b32b-4a9c289ca2f9;/Sites/archivio-commerciale/documentLibrary/MIGRAZIONE/2023/5614001-5615000/5614973_2023;GROUP_site_archivio-commerciale_SiteConsumer;cmis:read
699289ee-c28c-4d32-b32b-4a9c289ca2f9;/Sites/archivio-commerciale/documentLibrary/MIGRAZIONE/2023/5614001-5615000/5614973_2023;GROUP_site_archivio-commerciale_SiteManager;cmis:all
699289ee-c28c-4d32-b32b-4a9c289ca2f9;/Sites/archivio-commerciale/documentLibrary/MIGRAZIONE/2023/5614001-5615000/5614973_2023;GROUP_site_archivio-commerciale_SiteManager;cmis:read
699289ee-c28c-4d32-b32b-4a9c289ca2f9;/Sites/archivio-commerciale/documentLibrary/MIGRAZIONE/2023/5614001-5615000/5614973_2023;GROUP_site_archivio-commerciale_SiteManager;cmis:write
699289ee-c28c-4d32-b32b-4a9c289ca2f9;/Sites/archivio-commerciale/documentLibrary/MIGRAZIONE/2023/5614001-5615000/5614973_2023;GROUP_site_archivio-commerciale_SiteContributor;cmis:read
699289ee-c28c-4d32-b32b-4a9c289ca2f9;/Sites/archivio-commerciale/documentLibrary/MIGRAZIONE/2023/5614001-5615000/5614973_2023;GROUP_site_archivio-commerciale_SiteCollaborator;cmis:read
699289ee-c28c-4d32-b32b-4a9c289ca2f9;/Sites/archivio-commerciale/documentLibrary/MIGRAZIONE/2023/5614001-5615000/5614973_2023;GROUP_site_archivio-commerciale_SiteCollaborator;cmis:write
c4c81cd7-9307-438b-8969-5f90d744943f;/Sites/archivio-commerciale/documentLibrary/MIGRAZIONE/2023/5614001-5615000/5614868_2023;GROUP_EVERYONE;cmis:read
c4c81cd7-9307-438b-8969-5f90d744943f;/Sites/archivio-commerciale/documentLibrary/MIGRAZIONE/2023/5614001-5615000/5614868_2023;GROUP_site_archivio-commerciale_SiteConsumer;cmis:read
c4c81cd7-9307-438b-8969-5f90d744943f;/Sites/archivio-commerciale/documentLibrary/MIGRAZIONE/2023/5614001-5615000/5614868_2023;GROUP_site_archivio-commerciale_SiteManager;cmis:all
c4c81cd7-9307-438b-8969-5f90d744943f;/Sites/archivio-commerciale/documentLibrary/MIGRAZIONE/2023/5614001-5615000/5614868_2023;GROUP_site_archivio-commerciale_SiteManager;cmis:read
c4c81cd7-9307-438b-8969-5f90d744943f;/Sites/archivio-commerciale/documentLibrary/MIGRAZIONE/2023/5614001-5615000/5614868_2023;GROUP_site_archivio-commerciale_SiteManager;cmis:write
c4c81cd7-9307-438b-8969-5f90d744943f;/Sites/archivio-commerciale/documentLibrary/MIGRAZIONE/2023/5614001-5615000/5614868_2023;GROUP_site_archivio-commerciale_SiteContributor;cmis:read
c4c81cd7-9307-438b-8969-5f90d744943f;/Sites/archivio-commerciale/documentLibrary/MIGRAZIONE/2023/5614001-5615000/5614868_2023;GROUP_site_archivio-commerciale_SiteCollaborator;cmis:read
c4c81cd7-9307-438b-8969-5f90d744943f;/Sites/archivio-commerciale/documentLibrary/MIGRAZIONE/2023/5614001-5615000/5614868_2023;GROUP_site_archivio-commerciale_SiteCollaborator;cmis:write
3b0df058-ae7f-44eb-a985-44e55337fc15;/Sites/archivio-commerciale/documentLibrary/MIGRAZIONE/2023/5614001-5615000/5614996_2023;GROUP_EVERYONE;cmis:read
3b0df058-ae7f-44eb-a985-44e55337fc15;/Sites/archivio-commerciale/documentLibrary/MIGRAZIONE/2023/5614001-5615000/5614996_2023;GROUP_site_archivio-commerciale_SiteConsumer;cmis:read
3b0df058-ae7f-44eb-a985-44e55337fc15;/Sites/archivio-commerciale/documentLibrary/MIGRAZIONE/2023/5614001-5615000/5614996_2023;GROUP_site_archivio-commerciale_SiteManager;cmis:all
3b0df058-ae7f-44eb-a985-44e55337fc15;/Sites/archivio-commerciale/documentLibrary/MIGRAZIONE/2023/5614001-5615000/5614996_2023;GROUP_site_archivio-commerciale_SiteManager;cmis:read
3b0df058-ae7f-44eb-a985-44e55337fc15;/Sites/archivio-commerciale/documentLibrary/MIGRAZIONE/2023/5614001-5615000/5614996_2023;GROUP_site_archivio-commerciale_SiteManager;cmis:write
3b0df058-ae7f-44eb-a985-44e55337fc15;/Sites/archivio-commerciale/documentLibrary/MIGRAZIONE/2023/5614001-5615000/5614996_2023;GROUP_site_archivio-commerciale_SiteContributor;cmis:read
3b0df058-ae7f-44eb-a985-44e55337fc15;/Sites/archivio-commerciale/documentLibrary/MIGRAZIONE/2023/5614001-5615000/5614996_2023;GROUP_site_archivio-commerciale_SiteCollaborator;cmis:read
3b0df058-ae7f-44eb-a985-44e55337fc15;/Sites/archivio-commerciale/documentLibrary/MIGRAZIONE/2023/5614001-5615000/5614996_2023;GROUP_site_archivio-commerciale_SiteCollaborator;cmis:write
843695bd-d3df-4fea-83eb-ddb6c68dcb31;/Sites/archivio-commerciale/documentLibrary/MIGRAZIONE/2023/5614001-5615000/5614021_2023;GROUP_EVERYONE;cmis:read
843695bd-d3df-4fea-83eb-ddb6c68dcb31;/Sites/archivio-commerciale/documentLibrary/MIGRAZIONE/2023/5614001-5615000/5614021_2023;GROUP_site_archivio-commerciale_SiteConsumer;cmis:read
843695bd-d3df-4fea-83eb-ddb6c68dcb31;/Sites/archivio-commerciale/documentLibrary/MIGRAZIONE/2023/5614001-5615000/5614021_2023;GROUP_site_archivio-commerciale_SiteManager;cmis:all
843695bd-d3df-4fea-83eb-ddb6c68dcb31;/Sites/archivio-commerciale/documentLibrary/MIGRAZIONE/2023/5614001-5615000/5614021_2023;GROUP_site_archivio-commerciale_SiteManager;cmis:read
843695bd-d3df-4fea-83eb-ddb6c68dcb31;/Sites/archivio-commerciale/documentLibrary/MIGRAZIONE/2023/5614001-5615000/5614021_2023;GROUP_site_archivio-commerciale_SiteManager;cmis:write
843695bd-d3df-4fea-83eb-ddb6c68dcb31;/Sites/archivio-commerciale/documentLibrary/MIGRAZIONE/2023/5614001-5615000/5614021_2023;GROUP_site_archivio-commerciale_SiteContributor;cmis:read
843695bd-d3df-4fea-83eb-ddb6c68dcb31;/Sites/archivio-commerciale/documentLibrary/MIGRAZIONE/2023/5614001-5615000/5614021_2023;GROUP_site_archivio-commerciale_SiteCollaborator;cmis:read
843695bd-d3df-4fea-83eb-ddb6c68dcb31;/Sites/archivio-commerciale/documentLibrary/MIGRAZIONE/2023/5614001-5615000/5614021_2023;GROUP_site_archivio-commerciale_SiteCollaborator;cmis:write
88f131c4-945e-49b0-bad4-3818ce0abbab;/Sites/archivio-commerciale/documentLibrary/MIGRAZIONE/2023/5614001-5615000/5614477_2023;GROUP_EVERYONE;cmis:read
88f131c4-945e-49b0-bad4-3818ce0abbab;/Sites/archivio-commerciale/documentLibrary/MIGRAZIONE/2023/5614001-5615000/5614477_2023;GROUP_site_archivio-commerciale_SiteConsumer;cmis:read
88f131c4-945e-49b0-bad4-3818ce0abbab;/Sites/archivio-commerciale/documentLibrary/MIGRAZIONE/2023/5614001-5615000/5614477_2023;GROUP_site_archivio-commerciale_SiteManager;cmis:all
88f131c4-945e-49b0-bad4-3818ce0abbab;/Sites/archivio-commerciale/documentLibrary/MIGRAZIONE/2023/5614001-5615000/5614477_2023;GROUP_site_archivio-commerciale_SiteManager;cmis:read
88f131c4-945e-49b0-bad4-3818ce0abbab;/Sites/archivio-commerciale/documentLibrary/MIGRAZIONE/2023/5614001-5615000/5614477_2023;GROUP_site_archivio-commerciale_SiteManager;cmis:write
88f131c4-945e-49b0-bad4-3818ce0abbab;/Sites/archivio-commerciale/documentLibrary/MIGRAZIONE/2023/5614001-5615000/5614477_2023;GROUP_site_archivio-commerciale_SiteContributor;cmis:read
88f131c4-945e-49b0-bad4-3818ce0abbab;/Sites/archivio-commerciale/documentLibrary/MIGRAZIONE/2023/5614001-5615000/5614477_2023;GROUP_site_archivio-commerciale_SiteCollaborator;cmis:read
88f131c4-945e-49b0-bad4-3818ce0abbab;/Sites/archivio-commerciale/documentLibrary/MIGRAZIONE/2023/5614001-5615000/5614477_2023;GROUP_site_archivio-commerciale_SiteCollaborator;cmis:write
e3bb8b54-84b4-419b-81c5-43cb4f2975bf;/Sites/archivio-commerciale/documentLibrary/MIGRAZIONE/2023/5614001-5615000/5614252_2023;GROUP_EVERYONE;cmis:read
e3bb8b54-84b4-419b-81c5-43cb4f2975bf;/Sites/archivio-commerciale/documentLibrary/MIGRAZIONE/2023/5614001-5615000/5614252_2023;GROUP_site_archivio-commerciale_SiteConsumer;cmis:read
e3bb8b54-84b4-419b-81c5-43cb4f2975bf;/Sites/archivio-commerciale/documentLibrary/MIGRAZIONE/2023/5614001-5615000/5614252_2023;GROUP_site_archivio-commerciale_SiteManager;cmis:all
e3bb8b54-84b4-419b-81c5-43cb4f2975bf;/Sites/archivio-commerciale/documentLibrary/MIGRAZIONE/2023/5614001-5615000/5614252_2023;GROUP_site_archivio-commerciale_SiteManager;cmis:read
e3bb8b54-84b4-419b-81c5-43cb4f2975bf;/Sites/archivio-commerciale/documentLibrary/MIGRAZIONE/2023/5614001-5615000/5614252_2023;GROUP_site_archivio-commerciale_SiteManager;cmis:write
e3bb8b54-84b4-419b-81c5-43cb4f2975bf;/Sites/archivio-commerciale/documentLibrary/MIGRAZIONE/2023/5614001-5615000/5614252_2023;GROUP_site_archivio-commerciale_SiteContributor;cmis:read
e3bb8b54-84b4-419b-81c5-43cb4f2975bf;/Sites/archivio-commerciale/documentLibrary/MIGRAZIONE/2023/5614001-5615000/5614252_2023;GROUP_site_archivio-commerciale_SiteCollaborator;cmis:read
e3bb8b54-84b4-419b-81c5-43cb4f2975bf;/Sites/archivio-commerciale/documentLibrary/MIGRAZIONE/2023/5614001-5615000/5614252_2023;GROUP_site_archivio-commerciale_SiteCollaborator;cmis:write
846fc5ad-6415-403f-8979-10ca70e7e456;/Sites/archivio-commerciale/documentLibrary/MIGRAZIONE/2023/5614001-5615000/5614349_2023;GROUP_EVERYONE;cmis:read
846fc5ad-6415-403f-8979-10ca70e7e456;/Sites/archivio-commerciale/documentLibrary/MIGRAZIONE/2023/5614001-5615000/5614349_2023;GROUP_site_archivio-commerciale_SiteConsumer;cmis:read
846fc5ad-6415-403f-8979-10ca70e7e456;/Sites/archivio-commerciale/documentLibrary/MIGRAZIONE/2023/5614001-5615000/5614349_2023;GROUP_site_archivio-commerciale_SiteManager;cmis:all
846fc5ad-6415-403f-8979-10ca70e7e456;/Sites/archivio-commerciale/documentLibrary/MIGRAZIONE/2023/5614001-5615000/5614349_2023;GROUP_site_archivio-commerciale_SiteManager;cmis:read
846fc5ad-6415-403f-8979-10ca70e7e456;/Sites/archivio-commerciale/documentLibrary/MIGRAZIONE/2023/5614001-5615000/5614349_2023;GROUP_site_archivio-commerciale_SiteManager;cmis:write
846fc5ad-6415-403f-8979-10ca70e7e456;/Sites/archivio-commerciale/documentLibrary/MIGRAZIONE/2023/5614001-5615000/5614349_2023;GROUP_site_archivio-commerciale_SiteContributor;cmis:read
846fc5ad-6415-403f-8979-10ca70e7e456;/Sites/archivio-commerciale/documentLibrary/MIGRAZIONE/2023/5614001-5615000/5614349_2023;GROUP_site_archivio-commerciale_SiteCollaborator;cmis:read
846fc5ad-6415-403f-8979-10ca70e7e456;/Sites/archivio-commerciale/documentLibrary/MIGRAZIONE/2023/5614001-5615000/5614349_2023;GROUP_site_archivio-commerciale_SiteCollaborator;cmis:write
1d26a6f9-2cd4-4f39-b6e2-45e361533e8f;/Sites/archivio-commerciale/documentLibrary/MIGRAZIONE/2023/5614001-5615000/5614604_2023;GROUP_EVERYONE;cmis:read
1d26a6f9-2cd4-4f39-b6e2-45e361533e8f;/Sites/archivio-commerciale/documentLibrary/MIGRAZIONE/2023/5614001-5615000/5614604_2023;GROUP_site_archivio-commerciale_SiteConsumer;cmis:read
1d26a6f9-2cd4-4f39-b6e2-45e361533e8f;/Sites/archivio-commerciale/documentLibrary/MIGRAZIONE/2023/5614001-5615000/5614604_2023;GROUP_site_archivio-commerciale_SiteManager;cmis:all
1d26a6f9-2cd4-4f39-b6e2-45e361533e8f;/Sites/archivio-commerciale/documentLibrary/MIGRAZIONE/2023/5614001-5615000/5614604_2023;GROUP_site_archivio-commerciale_SiteManager;cmis:read
1d26a6f9-2cd4-4f39-b6e2-45e361533e8f;/Sites/archivio-commerciale/documentLibrary/MIGRAZIONE/2023/5614001-5615000/5614604_2023;GROUP_site_archivio-commerciale_SiteManager;cmis:write
1d26a6f9-2cd4-4f39-b6e2-45e361533e8f;/Sites/archivio-commerciale/documentLibrary/MIGRAZIONE/2023/5614001-5615000/5614604_2023;GROUP_site_archivio-commerciale_SiteContributor;cmis:read
1d26a6f9-2cd4-4f39-b6e2-45e361533e8f;/Sites/archivio-commerciale/documentLibrary/MIGRAZIONE/2023/5614001-5615000/5614604_2023;GROUP_site_archivio-commerciale_SiteCollaborator;cmis:read
1d26a6f9-2cd4-4f39-b6e2-45e361533e8f;/Sites/archivio-commerciale/documentLibrary/MIGRAZIONE/2023/5614001-5615000/5614604_2023;GROUP_site_archivio-commerciale_SiteCollaborator;cmis:write
42b32f49-a2db-481c-85b9-b85d5a6e40b1;/Sites/archivio-commerciale/documentLibrary/MIGRAZIONE/2023/5614001-5615000/5614422_2023;GROUP_EVERYONE;cmis:read
42b32f49-a2db-481c-85b9-b85d5a6e40b1;/Sites/archivio-commerciale/documentLibrary/MIGRAZIONE/2023/5614001-5615000/5614422_2023;GROUP_site_archivio-commerciale_SiteConsumer;cmis:read
42b32f49-a2db-481c-85b9-b85d5a6e40b1;/Sites/archivio-commerciale/documentLibrary/MIGRAZIONE/2023/5614001-5615000/5614422_2023;GROUP_site_archivio-commerciale_SiteManager;cmis:all
42b32f49-a2db-481c-85b9-b85d5a6e40b1;/Sites/archivio-commerciale/documentLibrary/MIGRAZIONE/2023/5614001-5615000/5614422_2023;GROUP_site_archivio-commerciale_SiteManager;cmis:read
42b32f49-a2db-481c-85b9-b85d5a6e40b1;/Sites/archivio-commerciale/documentLibrary/MIGRAZIONE/2023/5614001-5615000/5614422_2023;GROUP_site_archivio-commerciale_SiteManager;cmis:write
42b32f49-a2db-481c-85b9-b85d5a6e40b1;/Sites/archivio-commerciale/documentLibrary/MIGRAZIONE/2023/5614001-5615000/5614422_2023;GROUP_site_archivio-commerciale_SiteContributor;cmis:read
42b32f49-a2db-481c-85b9-b85d5a6e40b1;/Sites/archivio-commerciale/documentLibrary/MIGRAZIONE/2023/5614001-5615000/5614422_2023;GROUP_site_archivio-commerciale_SiteCollaborator;cmis:read
42b32f49-a2db-481c-85b9-b85d5a6e40b1;/Sites/archivio-commerciale/documentLibrary/MIGRAZIONE/2023/5614001-5615000/5614422_2023;GROUP_site_archivio-commerciale_SiteCollaborator;cmis:write
bf31ab46-c9f0-4f5c-9169-5278b5e4313c;/Sites/archivio-commerciale/documentLibrary/MIGRAZIONE/2023/5614001-5615000/5614539_2023;GROUP_EVERYONE;cmis:read
bf31ab46-c9f0-4f5c-9169-5278b5e4313c;/Sites/archivio-commerciale/documentLibrary/MIGRAZIONE/2023/5614001-5615000/5614539_2023;GROUP_site_archivio-commerciale_SiteConsumer;cmis:read
bf31ab46-c9f0-4f5c-9169-5278b5e4313c;/Sites/archivio-commerciale/documentLibrary/MIGRAZIONE/2023/5614001-5615000/5614539_2023;GROUP_site_archivio-commerciale_SiteManager;cmis:all
bf31ab46-c9f0-4f5c-9169-5278b5e4313c;/Sites/archivio-commerciale/documentLibrary/MIGRAZIONE/2023/5614001-5615000/5614539_2023;GROUP_site_archivio-commerciale_SiteManager;cmis:read
bf31ab46-c9f0-4f5c-9169-5278b5e4313c;/Sites/archivio-commerciale/documentLibrary/MIGRAZIONE/2023/5614001-5615000/5614539_2023;GROUP_site_archivio-commerciale_SiteManager;cmis:write
bf31ab46-c9f0-4f5c-9169-5278b5e4313c;/Sites/archivio-commerciale/documentLibrary/MIGRAZIONE/2023/5614001-5615000/5614539_2023;GROUP_site_archivio-commerciale_SiteContributor;cmis:read
bf31ab46-c9f0-4f5c-9169-5278b5e4313c;/Sites/archivio-commerciale/documentLibrary/MIGRAZIONE/2023/5614001-5615000/5614539_2023;GROUP_site_archivio-commerciale_SiteCollaborator;cmis:read
bf31ab46-c9f0-4f5c-9169-5278b5e4313c;/Sites/archivio-commerciale/documentLibrary/MIGRAZIONE/2023/5614001-5615000/5614539_2023;GROUP_site_archivio-commerciale_SiteCollaborator;cmis:write
dfe0934d-f803-4761-ace7-6d67d082bdbc;/Sites/archivio-commerciale/documentLibrary/MIGRAZIONE/2023/5614001-5615000/5614074_2023;GROUP_EVERYONE;cmis:read
dfe0934d-f803-4761-ace7-6d67d082bdbc;/Sites/archivio-commerciale/documentLibrary/MIGRAZIONE/2023/5614001-5615000/5614074_2023;GROUP_site_archivio-commerciale_SiteConsumer;cmis:read
dfe0934d-f803-4761-ace7-6d67d082bdbc;/Sites/archivio-commerciale/documentLibrary/MIGRAZIONE/2023/5614001-5615000/5614074_2023;GROUP_site_archivio-commerciale_SiteManager;cmis:all
dfe0934d-f803-4761-ace7-6d67d082bdbc;/Sites/archivio-commerciale/documentLibrary/MIGRAZIONE/2023/5614001-5615000/5614074_2023;GROUP_site_archivio-commerciale_SiteManager;cmis:read
dfe0934d-f803-4761-ace7-6d67d082bdbc;/Sites/archivio-commerciale/documentLibrary/MIGRAZIONE/2023/5614001-5615000/5614074_2023;GROUP_site_archivio-commerciale_SiteManager;cmis:write
dfe0934d-f803-4761-ace7-6d67d082bdbc;/Sites/archivio-commerciale/documentLibrary/MIGRAZIONE/2023/5614001-5615000/5614074_2023;GROUP_site_archivio-commerciale_SiteContributor;cmis:read
dfe0934d-f803-4761-ace7-6d67d082bdbc;/Sites/archivio-commerciale/documentLibrary/MIGRAZIONE/2023/5614001-5615000/5614074_2023;GROUP_site_archivio-commerciale_SiteCollaborator;cmis:read
dfe0934d-f803-4761-ace7-6d67d082bdbc;/Sites/archivio-commerciale/documentLibrary/MIGRAZIONE/2023/5614001-5615000/5614074_2023;GROUP_site_archivio-commerciale_SiteCollaborator;cmis:write
dda59bb0-6d7b-4e64-8ab8-57c250096a78;/Sites/archivio-commerciale/documentLibrary/MIGRAZIONE/2023/5614001-5615000/5614926_2023;GROUP_EVERYONE;cmis:read
dda59bb0-6d7b-4e64-8ab8-57c250096a78;/Sites/archivio-commerciale/documentLibrary/MIGRAZIONE/2023/5614001-5615000/5614926_2023;GROUP_site_archivio-commerciale_SiteConsumer;cmis:read
dda59bb0-6d7b-4e64-8ab8-57c250096a78;/Sites/archivio-commerciale/documentLibrary/MIGRAZIONE/2023/5614001-5615000/5614926_2023;GROUP_site_archivio-commerciale_SiteManager;cmis:all
dda59bb0-6d7b-4e64-8ab8-57c250096a78;/Sites/archivio-commerciale/documentLibrary/MIGRAZIONE/2023/5614001-5615000/5614926_2023;GROUP_site_archivio-commerciale_SiteManager;cmis:read
dda59bb0-6d7b-4e64-8ab8-57c250096a78;/Sites/archivio-commerciale/documentLibrary/MIGRAZIONE/2023/5614001-5615000/5614926_2023;GROUP_site_archivio-commerciale_SiteManager;cmis:write
dda59bb0-6d7b-4e64-8ab8-57c250096a78;/Sites/archivio-commerciale/documentLibrary/MIGRAZIONE/2023/5614001-5615000/5614926_2023;GROUP_site_archivio-commerciale_SiteContributor;cmis:read
dda59bb0-6d7b-4e64-8ab8-57c250096a78;/Sites/archivio-commerciale/documentLibrary/MIGRAZIONE/2023/5614001-5615000/5614926_2023;GROUP_site_archivio-commerciale_SiteCollaborator;cmis:read
dda59bb0-6d7b-4e64-8ab8-57c250096a78;/Sites/archivio-commerciale/documentLibrary/MIGRAZIONE/2023/5614001-5615000/5614926_2023;GROUP_site_archivio-commerciale_SiteCollaborator;cmis:write
85e9210d-1930-421f-9aef-fd03f6f58ca9;/Sites/archivio-commerciale/documentLibrary/MIGRAZIONE/2023/5614001-5615000/5614091_2023;GROUP_EVERYONE;cmis:read
85e9210d-1930-421f-9aef-fd03f6f58ca9;/Sites/archivio-commerciale/documentLibrary/MIGRAZIONE/2023/5614001-5615000/5614091_2023;GROUP_site_archivio-commerciale_SiteConsumer;cmis:read
85e9210d-1930-421f-9aef-fd03f6f58ca9;/Sites/archivio-commerciale/documentLibrary/MIGRAZIONE/2023/5614001-5615000/5614091_2023;GROUP_site_archivio-commerciale_SiteManager;cmis:all
85e9210d-1930-421f-9aef-fd03f6f58ca9;/Sites/archivio-commerciale/documentLibrary/MIGRAZIONE/2023/5614001-5615000/5614091_2023;GROUP_site_archivio-commerciale_SiteManager;cmis:read
85e9210d-1930-421f-9aef-fd03f6f58ca9;/Sites/archivio-commerciale/documentLibrary/MIGRAZIONE/2023/5614001-5615000/5614091_2023;GROUP_site_archivio-commerciale_SiteManager;cmis:write
85e9210d-1930-421f-9aef-fd03f6f58ca9;/Sites/archivio-commerciale/documentLibrary/MIGRAZIONE/2023/5614001-5615000/5614091_2023;GROUP_site_archivio-commerciale_SiteContributor;cmis:read
85e9210d-1930-421f-9aef-fd03f6f58ca9;/Sites/archivio-commerciale/documentLibrary/MIGRAZIONE/2023/5614001-5615000/5614091_2023;GROUP_site_archivio-commerciale_SiteCollaborator;cmis:read
85e9210d-1930-421f-9aef-fd03f6f58ca9;/Sites/archivio-commerciale/documentLibrary/MIGRAZIONE/2023/5614001-5615000/5614091_2023;GROUP_site_archivio-commerciale_SiteCollaborator;cmis:write
46d48bdd-9dc7-4392-8a29-18607149d471;/Sites/archivio-commerciale/documentLibrary/MIGRAZIONE/2023/5614001-5615000/5614651_2023;GROUP_EVERYONE;cmis:read
46d48bdd-9dc7-4392-8a29-18607149d471;/Sites/archivio-commerciale/documentLibrary/MIGRAZIONE/2023/5614001-5615000/5614651_2023;GROUP_site_archivio-commerciale_SiteConsumer;cmis:read
46d48bdd-9dc7-4392-8a29-18607149d471;/Sites/archivio-commerciale/documentLibrary/MIGRAZIONE/2023/5614001-5615000/5614651_2023;GROUP_site_archivio-commerciale_SiteManager;cmis:all
46d48bdd-9dc7-4392-8a29-18607149d471;/Sites/archivio-commerciale/documentLibrary/MIGRAZIONE/2023/5614001-5615000/5614651_2023;GROUP_site_archivio-commerciale_SiteManager;cmis:read
46d48bdd-9dc7-4392-8a29-18607149d471;/Sites/archivio-commerciale/documentLibrary/MIGRAZIONE/2023/5614001-5615000/5614651_2023;GROUP_site_archivio-commerciale_SiteManager;cmis:write
46d48bdd-9dc7-4392-8a29-18607149d471;/Sites/archivio-commerciale/documentLibrary/MIGRAZIONE/2023/5614001-5615000/5614651_2023;GROUP_site_archivio-commerciale_SiteContributor;cmis:read
46d48bdd-9dc7-4392-8a29-18607149d471;/Sites/archivio-commerciale/documentLibrary/MIGRAZIONE/2023/5614001-5615000/5614651_2023;GROUP_site_archivio-commerciale_SiteCollaborator;cmis:read
46d48bdd-9dc7-4392-8a29-18607149d471;/Sites/archivio-commerciale/documentLibrary/MIGRAZIONE/2023/5614001-5615000/5614651_2023;GROUP_site_archivio-commerciale_SiteCollaborator;cmis:write
0e459024-79f5-45f4-8cac-9cac9f2eb1fc;/Sites/archivio-commerciale/documentLibrary/MIGRAZIONE/2023/5614001-5615000/5614207_2023;GROUP_EVERYONE;cmis:read
0e459024-79f5-45f4-8cac-9cac9f2eb1fc;/Sites/archivio-commerciale/documentLibrary/MIGRAZIONE/2023/5614001-5615000/5614207_2023;GROUP_site_archivio-commerciale_SiteConsumer;cmis:read
0e459024-79f5-45f4-8cac-9cac9f2eb1fc;/Sites/archivio-commerciale/documentLibrary/MIGRAZIONE/2023/5614001-5615000/5614207_2023;GROUP_site_archivio-commerciale_SiteManager;cmis:all
0e459024-79f5-45f4-8cac-9cac9f2eb1fc;/Sites/archivio-commerciale/documentLibrary/MIGRAZIONE/2023/5614001-5615000/5614207_2023;GROUP_site_archivio-commerciale_SiteManager;cmis:read
0e459024-79f5-45f4-8cac-9cac9f2eb1fc;/Sites/archivio-commerciale/documentLibrary/MIGRAZIONE/2023/5614001-5615000/5614207_2023;GROUP_site_archivio-commerciale_SiteManager;cmis:write
0e459024-79f5-45f4-8cac-9cac9f2eb1fc;/Sites/archivio-commerciale/documentLibrary/MIGRAZIONE/2023/5614001-5615000/5614207_2023;GROUP_site_archivio-commerciale_SiteContributor;cmis:read
0e459024-79f5-45f4-8cac-9cac9f2eb1fc;/Sites/archivio-commerciale/documentLibrary/MIGRAZIONE/2023/5614001-5615000/5614207_2023;GROUP_site_archivio-commerciale_SiteCollaborator;cmis:read
0e459024-79f5-45f4-8cac-9cac9f2eb1fc;/Sites/archivio-commerciale/documentLibrary/MIGRAZIONE/2023/5614001-5615000/5614207_2023;GROUP_site_archivio-commerciale_SiteCollaborator;cmis:write
3428ad25-c564-44c8-9ca3-2699d4ed3f7a;/Sites/archivio-commerciale/documentLibrary/MIGRAZIONE/2023/5614001-5615000/5614306_2023;GROUP_EVERYONE;cmis:read
3428ad25-c564-44c8-9ca3-2699d4ed3f7a;/Sites/archivio-commerciale/documentLibrary/MIGRAZIONE/2023/5614001-5615000/5614306_2023;GROUP_site_archivio-commerciale_SiteConsumer;cmis:read
3428ad25-c564-44c8-9ca3-2699d4ed3f7a;/Sites/archivio-commerciale/documentLibrary/MIGRAZIONE/2023/5614001-5615000/5614306_2023;GROUP_site_archivio-commerciale_SiteManager;cmis:all
3428ad25-c564-44c8-9ca3-2699d4ed3f7a;/Sites/archivio-commerciale/documentLibrary/MIGRAZIONE/2023/5614001-5615000/5614306_2023;GROUP_site_archivio-commerciale_SiteManager;cmis:read
3428ad25-c564-44c8-9ca3-2699d4ed3f7a;/Sites/archivio-commerciale/documentLibrary/MIGRAZIONE/2023/5614001-5615000/5614306_2023;GROUP_site_archivio-commerciale_SiteManager;cmis:write
3428ad25-c564-44c8-9ca3-2699d4ed3f7a;/Sites/archivio-commerciale/documentLibrary/MIGRAZIONE/2023/5614001-5615000/5614306_2023;GROUP_site_archivio-commerciale_SiteContributor;cmis:read
3428ad25-c564-44c8-9ca3-2699d4ed3f7a;/Sites/archivio-commerciale/documentLibrary/MIGRAZIONE/2023/5614001-5615000/5614306_2023;GROUP_site_archivio-commerciale_SiteCollaborator;cmis:read
3428ad25-c564-44c8-9ca3-2699d4ed3f7a;/Sites/archivio-commerciale/documentLibrary/MIGRAZIONE/2023/5614001-5615000/5614306_2023;GROUP_site_archivio-commerciale_SiteCollaborator;cmis:write
e71d8959-2d01-4079-b359-4e1ee89ffb71;/Sites/archivio-commerciale/documentLibrary/MIGRAZIONE/2023/5614001-5615000/5614750_2023;GROUP_EVERYONE;cmis:read
e71d8959-2d01-4079-b359-4e1ee89ffb71;/Sites/archivio-commerciale/documentLibrary/MIGRAZIONE/2023/5614001-5615000/5614750_2023;GROUP_site_archivio-commerciale_SiteConsumer;cmis:read
e71d8959-2d01-4079-b359-4e1ee89ffb71;/Sites/archivio-commerciale/documentLibrary/MIGRAZIONE/2023/5614001-5615000/5614750_2023;GROUP_site_archivio-commerciale_SiteManager;cmis:all
e71d8959-2d01-4079-b359-4e1ee89ffb71;/Sites/archivio-commerciale/documentLibrary/MIGRAZIONE/2023/5614001-5615000/5614750_2023;GROUP_site_archivio-commerciale_SiteManager;cmis:read
e71d8959-2d01-4079-b359-4e1ee89ffb71;/Sites/archivio-commerciale/documentLibrary/MIGRAZIONE/2023/5614001-5615000/5614750_2023;GROUP_site_archivio-commerciale_SiteManager;cmis:write
e71d8959-2d01-4079-b359-4e1ee89ffb71;/Sites/archivio-commerciale/documentLibrary/MIGRAZIONE/2023/5614001-5615000/5614750_2023;GROUP_site_archivio-commerciale_SiteContributor;cmis:read
e71d8959-2d01-4079-b359-4e1ee89ffb71;/Sites/archivio-commerciale/documentLibrary/MIGRAZIONE/2023/5614001-5615000/5614750_2023;GROUP_site_archivio-commerciale_SiteCollaborator;cmis:read
e71d8959-2d01-4079-b359-4e1ee89ffb71;/Sites/archivio-commerciale/documentLibrary/MIGRAZIONE/2023/5614001-5615000/5614750_2023;GROUP_site_archivio-commerciale_SiteCollaborator;cmis:write
f2cfd9c0-d3dd-437b-a832-87ea75a724db;/Sites/archivio-commerciale/documentLibrary/MIGRAZIONE/2023/5614001-5615000/5614190_2023;GROUP_EVERYONE;cmis:read
f2cfd9c0-d3dd-437b-a832-87ea75a724db;/Sites/archivio-commerciale/documentLibrary/MIGRAZIONE/2023/5614001-5615000/5614190_2023;GROUP_site_archivio-commerciale_SiteConsumer;cmis:read
f2cfd9c0-d3dd-437b-a832-87ea75a724db;/Sites/archivio-commerciale/documentLibrary/MIGRAZIONE/2023/5614001-5615000/5614190_2023;GROUP_site_archivio-commerciale_SiteManager;cmis:all
f2cfd9c0-d3dd-437b-a832-87ea75a724db;/Sites/archivio-commerciale/documentLibrary/MIGRAZIONE/2023/5614001-5615000/5614190_2023;GROUP_site_archivio-commerciale_SiteManager;cmis:read
f2cfd9c0-d3dd-437b-a832-87ea75a724db;/Sites/archivio-commerciale/documentLibrary/MIGRAZIONE/2023/5614001-5615000/5614190_2023;GROUP_site_archivio-commerciale_SiteManager;cmis:write
f2cfd9c0-d3dd-437b-a832-87ea75a724db;/Sites/archivio-commerciale/documentLibrary/MIGRAZIONE/2023/5614001-5615000/5614190_2023;GROUP_site_archivio-commerciale_SiteContributor;cmis:read
f2cfd9c0-d3dd-437b-a832-87ea75a724db;/Sites/archivio-commerciale/documentLibrary/MIGRAZIONE/2023/5614001-5615000/5614190_2023;GROUP_site_archivio-commerciale_SiteCollaborator;cmis:read
f2cfd9c0-d3dd-437b-a832-87ea75a724db;/Sites/archivio-commerciale/documentLibrary/MIGRAZIONE/2023/5614001-5615000/5614190_2023;GROUP_site_archivio-commerciale_SiteCollaborator;cmis:write
d6a6302c-7add-47ac-97e3-f1ecb4cec33b;/Sites/archivio-commerciale/documentLibrary/MIGRAZIONE/2023/5614001-5615000/5614827_2023;GROUP_EVERYONE;cmis:read
d6a6302c-7add-47ac-97e3-f1ecb4cec33b;/Sites/archivio-commerciale/documentLibrary/MIGRAZIONE/2023/5614001-5615000/5614827_2023;GROUP_site_archivio-commerciale_SiteConsumer;cmis:read
d6a6302c-7add-47ac-97e3-f1ecb4cec33b;/Sites/archivio-commerciale/documentLibrary/MIGRAZIONE/2023/5614001-5615000/5614827_2023;GROUP_site_archivio-commerciale_SiteManager;cmis:all
d6a6302c-7add-47ac-97e3-f1ecb4cec33b;/Sites/archivio-commerciale/documentLibrary/MIGRAZIONE/2023/5614001-5615000/5614827_2023;GROUP_site_archivio-commerciale_SiteManager;cmis:read
d6a6302c-7add-47ac-97e3-f1ecb4cec33b;/Sites/archivio-commerciale/documentLibrary/MIGRAZIONE/2023/5614001-5615000/5614827_2023;GROUP_site_archivio-commerciale_SiteManager;cmis:write
d6a6302c-7add-47ac-97e3-f1ecb4cec33b;/Sites/archivio-commerciale/documentLibrary/MIGRAZIONE/2023/5614001-5615000/5614827_2023;GROUP_site_archivio-commerciale_SiteContributor;cmis:read
d6a6302c-7add-47ac-97e3-f1ecb4cec33b;/Sites/archivio-commerciale/documentLibrary/MIGRAZIONE/2023/5614001-5615000/5614827_2023;GROUP_site_archivio-commerciale_SiteCollaborator;cmis:read
d6a6302c-7add-47ac-97e3-f1ecb4cec33b;/Sites/archivio-commerciale/documentLibrary/MIGRAZIONE/2023/5614001-5615000/5614827_2023;GROUP_site_archivio-commerciale_SiteCollaborator;cmis:write
49b6a66f-b36a-4e89-a515-70405906429a;/Sites/archivio-commerciale/documentLibrary/MIGRAZIONE/2023/5614001-5615000/5614175_2023;GROUP_EVERYONE;cmis:read
49b6a66f-b36a-4e89-a515-70405906429a;/Sites/archivio-commerciale/documentLibrary/MIGRAZIONE/2023/5614001-5615000/5614175_2023;GROUP_site_archivio-commerciale_SiteConsumer;cmis:read
49b6a66f-b36a-4e89-a515-70405906429a;/Sites/archivio-commerciale/documentLibrary/MIGRAZIONE/2023/5614001-5615000/5614175_2023;GROUP_site_archivio-commerciale_SiteManager;cmis:all
49b6a66f-b36a-4e89-a515-70405906429a;/Sites/archivio-commerciale/documentLibrary/MIGRAZIONE/2023/5614001-5615000/5614175_2023;GROUP_site_archivio-commerciale_SiteManager;cmis:read
49b6a66f-b36a-4e89-a515-70405906429a;/Sites/archivio-commerciale/documentLibrary/MIGRAZIONE/2023/5614001-5615000/5614175_2023;GROUP_site_archivio-commerciale_SiteManager;cmis:write
49b6a66f-b36a-4e89-a515-70405906429a;/Sites/archivio-commerciale/documentLibrary/MIGRAZIONE/2023/5614001-5615000/5614175_2023;GROUP_site_archivio-commerciale_SiteContributor;cmis:read
49b6a66f-b36a-4e89-a515-70405906429a;/Sites/archivio-commerciale/documentLibrary/MIGRAZIONE/2023/5614001-5615000/5614175_2023;GROUP_site_archivio-commerciale_SiteCollaborator;cmis:read
49b6a66f-b36a-4e89-a515-70405906429a;/Sites/archivio-commerciale/documentLibrary/MIGRAZIONE/2023/5614001-5615000/5614175_2023;GROUP_site_archivio-commerciale_SiteCollaborator;cmis:write
fba7e638-f4a7-447f-9a5a-b81199f267ec;/Sites/archivio-commerciale/documentLibrary/MIGRAZIONE/2023/5614001-5615000/5614438_2023;GROUP_EVERYONE;cmis:read
fba7e638-f4a7-447f-9a5a-b81199f267ec;/Sites/archivio-commerciale/documentLibrary/MIGRAZIONE/2023/5614001-5615000/5614438_2023;GROUP_site_archivio-commerciale_SiteConsumer;cmis:read
fba7e638-f4a7-447f-9a5a-b81199f267ec;/Sites/archivio-commerciale/documentLibrary/MIGRAZIONE/2023/5614001-5615000/5614438_2023;GROUP_site_archivio-commerciale_SiteManager;cmis:all
fba7e638-f4a7-447f-9a5a-b81199f267ec;/Sites/archivio-commerciale/documentLibrary/MIGRAZIONE/2023/5614001-5615000/5614438_2023;GROUP_site_archivio-commerciale_SiteManager;cmis:read
fba7e638-f4a7-447f-9a5a-b81199f267ec;/Sites/archivio-commerciale/documentLibrary/MIGRAZIONE/2023/5614001-5615000/5614438_2023;GROUP_site_archivio-commerciale_SiteManager;cmis:write
fba7e638-f4a7-447f-9a5a-b81199f267ec;/Sites/archivio-commerciale/documentLibrary/MIGRAZIONE/2023/5614001-5615000/5614438_2023;GROUP_site_archivio-commerciale_SiteContributor;cmis:read
fba7e638-f4a7-447f-9a5a-b81199f267ec;/Sites/archivio-commerciale/documentLibrary/MIGRAZIONE/2023/5614001-5615000/5614438_2023;GROUP_site_archivio-commerciale_SiteCollaborator;cmis:read
fba7e638-f4a7-447f-9a5a-b81199f267ec;/Sites/archivio-commerciale/documentLibrary/MIGRAZIONE/2023/5614001-5615000/5614438_2023;GROUP_site_archivio-commerciale_SiteCollaborator;cmis:write
6ee80a40-e8d2-46a8-96ce-6eba9f48ca96;/Sites/archivio-commerciale/documentLibrary/MIGRAZIONE/2023/5614001-5615000/5614523_2023;GROUP_EVERYONE;cmis:read
6ee80a40-e8d2-46a8-96ce-6eba9f48ca96;/Sites/archivio-commerciale/documentLibrary/MIGRAZIONE/2023/5614001-5615000/5614523_2023;GROUP_site_archivio-commerciale_SiteConsumer;cmis:read
6ee80a40-e8d2-46a8-96ce-6eba9f48ca96;/Sites/archivio-commerciale/documentLibrary/MIGRAZIONE/2023/5614001-5615000/5614523_2023;GROUP_site_archivio-commerciale_SiteManager;cmis:all
6ee80a40-e8d2-46a8-96ce-6eba9f48ca96;/Sites/archivio-commerciale/documentLibrary/MIGRAZIONE/2023/5614001-5615000/5614523_2023;GROUP_site_archivio-commerciale_SiteManager;cmis:read
6ee80a40-e8d2-46a8-96ce-6eba9f48ca96;/Sites/archivio-commerciale/documentLibrary/MIGRAZIONE/2023/5614001-5615000/5614523_2023;GROUP_site_archivio-commerciale_SiteManager;cmis:write
6ee80a40-e8d2-46a8-96ce-6eba9f48ca96;/Sites/archivio-commerciale/documentLibrary/MIGRAZIONE/2023/5614001-5615000/5614523_2023;GROUP_site_archivio-commerciale_SiteContributor;cmis:read
6ee80a40-e8d2-46a8-96ce-6eba9f48ca96;/Sites/archivio-commerciale/documentLibrary/MIGRAZIONE/2023/5614001-5615000/5614523_2023;GROUP_site_archivio-commerciale_SiteCollaborator;cmis:read
6ee80a40-e8d2-46a8-96ce-6eba9f48ca96;/Sites/archivio-commerciale/documentLibrary/MIGRAZIONE/2023/5614001-5615000/5614523_2023;GROUP_site_archivio-commerciale_SiteCollaborator;cmis:write
0021d7a3-2e77-4e42-9c31-a03b5ece3e1d;/Sites/archivio-commerciale/documentLibrary/MIGRAZIONE/2023/5614001-5615000/5614705_2023;GROUP_EVERYONE;cmis:read
0021d7a3-2e77-4e42-9c31-a03b5ece3e1d;/Sites/archivio-commerciale/documentLibrary/MIGRAZIONE/2023/5614001-5615000/5614705_2023;GROUP_site_archivio-commerciale_SiteConsumer;cmis:read
0021d7a3-2e77-4e42-9c31-a03b5ece3e1d;/Sites/archivio-commerciale/documentLibrary/MIGRAZIONE/2023/5614001-5615000/5614705_2023;GROUP_site_archivio-commerciale_SiteManager;cmis:all
0021d7a3-2e77-4e42-9c31-a03b5ece3e1d;/Sites/archivio-commerciale/documentLibrary/MIGRAZIONE/2023/5614001-5615000/5614705_2023;GROUP_site_archivio-commerciale_SiteManager;cmis:read
0021d7a3-2e77-4e42-9c31-a03b5ece3e1d;/Sites/archivio-commerciale/documentLibrary/MIGRAZIONE/2023/5614001-5615000/5614705_2023;GROUP_site_archivio-commerciale_SiteManager;cmis:write
0021d7a3-2e77-4e42-9c31-a03b5ece3e1d;/Sites/archivio-commerciale/documentLibrary/MIGRAZIONE/2023/5614001-5615000/5614705_2023;GROUP_site_archivio-commerciale_SiteContributor;cmis:read
0021d7a3-2e77-4e42-9c31-a03b5ece3e1d;/Sites/archivio-commerciale/documentLibrary/MIGRAZIONE/2023/5614001-5615000/5614705_2023;GROUP_site_archivio-commerciale_SiteCollaborator;cmis:read
0021d7a3-2e77-4e42-9c31-a03b5ece3e1d;/Sites/archivio-commerciale/documentLibrary/MIGRAZIONE/2023/5614001-5615000/5614705_2023;GROUP_site_archivio-commerciale_SiteCollaborator;cmis:write
6034b908-419d-4dc8-b47d-94592fe5e193;/Sites/archivio-commerciale/documentLibrary/MIGRAZIONE/2023/5614001-5615000/5614248_2023;GROUP_EVERYONE;cmis:read
6034b908-419d-4dc8-b47d-94592fe5e193;/Sites/archivio-commerciale/documentLibrary/MIGRAZIONE/2023/5614001-5615000/5614248_2023;GROUP_site_archivio-commerciale_SiteConsumer;cmis:read
6034b908-419d-4dc8-b47d-94592fe5e193;/Sites/archivio-commerciale/documentLibrary/MIGRAZIONE/2023/5614001-5615000/5614248_2023;GROUP_site_archivio-commerciale_SiteManager;cmis:all
6034b908-419d-4dc8-b47d-94592fe5e193;/Sites/archivio-commerciale/documentLibrary/MIGRAZIONE/2023/5614001-5615000/5614248_2023;GROUP_site_archivio-commerciale_SiteManager;cmis:read
6034b908-419d-4dc8-b47d-94592fe5e193;/Sites/archivio-commerciale/documentLibrary/MIGRAZIONE/2023/5614001-5615000/5614248_2023;GROUP_site_archivio-commerciale_SiteManager;cmis:write
6034b908-419d-4dc8-b47d-94592fe5e193;/Sites/archivio-commerciale/documentLibrary/MIGRAZIONE/2023/5614001-5615000/5614248_2023;GROUP_site_archivio-commerciale_SiteContributor;cmis:read
6034b908-419d-4dc8-b47d-94592fe5e193;/Sites/archivio-commerciale/documentLibrary/MIGRAZIONE/2023/5614001-5615000/5614248_2023;GROUP_site_archivio-commerciale_SiteCollaborator;cmis:read
6034b908-419d-4dc8-b47d-94592fe5e193;/Sites/archivio-commerciale/documentLibrary/MIGRAZIONE/2023/5614001-5615000/5614248_2023;GROUP_site_archivio-commerciale_SiteCollaborator;cmis:write
ff40c9e6-815c-42db-83f2-15dfad9eb2c1;/Sites/archivio-commerciale/documentLibrary/MIGRAZIONE/2023/5614001-5615000/5614353_2023;GROUP_EVERYONE;cmis:read
ff40c9e6-815c-42db-83f2-15dfad9eb2c1;/Sites/archivio-commerciale/documentLibrary/MIGRAZIONE/2023/5614001-5615000/5614353_2023;GROUP_site_archivio-commerciale_SiteConsumer;cmis:read
ff40c9e6-815c-42db-83f2-15dfad9eb2c1;/Sites/archivio-commerciale/documentLibrary/MIGRAZIONE/2023/5614001-5615000/5614353_2023;GROUP_site_archivio-commerciale_SiteManager;cmis:all
ff40c9e6-815c-42db-83f2-15dfad9eb2c1;/Sites/archivio-commerciale/documentLibrary/MIGRAZIONE/2023/5614001-5615000/5614353_2023;GROUP_site_archivio-commerciale_SiteManager;cmis:read
ff40c9e6-815c-42db-83f2-15dfad9eb2c1;/Sites/archivio-commerciale/documentLibrary/MIGRAZIONE/2023/5614001-5615000/5614353_2023;GROUP_site_archivio-commerciale_SiteManager;cmis:write
ff40c9e6-815c-42db-83f2-15dfad9eb2c1;/Sites/archivio-commerciale/documentLibrary/MIGRAZIONE/2023/5614001-5615000/5614353_2023;GROUP_site_archivio-commerciale_SiteContributor;cmis:read
ff40c9e6-815c-42db-83f2-15dfad9eb2c1;/Sites/archivio-commerciale/documentLibrary/MIGRAZIONE/2023/5614001-5615000/5614353_2023;GROUP_site_archivio-commerciale_SiteCollaborator;cmis:read
ff40c9e6-815c-42db-83f2-15dfad9eb2c1;/Sites/archivio-commerciale/documentLibrary/MIGRAZIONE/2023/5614001-5615000/5614353_2023;GROUP_site_archivio-commerciale_SiteCollaborator;cmis:write
43cda717-7603-485e-8077-761857fc8e93;/Sites/archivio-commerciale/documentLibrary/MIGRAZIONE/2023/5614001-5615000/5614576_2023;GROUP_EVERYONE;cmis:read
43cda717-7603-485e-8077-761857fc8e93;/Sites/archivio-commerciale/documentLibrary/MIGRAZIONE/2023/5614001-5615000/5614576_2023;GROUP_site_archivio-commerciale_SiteConsumer;cmis:read
43cda717-7603-485e-8077-761857fc8e93;/Sites/archivio-commerciale/documentLibrary/MIGRAZIONE/2023/5614001-5615000/5614576_2023;GROUP_site_archivio-commerciale_SiteManager;cmis:all
43cda717-7603-485e-8077-761857fc8e93;/Sites/archivio-commerciale/documentLibrary/MIGRAZIONE/2023/5614001-5615000/5614576_2023;GROUP_site_archivio-commerciale_SiteManager;cmis:read
43cda717-7603-485e-8077-761857fc8e93;/Sites/archivio-commerciale/documentLibrary/MIGRAZIONE/2023/5614001-5615000/5614576_2023;GROUP_site_archivio-commerciale_SiteManager;cmis:write
43cda717-7603-485e-8077-761857fc8e93;/Sites/archivio-commerciale/documentLibrary/MIGRAZIONE/2023/5614001-5615000/5614576_2023;GROUP_site_archivio-commerciale_SiteContributor;cmis:read
43cda717-7603-485e-8077-761857fc8e93;/Sites/archivio-commerciale/documentLibrary/MIGRAZIONE/2023/5614001-5615000/5614576_2023;GROUP_site_archivio-commerciale_SiteCollaborator;cmis:read
43cda717-7603-485e-8077-761857fc8e93;/Sites/archivio-commerciale/documentLibrary/MIGRAZIONE/2023/5614001-5615000/5614576_2023;GROUP_site_archivio-commerciale_SiteCollaborator;cmis:write
fe5916e6-2447-46fc-817c-e4351fb0d9fd;/Sites/archivio-commerciale/documentLibrary/MIGRAZIONE/2023/5614001-5615000/5614120_2023;GROUP_EVERYONE;cmis:read
fe5916e6-2447-46fc-817c-e4351fb0d9fd;/Sites/archivio-commerciale/documentLibrary/MIGRAZIONE/2023/5614001-5615000/5614120_2023;GROUP_site_archivio-commerciale_SiteConsumer;cmis:read
fe5916e6-2447-46fc-817c-e4351fb0d9fd;/Sites/archivio-commerciale/documentLibrary/MIGRAZIONE/2023/5614001-5615000/5614120_2023;GROUP_site_archivio-commerciale_SiteManager;cmis:all
fe5916e6-2447-46fc-817c-e4351fb0d9fd;/Sites/archivio-commerciale/documentLibrary/MIGRAZIONE/2023/5614001-5615000/5614120_2023;GROUP_site_archivio-commerciale_SiteManager;cmis:read
fe5916e6-2447-46fc-817c-e4351fb0d9fd;/Sites/archivio-commerciale/documentLibrary/MIGRAZIONE/2023/5614001-5615000/5614120_2023;GROUP_site_archivio-commerciale_SiteManager;cmis:write
fe5916e6-2447-46fc-817c-e4351fb0d9fd;/Sites/archivio-commerciale/documentLibrary/MIGRAZIONE/2023/5614001-5615000/5614120_2023;GROUP_site_archivio-commerciale_SiteContributor;cmis:read
fe5916e6-2447-46fc-817c-e4351fb0d9fd;/Sites/archivio-commerciale/documentLibrary/MIGRAZIONE/2023/5614001-5615000/5614120_2023;GROUP_site_archivio-commerciale_SiteCollaborator;cmis:read
fe5916e6-2447-46fc-817c-e4351fb0d9fd;/Sites/archivio-commerciale/documentLibrary/MIGRAZIONE/2023/5614001-5615000/5614120_2023;GROUP_site_archivio-commerciale_SiteCollaborator;cmis:write
b84fc9ba-8f45-4de9-896a-3aaff701ef8b;/Sites/archivio-commerciale/documentLibrary/MIGRAZIONE/2023/5614001-5615000/5614897_2023;GROUP_EVERYONE;cmis:read
b84fc9ba-8f45-4de9-896a-3aaff701ef8b;/Sites/archivio-commerciale/documentLibrary/MIGRAZIONE/2023/5614001-5615000/5614897_2023;GROUP_site_archivio-commerciale_SiteConsumer;cmis:read
b84fc9ba-8f45-4de9-896a-3aaff701ef8b;/Sites/archivio-commerciale/documentLibrary/MIGRAZIONE/2023/5614001-5615000/5614897_2023;GROUP_site_archivio-commerciale_SiteManager;cmis:all
b84fc9ba-8f45-4de9-896a-3aaff701ef8b;/Sites/archivio-commerciale/documentLibrary/MIGRAZIONE/2023/5614001-5615000/5614897_2023;GROUP_site_archivio-commerciale_SiteManager;cmis:read
b84fc9ba-8f45-4de9-896a-3aaff701ef8b;/Sites/archivio-commerciale/documentLibrary/MIGRAZIONE/2023/5614001-5615000/5614897_2023;GROUP_site_archivio-commerciale_SiteManager;cmis:write
b84fc9ba-8f45-4de9-896a-3aaff701ef8b;/Sites/archivio-commerciale/documentLibrary/MIGRAZIONE/2023/5614001-5615000/5614897_2023;GROUP_site_archivio-commerciale_SiteContributor;cmis:read
b84fc9ba-8f45-4de9-896a-3aaff701ef8b;/Sites/archivio-commerciale/documentLibrary/MIGRAZIONE/2023/5614001-5615000/5614897_2023;GROUP_site_archivio-commerciale_SiteCollaborator;cmis:read
b84fc9ba-8f45-4de9-896a-3aaff701ef8b;/Sites/archivio-commerciale/documentLibrary/MIGRAZIONE/2023/5614001-5615000/5614897_2023;GROUP_site_archivio-commerciale_SiteCollaborator;cmis:write
0cd140b8-7c97-4ce5-af1a-b5bc349b80ea;/Sites/archivio-commerciale/documentLibrary/MIGRAZIONE/2023/5614001-5615000/5614969_2023;GROUP_EVERYONE;cmis:read
0cd140b8-7c97-4ce5-af1a-b5bc349b80ea;/Sites/archivio-commerciale/documentLibrary/MIGRAZIONE/2023/5614001-5615000/5614969_2023;GROUP_site_archivio-commerciale_SiteConsumer;cmis:read
0cd140b8-7c97-4ce5-af1a-b5bc349b80ea;/Sites/archivio-commerciale/documentLibrary/MIGRAZIONE/2023/5614001-5615000/5614969_2023;GROUP_site_archivio-commerciale_SiteManager;cmis:all
0cd140b8-7c97-4ce5-af1a-b5bc349b80ea;/Sites/archivio-commerciale/documentLibrary/MIGRAZIONE/2023/5614001-5615000/5614969_2023;GROUP_site_archivio-commerciale_SiteManager;cmis:read
0cd140b8-7c97-4ce5-af1a-b5bc349b80ea;/Sites/archivio-commerciale/documentLibrary/MIGRAZIONE/2023/5614001-5615000/5614969_2023;GROUP_site_archivio-commerciale_SiteManager;cmis:write
0cd140b8-7c97-4ce5-af1a-b5bc349b80ea;/Sites/archivio-commerciale/documentLibrary/MIGRAZIONE/2023/5614001-5615000/5614969_2023;GROUP_site_archivio-commerciale_SiteContributor;cmis:read
0cd140b8-7c97-4ce5-af1a-b5bc349b80ea;/Sites/archivio-commerciale/documentLibrary/MIGRAZIONE/2023/5614001-5615000/5614969_2023;GROUP_site_archivio-commerciale_SiteCollaborator;cmis:read
0cd140b8-7c97-4ce5-af1a-b5bc349b80ea;/Sites/archivio-commerciale/documentLibrary/MIGRAZIONE/2023/5614001-5615000/5614969_2023;GROUP_site_archivio-commerciale_SiteCollaborator;cmis:write
53f39071-eba3-4319-afcc-e6697a510b5e;/Sites/archivio-commerciale/documentLibrary/MIGRAZIONE/2023/5614001-5615000/5614872_2023;GROUP_EVERYONE;cmis:read
53f39071-eba3-4319-afcc-e6697a510b5e;/Sites/archivio-commerciale/documentLibrary/MIGRAZIONE/2023/5614001-5615000/5614872_2023;GROUP_site_archivio-commerciale_SiteConsumer;cmis:read
53f39071-eba3-4319-afcc-e6697a510b5e;/Sites/archivio-commerciale/documentLibrary/MIGRAZIONE/2023/5614001-5615000/5614872_2023;GROUP_site_archivio-commerciale_SiteManager;cmis:all
53f39071-eba3-4319-afcc-e6697a510b5e;/Sites/archivio-commerciale/documentLibrary/MIGRAZIONE/2023/5614001-5615000/5614872_2023;GROUP_site_archivio-commerciale_SiteManager;cmis:read
53f39071-eba3-4319-afcc-e6697a510b5e;/Sites/archivio-commerciale/documentLibrary/MIGRAZIONE/2023/5614001-5615000/5614872_2023;GROUP_site_archivio-commerciale_SiteManager;cmis:write
53f39071-eba3-4319-afcc-e6697a510b5e;/Sites/archivio-commerciale/documentLibrary/MIGRAZIONE/2023/5614001-5615000/5614872_2023;GROUP_site_archivio-commerciale_SiteContributor;cmis:read
53f39071-eba3-4319-afcc-e6697a510b5e;/Sites/archivio-commerciale/documentLibrary/MIGRAZIONE/2023/5614001-5615000/5614872_2023;GROUP_site_archivio-commerciale_SiteCollaborator;cmis:read
53f39071-eba3-4319-afcc-e6697a510b5e;/Sites/archivio-commerciale/documentLibrary/MIGRAZIONE/2023/5614001-5615000/5614872_2023;GROUP_site_archivio-commerciale_SiteCollaborator;cmis:write
2a539a06-9cb4-4555-92e2-714c4e6cbeac;/Sites/archivio-commerciale/documentLibrary/MIGRAZIONE/2023/5614001-5615000/5614488_2023;GROUP_EVERYONE;cmis:read
2a539a06-9cb4-4555-92e2-714c4e6cbeac;/Sites/archivio-commerciale/documentLibrary/MIGRAZIONE/2023/5614001-5615000/5614488_2023;GROUP_site_archivio-commerciale_SiteConsumer;cmis:read
2a539a06-9cb4-4555-92e2-714c4e6cbeac;/Sites/archivio-commerciale/documentLibrary/MIGRAZIONE/2023/5614001-5615000/5614488_2023;GROUP_site_archivio-commerciale_SiteManager;cmis:all
2a539a06-9cb4-4555-92e2-714c4e6cbeac;/Sites/archivio-commerciale/documentLibrary/MIGRAZIONE/2023/5614001-5615000/5614488_2023;GROUP_site_archivio-commerciale_SiteManager;cmis:read
2a539a06-9cb4-4555-92e2-714c4e6cbeac;/Sites/archivio-commerciale/documentLibrary/MIGRAZIONE/2023/5614001-5615000/5614488_2023;GROUP_site_archivio-commerciale_SiteManager;cmis:write
2a539a06-9cb4-4555-92e2-714c4e6cbeac;/Sites/archivio-commerciale/documentLibrary/MIGRAZIONE/2023/5614001-5615000/5614488_2023;GROUP_site_archivio-commerciale_SiteContributor;cmis:read
2a539a06-9cb4-4555-92e2-714c4e6cbeac;/Sites/archivio-commerciale/documentLibrary/MIGRAZIONE/2023/5614001-5615000/5614488_2023;GROUP_site_archivio-commerciale_SiteCollaborator;cmis:read
2a539a06-9cb4-4555-92e2-714c4e6cbeac;/Sites/archivio-commerciale/documentLibrary/MIGRAZIONE/2023/5614001-5615000/5614488_2023;GROUP_site_archivio-commerciale_SiteCollaborator;cmis:write
a8f60f05-3554-4d3f-9481-bb334bdc7fbb;/Sites/archivio-commerciale/documentLibrary/MIGRAZIONE/2023/5614001-5615000/5614593_2023;GROUP_EVERYONE;cmis:read
a8f60f05-3554-4d3f-9481-bb334bdc7fbb;/Sites/archivio-commerciale/documentLibrary/MIGRAZIONE/2023/5614001-5615000/5614593_2023;GROUP_site_archivio-commerciale_SiteConsumer;cmis:read
a8f60f05-3554-4d3f-9481-bb334bdc7fbb;/Sites/archivio-commerciale/documentLibrary/MIGRAZIONE/2023/5614001-5615000/5614593_2023;GROUP_site_archivio-commerciale_SiteManager;cmis:all
a8f60f05-3554-4d3f-9481-bb334bdc7fbb;/Sites/archivio-commerciale/documentLibrary/MIGRAZIONE/2023/5614001-5615000/5614593_2023;GROUP_site_archivio-commerciale_SiteManager;cmis:read
a8f60f05-3554-4d3f-9481-bb334bdc7fbb;/Sites/archivio-commerciale/documentLibrary/MIGRAZIONE/2023/5614001-5615000/5614593_2023;GROUP_site_archivio-commerciale_SiteManager;cmis:write
a8f60f05-3554-4d3f-9481-bb334bdc7fbb;/Sites/archivio-commerciale/documentLibrary/MIGRAZIONE/2023/5614001-5615000/5614593_2023;GROUP_site_archivio-commerciale_SiteContributor;cmis:read
a8f60f05-3554-4d3f-9481-bb334bdc7fbb;/Sites/archivio-commerciale/documentLibrary/MIGRAZIONE/2023/5614001-5615000/5614593_2023;GROUP_site_archivio-commerciale_SiteCollaborator;cmis:read
a8f60f05-3554-4d3f-9481-bb334bdc7fbb;/Sites/archivio-commerciale/documentLibrary/MIGRAZIONE/2023/5614001-5615000/5614593_2023;GROUP_site_archivio-commerciale_SiteCollaborator;cmis:write
46de78f0-8be8-4184-9234-9e756df2fc1c;/Sites/archivio-commerciale/documentLibrary/MIGRAZIONE/2023/5614001-5615000/5614791_2023;GROUP_EVERYONE;cmis:read
46de78f0-8be8-4184-9234-9e756df2fc1c;/Sites/archivio-commerciale/documentLibrary/MIGRAZIONE/2023/5614001-5615000/5614791_2023;GROUP_site_archivio-commerciale_SiteConsumer;cmis:read
46de78f0-8be8-4184-9234-9e756df2fc1c;/Sites/archivio-commerciale/documentLibrary/MIGRAZIONE/2023/5614001-5615000/5614791_2023;GROUP_site_archivio-commerciale_SiteManager;cmis:all
46de78f0-8be8-4184-9234-9e756df2fc1c;/Sites/archivio-commerciale/documentLibrary/MIGRAZIONE/2023/5614001-5615000/5614791_2023;GROUP_site_archivio-commerciale_SiteManager;cmis:read
46de78f0-8be8-4184-9234-9e756df2fc1c;/Sites/archivio-commerciale/documentLibrary/MIGRAZIONE/2023/5614001-5615000/5614791_2023;GROUP_site_archivio-commerciale_SiteManager;cmis:write
46de78f0-8be8-4184-9234-9e756df2fc1c;/Sites/archivio-commerciale/documentLibrary/MIGRAZIONE/2023/5614001-5615000/5614791_2023;GROUP_site_archivio-commerciale_SiteContributor;cmis:read
46de78f0-8be8-4184-9234-9e756df2fc1c;/Sites/archivio-commerciale/documentLibrary/MIGRAZIONE/2023/5614001-5615000/5614791_2023;GROUP_site_archivio-commerciale_SiteCollaborator;cmis:read
46de78f0-8be8-4184-9234-9e756df2fc1c;/Sites/archivio-commerciale/documentLibrary/MIGRAZIONE/2023/5614001-5615000/5614791_2023;GROUP_site_archivio-commerciale_SiteCollaborator;cmis:write
c95e43de-c776-49b8-b745-0d84b6169627;/Sites/archivio-commerciale/documentLibrary/MIGRAZIONE/2023/5614001-5615000/5614322_2023;GROUP_EVERYONE;cmis:read
c95e43de-c776-49b8-b745-0d84b6169627;/Sites/archivio-commerciale/documentLibrary/MIGRAZIONE/2023/5614001-5615000/5614322_2023;GROUP_site_archivio-commerciale_SiteConsumer;cmis:read
c95e43de-c776-49b8-b745-0d84b6169627;/Sites/archivio-commerciale/documentLibrary/MIGRAZIONE/2023/5614001-5615000/5614322_2023;GROUP_site_archivio-commerciale_SiteManager;cmis:all
c95e43de-c776-49b8-b745-0d84b6169627;/Sites/archivio-commerciale/documentLibrary/MIGRAZIONE/2023/5614001-5615000/5614322_2023;GROUP_site_archivio-commerciale_SiteManager;cmis:read
c95e43de-c776-49b8-b745-0d84b6169627;/Sites/archivio-commerciale/documentLibrary/MIGRAZIONE/2023/5614001-5615000/5614322_2023;GROUP_site_archivio-commerciale_SiteManager;cmis:write
c95e43de-c776-49b8-b745-0d84b6169627;/Sites/archivio-commerciale/documentLibrary/MIGRAZIONE/2023/5614001-5615000/5614322_2023;GROUP_site_archivio-commerciale_SiteContributor;cmis:read
c95e43de-c776-49b8-b745-0d84b6169627;/Sites/archivio-commerciale/documentLibrary/MIGRAZIONE/2023/5614001-5615000/5614322_2023;GROUP_site_archivio-commerciale_SiteCollaborator;cmis:read
c95e43de-c776-49b8-b745-0d84b6169627;/Sites/archivio-commerciale/documentLibrary/MIGRAZIONE/2023/5614001-5615000/5614322_2023;GROUP_site_archivio-commerciale_SiteCollaborator;cmis:write
79d91fec-6201-4bb3-9d4b-12ac4b160e14;/Sites/archivio-commerciale/documentLibrary/MIGRAZIONE/2023/5614001-5615000/5614239_2023;GROUP_EVERYONE;cmis:read
79d91fec-6201-4bb3-9d4b-12ac4b160e14;/Sites/archivio-commerciale/documentLibrary/MIGRAZIONE/2023/5614001-5615000/5614239_2023;GROUP_site_archivio-commerciale_SiteConsumer;cmis:read
79d91fec-6201-4bb3-9d4b-12ac4b160e14;/Sites/archivio-commerciale/documentLibrary/MIGRAZIONE/2023/5614001-5615000/5614239_2023;GROUP_site_archivio-commerciale_SiteManager;cmis:all
79d91fec-6201-4bb3-9d4b-12ac4b160e14;/Sites/archivio-commerciale/documentLibrary/MIGRAZIONE/2023/5614001-5615000/5614239_2023;GROUP_site_archivio-commerciale_SiteManager;cmis:read
79d91fec-6201-4bb3-9d4b-12ac4b160e14;/Sites/archivio-commerciale/documentLibrary/MIGRAZIONE/2023/5614001-5615000/5614239_2023;GROUP_site_archivio-commerciale_SiteManager;cmis:write
79d91fec-6201-4bb3-9d4b-12ac4b160e14;/Sites/archivio-commerciale/documentLibrary/MIGRAZIONE/2023/5614001-5615000/5614239_2023;GROUP_site_archivio-commerciale_SiteContributor;cmis:read
79d91fec-6201-4bb3-9d4b-12ac4b160e14;/Sites/archivio-commerciale/documentLibrary/MIGRAZIONE/2023/5614001-5615000/5614239_2023;GROUP_site_archivio-commerciale_SiteCollaborator;cmis:read
79d91fec-6201-4bb3-9d4b-12ac4b160e14;/Sites/archivio-commerciale/documentLibrary/MIGRAZIONE/2023/5614001-5615000/5614239_2023;GROUP_site_archivio-commerciale_SiteCollaborator;cmis:write
6274948d-5414-43da-9fdb-3d9fc445c015;/Sites/archivio-commerciale/documentLibrary/MIGRAZIONE/2023/5614001-5615000/5614774_2023;GROUP_EVERYONE;cmis:read
6274948d-5414-43da-9fdb-3d9fc445c015;/Sites/archivio-commerciale/documentLibrary/MIGRAZIONE/2023/5614001-5615000/5614774_2023;GROUP_site_archivio-commerciale_SiteConsumer;cmis:read
6274948d-5414-43da-9fdb-3d9fc445c015;/Sites/archivio-commerciale/documentLibrary/MIGRAZIONE/2023/5614001-5615000/5614774_2023;GROUP_site_archivio-commerciale_SiteManager;cmis:all
6274948d-5414-43da-9fdb-3d9fc445c015;/Sites/archivio-commerciale/documentLibrary/MIGRAZIONE/2023/5614001-5615000/5614774_2023;GROUP_site_archivio-commerciale_SiteManager;cmis:read
6274948d-5414-43da-9fdb-3d9fc445c015;/Sites/archivio-commerciale/documentLibrary/MIGRAZIONE/2023/5614001-5615000/5614774_2023;GROUP_site_archivio-commerciale_SiteManager;cmis:write
6274948d-5414-43da-9fdb-3d9fc445c015;/Sites/archivio-commerciale/documentLibrary/MIGRAZIONE/2023/5614001-5615000/5614774_2023;GROUP_site_archivio-commerciale_SiteContributor;cmis:read
6274948d-5414-43da-9fdb-3d9fc445c015;/Sites/archivio-commerciale/documentLibrary/MIGRAZIONE/2023/5614001-5615000/5614774_2023;GROUP_site_archivio-commerciale_SiteCollaborator;cmis:read
6274948d-5414-43da-9fdb-3d9fc445c015;/Sites/archivio-commerciale/documentLibrary/MIGRAZIONE/2023/5614001-5615000/5614774_2023;GROUP_site_archivio-commerciale_SiteCollaborator;cmis:write
44e43fa3-9c67-4aa0-a25f-10870614c637;/Sites/archivio-commerciale/documentLibrary/MIGRAZIONE/2023/5614001-5615000/5614918_2023;GROUP_EVERYONE;cmis:read
44e43fa3-9c67-4aa0-a25f-10870614c637;/Sites/archivio-commerciale/documentLibrary/MIGRAZIONE/2023/5614001-5615000/5614918_2023;GROUP_site_archivio-commerciale_SiteConsumer;cmis:read
44e43fa3-9c67-4aa0-a25f-10870614c637;/Sites/archivio-commerciale/documentLibrary/MIGRAZIONE/2023/5614001-5615000/5614918_2023;GROUP_site_archivio-commerciale_SiteManager;cmis:all
44e43fa3-9c67-4aa0-a25f-10870614c637;/Sites/archivio-commerciale/documentLibrary/MIGRAZIONE/2023/5614001-5615000/5614918_2023;GROUP_site_archivio-commerciale_SiteManager;cmis:read
44e43fa3-9c67-4aa0-a25f-10870614c637;/Sites/archivio-commerciale/documentLibrary/MIGRAZIONE/2023/5614001-5615000/5614918_2023;GROUP_site_archivio-commerciale_SiteManager;cmis:write
44e43fa3-9c67-4aa0-a25f-10870614c637;/Sites/archivio-commerciale/documentLibrary/MIGRAZIONE/2023/5614001-5615000/5614918_2023;GROUP_site_archivio-commerciale_SiteContributor;cmis:read
44e43fa3-9c67-4aa0-a25f-10870614c637;/Sites/archivio-commerciale/documentLibrary/MIGRAZIONE/2023/5614001-5615000/5614918_2023;GROUP_site_archivio-commerciale_SiteCollaborator;cmis:read
44e43fa3-9c67-4aa0-a25f-10870614c637;/Sites/archivio-commerciale/documentLibrary/MIGRAZIONE/2023/5614001-5615000/5614918_2023;GROUP_site_archivio-commerciale_SiteCollaborator;cmis:write
a1edfafe-c5a8-4745-aa7e-5b1381aecb55;/Sites/archivio-commerciale/documentLibrary/MIGRAZIONE/2023/5614001-5615000/5614151_2023;GROUP_EVERYONE;cmis:read
a1edfafe-c5a8-4745-aa7e-5b1381aecb55;/Sites/archivio-commerciale/documentLibrary/MIGRAZIONE/2023/5614001-5615000/5614151_2023;GROUP_site_archivio-commerciale_SiteConsumer;cmis:read
a1edfafe-c5a8-4745-aa7e-5b1381aecb55;/Sites/archivio-commerciale/documentLibrary/MIGRAZIONE/2023/5614001-5615000/5614151_2023;GROUP_site_archivio-commerciale_SiteManager;cmis:all
a1edfafe-c5a8-4745-aa7e-5b1381aecb55;/Sites/archivio-commerciale/documentLibrary/MIGRAZIONE/2023/5614001-5615000/5614151_2023;GROUP_site_archivio-commerciale_SiteManager;cmis:read
a1edfafe-c5a8-4745-aa7e-5b1381aecb55;/Sites/archivio-commerciale/documentLibrary/MIGRAZIONE/2023/5614001-5615000/5614151_2023;GROUP_site_archivio-commerciale_SiteManager;cmis:write
a1edfafe-c5a8-4745-aa7e-5b1381aecb55;/Sites/archivio-commerciale/documentLibrary/MIGRAZIONE/2023/5614001-5615000/5614151_2023;GROUP_site_archivio-commerciale_SiteContributor;cmis:read
a1edfafe-c5a8-4745-aa7e-5b1381aecb55;/Sites/archivio-commerciale/documentLibrary/MIGRAZIONE/2023/5614001-5615000/5614151_2023;GROUP_site_archivio-commerciale_SiteCollaborator;cmis:read
a1edfafe-c5a8-4745-aa7e-5b1381aecb55;/Sites/archivio-commerciale/documentLibrary/MIGRAZIONE/2023/5614001-5615000/5614151_2023;GROUP_site_archivio-commerciale_SiteCollaborator;cmis:write
e78a4a4a-efa1-4314-b788-9e252c28d3a5;/Sites/archivio-commerciale/documentLibrary/MIGRAZIONE/2023/5614001-5615000/5614507_2023;GROUP_EVERYONE;cmis:read
e78a4a4a-efa1-4314-b788-9e252c28d3a5;/Sites/archivio-commerciale/documentLibrary/MIGRAZIONE/2023/5614001-5615000/5614507_2023;GROUP_site_archivio-commerciale_SiteConsumer;cmis:read
e78a4a4a-efa1-4314-b788-9e252c28d3a5;/Sites/archivio-commerciale/documentLibrary/MIGRAZIONE/2023/5614001-5615000/5614507_2023;GROUP_site_archivio-commerciale_SiteManager;cmis:all
e78a4a4a-efa1-4314-b788-9e252c28d3a5;/Sites/archivio-commerciale/documentLibrary/MIGRAZIONE/2023/5614001-5615000/5614507_2023;GROUP_site_archivio-commerciale_SiteManager;cmis:read
e78a4a4a-efa1-4314-b788-9e252c28d3a5;/Sites/archivio-commerciale/documentLibrary/MIGRAZIONE/2023/5614001-5615000/5614507_2023;GROUP_site_archivio-commerciale_SiteManager;cmis:write
e78a4a4a-efa1-4314-b788-9e252c28d3a5;/Sites/archivio-commerciale/documentLibrary/MIGRAZIONE/2023/5614001-5615000/5614507_2023;GROUP_site_archivio-commerciale_SiteContributor;cmis:read
e78a4a4a-efa1-4314-b788-9e252c28d3a5;/Sites/archivio-commerciale/documentLibrary/MIGRAZIONE/2023/5614001-5615000/5614507_2023;GROUP_site_archivio-commerciale_SiteCollaborator;cmis:read
e78a4a4a-efa1-4314-b788-9e252c28d3a5;/Sites/archivio-commerciale/documentLibrary/MIGRAZIONE/2023/5614001-5615000/5614507_2023;GROUP_site_archivio-commerciale_SiteCollaborator;cmis:write
7aa832ef-2443-4722-a157-17f7e3608f91;/Sites/archivio-commerciale/documentLibrary/MIGRAZIONE/2023/5614001-5615000/5614721_2023;GROUP_EVERYONE;cmis:read
7aa832ef-2443-4722-a157-17f7e3608f91;/Sites/archivio-commerciale/documentLibrary/MIGRAZIONE/2023/5614001-5615000/5614721_2023;GROUP_site_archivio-commerciale_SiteConsumer;cmis:read
7aa832ef-2443-4722-a157-17f7e3608f91;/Sites/archivio-commerciale/documentLibrary/MIGRAZIONE/2023/5614001-5615000/5614721_2023;GROUP_site_archivio-commerciale_SiteManager;cmis:all
7aa832ef-2443-4722-a157-17f7e3608f91;/Sites/archivio-commerciale/documentLibrary/MIGRAZIONE/2023/5614001-5615000/5614721_2023;GROUP_site_archivio-commerciale_SiteManager;cmis:read
7aa832ef-2443-4722-a157-17f7e3608f91;/Sites/archivio-commerciale/documentLibrary/MIGRAZIONE/2023/5614001-5615000/5614721_2023;GROUP_site_archivio-commerciale_SiteManager;cmis:write
7aa832ef-2443-4722-a157-17f7e3608f91;/Sites/archivio-commerciale/documentLibrary/MIGRAZIONE/2023/5614001-5615000/5614721_2023;GROUP_site_archivio-commerciale_SiteContributor;cmis:read
7aa832ef-2443-4722-a157-17f7e3608f91;/Sites/archivio-commerciale/documentLibrary/MIGRAZIONE/2023/5614001-5615000/5614721_2023;GROUP_site_archivio-commerciale_SiteCollaborator;cmis:read
7aa832ef-2443-4722-a157-17f7e3608f91;/Sites/archivio-commerciale/documentLibrary/MIGRAZIONE/2023/5614001-5615000/5614721_2023;GROUP_site_archivio-commerciale_SiteCollaborator;cmis:write
751fd482-fbd9-48b6-9440-7e78f7869c9f;/Sites/archivio-commerciale/documentLibrary/MIGRAZIONE/2023/5614001-5615000/5614392_2023;GROUP_EVERYONE;cmis:read
751fd482-fbd9-48b6-9440-7e78f7869c9f;/Sites/archivio-commerciale/documentLibrary/MIGRAZIONE/2023/5614001-5615000/5614392_2023;GROUP_site_archivio-commerciale_SiteConsumer;cmis:read
751fd482-fbd9-48b6-9440-7e78f7869c9f;/Sites/archivio-commerciale/documentLibrary/MIGRAZIONE/2023/5614001-5615000/5614392_2023;GROUP_site_archivio-commerciale_SiteManager;cmis:all
751fd482-fbd9-48b6-9440-7e78f7869c9f;/Sites/archivio-commerciale/documentLibrary/MIGRAZIONE/2023/5614001-5615000/5614392_2023;GROUP_site_archivio-commerciale_SiteManager;cmis:read
751fd482-fbd9-48b6-9440-7e78f7869c9f;/Sites/archivio-commerciale/documentLibrary/MIGRAZIONE/2023/5614001-5615000/5614392_2023;GROUP_site_archivio-commerciale_SiteManager;cmis:write
751fd482-fbd9-48b6-9440-7e78f7869c9f;/Sites/archivio-commerciale/documentLibrary/MIGRAZIONE/2023/5614001-5615000/5614392_2023;GROUP_site_archivio-commerciale_SiteContributor;cmis:read
751fd482-fbd9-48b6-9440-7e78f7869c9f;/Sites/archivio-commerciale/documentLibrary/MIGRAZIONE/2023/5614001-5615000/5614392_2023;GROUP_site_archivio-commerciale_SiteCollaborator;cmis:read
751fd482-fbd9-48b6-9440-7e78f7869c9f;/Sites/archivio-commerciale/documentLibrary/MIGRAZIONE/2023/5614001-5615000/5614392_2023;GROUP_site_archivio-commerciale_SiteCollaborator;cmis:write
37509737-7186-492d-9c8b-afc0f6100ab0;/Sites/archivio-commerciale/documentLibrary/MIGRAZIONE/2023/5614001-5615000/5614289_2023;GROUP_EVERYONE;cmis:read
37509737-7186-492d-9c8b-afc0f6100ab0;/Sites/archivio-commerciale/documentLibrary/MIGRAZIONE/2023/5614001-5615000/5614289_2023;GROUP_site_archivio-commerciale_SiteConsumer;cmis:read
37509737-7186-492d-9c8b-afc0f6100ab0;/Sites/archivio-commerciale/documentLibrary/MIGRAZIONE/2023/5614001-5615000/5614289_2023;GROUP_site_archivio-commerciale_SiteManager;cmis:all
37509737-7186-492d-9c8b-afc0f6100ab0;/Sites/archivio-commerciale/documentLibrary/MIGRAZIONE/2023/5614001-5615000/5614289_2023;GROUP_site_archivio-commerciale_SiteManager;cmis:read
37509737-7186-492d-9c8b-afc0f6100ab0;/Sites/archivio-commerciale/documentLibrary/MIGRAZIONE/2023/5614001-5615000/5614289_2023;GROUP_site_archivio-commerciale_SiteManager;cmis:write
37509737-7186-492d-9c8b-afc0f6100ab0;/Sites/archivio-commerciale/documentLibrary/MIGRAZIONE/2023/5614001-5615000/5614289_2023;GROUP_site_archivio-commerciale_SiteContributor;cmis:read
37509737-7186-492d-9c8b-afc0f6100ab0;/Sites/archivio-commerciale/documentLibrary/MIGRAZIONE/2023/5614001-5615000/5614289_2023;GROUP_site_archivio-commerciale_SiteCollaborator;cmis:read
37509737-7186-492d-9c8b-afc0f6100ab0;/Sites/archivio-commerciale/documentLibrary/MIGRAZIONE/2023/5614001-5615000/5614289_2023;GROUP_site_archivio-commerciale_SiteCollaborator;cmis:write
6f43200a-f26e-4ed9-bf71-e8c8e2eacb90;/Sites/archivio-commerciale/documentLibrary/MIGRAZIONE/2023/5614001-5615000/5614552_2023;GROUP_EVERYONE;cmis:read
6f43200a-f26e-4ed9-bf71-e8c8e2eacb90;/Sites/archivio-commerciale/documentLibrary/MIGRAZIONE/2023/5614001-5615000/5614552_2023;GROUP_site_archivio-commerciale_SiteConsumer;cmis:read
6f43200a-f26e-4ed9-bf71-e8c8e2eacb90;/Sites/archivio-commerciale/documentLibrary/MIGRAZIONE/2023/5614001-5615000/5614552_2023;GROUP_site_archivio-commerciale_SiteManager;cmis:all
6f43200a-f26e-4ed9-bf71-e8c8e2eacb90;/Sites/archivio-commerciale/documentLibrary/MIGRAZIONE/2023/5614001-5615000/5614552_2023;GROUP_site_archivio-commerciale_SiteManager;cmis:read
6f43200a-f26e-4ed9-bf71-e8c8e2eacb90;/Sites/archivio-commerciale/documentLibrary/MIGRAZIONE/2023/5614001-5615000/5614552_2023;GROUP_site_archivio-commerciale_SiteManager;cmis:write
6f43200a-f26e-4ed9-bf71-e8c8e2eacb90;/Sites/archivio-commerciale/documentLibrary/MIGRAZIONE/2023/5614001-5615000/5614552_2023;GROUP_site_archivio-commerciale_SiteContributor;cmis:read
6f43200a-f26e-4ed9-bf71-e8c8e2eacb90;/Sites/archivio-commerciale/documentLibrary/MIGRAZIONE/2023/5614001-5615000/5614552_2023;GROUP_site_archivio-commerciale_SiteCollaborator;cmis:read
6f43200a-f26e-4ed9-bf71-e8c8e2eacb90;/Sites/archivio-commerciale/documentLibrary/MIGRAZIONE/2023/5614001-5615000/5614552_2023;GROUP_site_archivio-commerciale_SiteCollaborator;cmis:write
1348cc2a-3231-44b6-aecf-fc552b63641f;/Sites/archivio-commerciale/documentLibrary/MIGRAZIONE/2023/5614001-5615000/5614449_2023;GROUP_EVERYONE;cmis:read
1348cc2a-3231-44b6-aecf-fc552b63641f;/Sites/archivio-commerciale/documentLibrary/MIGRAZIONE/2023/5614001-5615000/5614449_2023;GROUP_site_archivio-commerciale_SiteConsumer;cmis:read
1348cc2a-3231-44b6-aecf-fc552b63641f;/Sites/archivio-commerciale/documentLibrary/MIGRAZIONE/2023/5614001-5615000/5614449_2023;GROUP_site_archivio-commerciale_SiteManager;cmis:all
1348cc2a-3231-44b6-aecf-fc552b63641f;/Sites/archivio-commerciale/documentLibrary/MIGRAZIONE/2023/5614001-5615000/5614449_2023;GROUP_site_archivio-commerciale_SiteManager;cmis:read
1348cc2a-3231-44b6-aecf-fc552b63641f;/Sites/archivio-commerciale/documentLibrary/MIGRAZIONE/2023/5614001-5615000/5614449_2023;GROUP_site_archivio-commerciale_SiteManager;cmis:write
1348cc2a-3231-44b6-aecf-fc552b63641f;/Sites/archivio-commerciale/documentLibrary/MIGRAZIONE/2023/5614001-5615000/5614449_2023;GROUP_site_archivio-commerciale_SiteContributor;cmis:read
1348cc2a-3231-44b6-aecf-fc552b63641f;/Sites/archivio-commerciale/documentLibrary/MIGRAZIONE/2023/5614001-5615000/5614449_2023;GROUP_site_archivio-commerciale_SiteCollaborator;cmis:read
1348cc2a-3231-44b6-aecf-fc552b63641f;/Sites/archivio-commerciale/documentLibrary/MIGRAZIONE/2023/5614001-5615000/5614449_2023;GROUP_site_archivio-commerciale_SiteCollaborator;cmis:write
9d7d6188-04fa-4127-b8d7-4a41cb2ace9f;/Sites/archivio-commerciale/documentLibrary/MIGRAZIONE/2023/5614001-5615000/5614104_2023;GROUP_EVERYONE;cmis:read
9d7d6188-04fa-4127-b8d7-4a41cb2ace9f;/Sites/archivio-commerciale/documentLibrary/MIGRAZIONE/2023/5614001-5615000/5614104_2023;GROUP_site_archivio-commerciale_SiteConsumer;cmis:read
9d7d6188-04fa-4127-b8d7-4a41cb2ace9f;/Sites/archivio-commerciale/documentLibrary/MIGRAZIONE/2023/5614001-5615000/5614104_2023;GROUP_site_archivio-commerciale_SiteManager;cmis:all
9d7d6188-04fa-4127-b8d7-4a41cb2ace9f;/Sites/archivio-commerciale/documentLibrary/MIGRAZIONE/2023/5614001-5615000/5614104_2023;GROUP_site_archivio-commerciale_SiteManager;cmis:read
9d7d6188-04fa-4127-b8d7-4a41cb2ace9f;/Sites/archivio-commerciale/documentLibrary/MIGRAZIONE/2023/5614001-5615000/5614104_2023;GROUP_site_archivio-commerciale_SiteManager;cmis:write
9d7d6188-04fa-4127-b8d7-4a41cb2ace9f;/Sites/archivio-commerciale/documentLibrary/MIGRAZIONE/2023/5614001-5615000/5614104_2023;GROUP_site_archivio-commerciale_SiteContributor;cmis:read
9d7d6188-04fa-4127-b8d7-4a41cb2ace9f;/Sites/archivio-commerciale/documentLibrary/MIGRAZIONE/2023/5614001-5615000/5614104_2023;GROUP_site_archivio-commerciale_SiteCollaborator;cmis:read
9d7d6188-04fa-4127-b8d7-4a41cb2ace9f;/Sites/archivio-commerciale/documentLibrary/MIGRAZIONE/2023/5614001-5615000/5614104_2023;GROUP_site_archivio-commerciale_SiteCollaborator;cmis:write
92ac9ca3-7f60-4881-85cf-db44f76528aa;/Sites/archivio-commerciale/documentLibrary/MIGRAZIONE/2023/5614001-5615000/5614856_2023;GROUP_EVERYONE;cmis:read
92ac9ca3-7f60-4881-85cf-db44f76528aa;/Sites/archivio-commerciale/documentLibrary/MIGRAZIONE/2023/5614001-5615000/5614856_2023;GROUP_site_archivio-commerciale_SiteConsumer;cmis:read
92ac9ca3-7f60-4881-85cf-db44f76528aa;/Sites/archivio-commerciale/documentLibrary/MIGRAZIONE/2023/5614001-5615000/5614856_2023;GROUP_site_archivio-commerciale_SiteManager;cmis:all
92ac9ca3-7f60-4881-85cf-db44f76528aa;/Sites/archivio-commerciale/documentLibrary/MIGRAZIONE/2023/5614001-5615000/5614856_2023;GROUP_site_archivio-commerciale_SiteManager;cmis:read
92ac9ca3-7f60-4881-85cf-db44f76528aa;/Sites/archivio-commerciale/documentLibrary/MIGRAZIONE/2023/5614001-5615000/5614856_2023;GROUP_site_archivio-commerciale_SiteManager;cmis:write
92ac9ca3-7f60-4881-85cf-db44f76528aa;/Sites/archivio-commerciale/documentLibrary/MIGRAZIONE/2023/5614001-5615000/5614856_2023;GROUP_site_archivio-commerciale_SiteContributor;cmis:read
92ac9ca3-7f60-4881-85cf-db44f76528aa;/Sites/archivio-commerciale/documentLibrary/MIGRAZIONE/2023/5614001-5615000/5614856_2023;GROUP_site_archivio-commerciale_SiteCollaborator;cmis:read
92ac9ca3-7f60-4881-85cf-db44f76528aa;/Sites/archivio-commerciale/documentLibrary/MIGRAZIONE/2023/5614001-5615000/5614856_2023;GROUP_site_archivio-commerciale_SiteCollaborator;cmis:write
11b541c8-8a09-4592-9fc9-7db7336bc1e3;/Sites/archivio-commerciale/documentLibrary/MIGRAZIONE/2023/5614001-5615000/5614957_2023;GROUP_EVERYONE;cmis:read
11b541c8-8a09-4592-9fc9-7db7336bc1e3;/Sites/archivio-commerciale/documentLibrary/MIGRAZIONE/2023/5614001-5615000/5614957_2023;GROUP_site_archivio-commerciale_SiteConsumer;cmis:read
11b541c8-8a09-4592-9fc9-7db7336bc1e3;/Sites/archivio-commerciale/documentLibrary/MIGRAZIONE/2023/5614001-5615000/5614957_2023;GROUP_site_archivio-commerciale_SiteManager;cmis:all
11b541c8-8a09-4592-9fc9-7db7336bc1e3;/Sites/archivio-commerciale/documentLibrary/MIGRAZIONE/2023/5614001-5615000/5614957_2023;GROUP_site_archivio-commerciale_SiteManager;cmis:read
11b541c8-8a09-4592-9fc9-7db7336bc1e3;/Sites/archivio-commerciale/documentLibrary/MIGRAZIONE/2023/5614001-5615000/5614957_2023;GROUP_site_archivio-commerciale_SiteManager;cmis:write
11b541c8-8a09-4592-9fc9-7db7336bc1e3;/Sites/archivio-commerciale/documentLibrary/MIGRAZIONE/2023/5614001-5615000/5614957_2023;GROUP_site_archivio-commerciale_SiteContributor;cmis:read
11b541c8-8a09-4592-9fc9-7db7336bc1e3;/Sites/archivio-commerciale/documentLibrary/MIGRAZIONE/2023/5614001-5615000/5614957_2023;GROUP_site_archivio-commerciale_SiteCollaborator;cmis:read
11b541c8-8a09-4592-9fc9-7db7336bc1e3;/Sites/archivio-commerciale/documentLibrary/MIGRAZIONE/2023/5614001-5615000/5614957_2023;GROUP_site_archivio-commerciale_SiteCollaborator;cmis:write
49299cd7-442d-4b6b-8570-4d409647d305;/Sites/archivio-commerciale/documentLibrary/MIGRAZIONE/2023/5614001-5615000/5614005_2023;GROUP_EVERYONE;cmis:read
49299cd7-442d-4b6b-8570-4d409647d305;/Sites/archivio-commerciale/documentLibrary/MIGRAZIONE/2023/5614001-5615000/5614005_2023;GROUP_site_archivio-commerciale_SiteConsumer;cmis:read
49299cd7-442d-4b6b-8570-4d409647d305;/Sites/archivio-commerciale/documentLibrary/MIGRAZIONE/2023/5614001-5615000/5614005_2023;GROUP_site_archivio-commerciale_SiteManager;cmis:all
49299cd7-442d-4b6b-8570-4d409647d305;/Sites/archivio-commerciale/documentLibrary/MIGRAZIONE/2023/5614001-5615000/5614005_2023;GROUP_site_archivio-commerciale_SiteManager;cmis:read
49299cd7-442d-4b6b-8570-4d409647d305;/Sites/archivio-commerciale/documentLibrary/MIGRAZIONE/2023/5614001-5615000/5614005_2023;GROUP_site_archivio-commerciale_SiteManager;cmis:write
49299cd7-442d-4b6b-8570-4d409647d305;/Sites/archivio-commerciale/documentLibrary/MIGRAZIONE/2023/5614001-5615000/5614005_2023;GROUP_site_archivio-commerciale_SiteContributor;cmis:read
49299cd7-442d-4b6b-8570-4d409647d305;/Sites/archivio-commerciale/documentLibrary/MIGRAZIONE/2023/5614001-5615000/5614005_2023;GROUP_site_archivio-commerciale_SiteCollaborator;cmis:read
49299cd7-442d-4b6b-8570-4d409647d305;/Sites/archivio-commerciale/documentLibrary/MIGRAZIONE/2023/5614001-5615000/5614005_2023;GROUP_site_archivio-commerciale_SiteCollaborator;cmis:write
b0fa6abd-eaef-4b4c-a06d-e395ba1b221e;/Sites/archivio-commerciale/documentLibrary/MIGRAZIONE/2023/5614001-5615000/5614548_2023;GROUP_EVERYONE;cmis:read
b0fa6abd-eaef-4b4c-a06d-e395ba1b221e;/Sites/archivio-commerciale/documentLibrary/MIGRAZIONE/2023/5614001-5615000/5614548_2023;GROUP_site_archivio-commerciale_SiteConsumer;cmis:read
b0fa6abd-eaef-4b4c-a06d-e395ba1b221e;/Sites/archivio-commerciale/documentLibrary/MIGRAZIONE/2023/5614001-5615000/5614548_2023;GROUP_site_archivio-commerciale_SiteManager;cmis:all
b0fa6abd-eaef-4b4c-a06d-e395ba1b221e;/Sites/archivio-commerciale/documentLibrary/MIGRAZIONE/2023/5614001-5615000/5614548_2023;GROUP_site_archivio-commerciale_SiteManager;cmis:read
b0fa6abd-eaef-4b4c-a06d-e395ba1b221e;/Sites/archivio-commerciale/documentLibrary/MIGRAZIONE/2023/5614001-5615000/5614548_2023;GROUP_site_archivio-commerciale_SiteManager;cmis:write
b0fa6abd-eaef-4b4c-a06d-e395ba1b221e;/Sites/archivio-commerciale/documentLibrary/MIGRAZIONE/2023/5614001-5615000/5614548_2023;GROUP_site_archivio-commerciale_SiteContributor;cmis:read
b0fa6abd-eaef-4b4c-a06d-e395ba1b221e;/Sites/archivio-commerciale/documentLibrary/MIGRAZIONE/2023/5614001-5615000/5614548_2023;GROUP_site_archivio-commerciale_SiteCollaborator;cmis:read
b0fa6abd-eaef-4b4c-a06d-e395ba1b221e;/Sites/archivio-commerciale/documentLibrary/MIGRAZIONE/2023/5614001-5615000/5614548_2023;GROUP_site_archivio-commerciale_SiteCollaborator;cmis:write
caded339-7efb-4432-9981-4883598cd4bd;/Sites/archivio-commerciale/documentLibrary/MIGRAZIONE/2023/5614001-5615000/5614453_2023;GROUP_EVERYONE;cmis:read
caded339-7efb-4432-9981-4883598cd4bd;/Sites/archivio-commerciale/documentLibrary/MIGRAZIONE/2023/5614001-5615000/5614453_2023;GROUP_site_archivio-commerciale_SiteConsumer;cmis:read
caded339-7efb-4432-9981-4883598cd4bd;/Sites/archivio-commerciale/documentLibrary/MIGRAZIONE/2023/5614001-5615000/5614453_2023;GROUP_site_archivio-commerciale_SiteManager;cmis:all
caded339-7efb-4432-9981-4883598cd4bd;/Sites/archivio-commerciale/documentLibrary/MIGRAZIONE/2023/5614001-5615000/5614453_2023;GROUP_site_archivio-commerciale_SiteManager;cmis:read
caded339-7efb-4432-9981-4883598cd4bd;/Sites/archivio-commerciale/documentLibrary/MIGRAZIONE/2023/5614001-5615000/5614453_2023;GROUP_site_archivio-commerciale_SiteManager;cmis:write
caded339-7efb-4432-9981-4883598cd4bd;/Sites/archivio-commerciale/documentLibrary/MIGRAZIONE/2023/5614001-5615000/5614453_2023;GROUP_site_archivio-commerciale_SiteContributor;cmis:read
caded339-7efb-4432-9981-4883598cd4bd;/Sites/archivio-commerciale/documentLibrary/MIGRAZIONE/2023/5614001-5615000/5614453_2023;GROUP_site_archivio-commerciale_SiteCollaborator;cmis:read
caded339-7efb-4432-9981-4883598cd4bd;/Sites/archivio-commerciale/documentLibrary/MIGRAZIONE/2023/5614001-5615000/5614453_2023;GROUP_site_archivio-commerciale_SiteCollaborator;cmis:write
fbf33cbe-5e99-478f-a679-c9ff530f0141;/Sites/archivio-commerciale/documentLibrary/MIGRAZIONE/2023/5614001-5615000/5614388_2023;GROUP_EVERYONE;cmis:read
fbf33cbe-5e99-478f-a679-c9ff530f0141;/Sites/archivio-commerciale/documentLibrary/MIGRAZIONE/2023/5614001-5615000/5614388_2023;GROUP_site_archivio-commerciale_SiteConsumer;cmis:read
fbf33cbe-5e99-478f-a679-c9ff530f0141;/Sites/archivio-commerciale/documentLibrary/MIGRAZIONE/2023/5614001-5615000/5614388_2023;GROUP_site_archivio-commerciale_SiteManager;cmis:all
fbf33cbe-5e99-478f-a679-c9ff530f0141;/Sites/archivio-commerciale/documentLibrary/MIGRAZIONE/2023/5614001-5615000/5614388_2023;GROUP_site_archivio-commerciale_SiteManager;cmis:read
fbf33cbe-5e99-478f-a679-c9ff530f0141;/Sites/archivio-commerciale/documentLibrary/MIGRAZIONE/2023/5614001-5615000/5614388_2023;GROUP_site_archivio-commerciale_SiteManager;cmis:write
fbf33cbe-5e99-478f-a679-c9ff530f0141;/Sites/archivio-commerciale/documentLibrary/MIGRAZIONE/2023/5614001-5615000/5614388_2023;GROUP_site_archivio-commerciale_SiteContributor;cmis:read
fbf33cbe-5e99-478f-a679-c9ff530f0141;/Sites/archivio-commerciale/documentLibrary/MIGRAZIONE/2023/5614001-5615000/5614388_2023;GROUP_site_archivio-commerciale_SiteCollaborator;cmis:read
fbf33cbe-5e99-478f-a679-c9ff530f0141;/Sites/archivio-commerciale/documentLibrary/MIGRAZIONE/2023/5614001-5615000/5614388_2023;GROUP_site_archivio-commerciale_SiteCollaborator;cmis:write
6698990c-b11e-45b4-a118-1ef7e06c82ad;/Sites/archivio-commerciale/documentLibrary/MIGRAZIONE/2023/5614001-5615000/5614293_2023;GROUP_EVERYONE;cmis:read
6698990c-b11e-45b4-a118-1ef7e06c82ad;/Sites/archivio-commerciale/documentLibrary/MIGRAZIONE/2023/5614001-5615000/5614293_2023;GROUP_site_archivio-commerciale_SiteConsumer;cmis:read
6698990c-b11e-45b4-a118-1ef7e06c82ad;/Sites/archivio-commerciale/documentLibrary/MIGRAZIONE/2023/5614001-5615000/5614293_2023;GROUP_site_archivio-commerciale_SiteManager;cmis:all
6698990c-b11e-45b4-a118-1ef7e06c82ad;/Sites/archivio-commerciale/documentLibrary/MIGRAZIONE/2023/5614001-5615000/5614293_2023;GROUP_site_archivio-commerciale_SiteManager;cmis:read
6698990c-b11e-45b4-a118-1ef7e06c82ad;/Sites/archivio-commerciale/documentLibrary/MIGRAZIONE/2023/5614001-5615000/5614293_2023;GROUP_site_archivio-commerciale_SiteManager;cmis:write
6698990c-b11e-45b4-a118-1ef7e06c82ad;/Sites/archivio-commerciale/documentLibrary/MIGRAZIONE/2023/5614001-5615000/5614293_2023;GROUP_site_archivio-commerciale_SiteContributor;cmis:read
6698990c-b11e-45b4-a118-1ef7e06c82ad;/Sites/archivio-commerciale/documentLibrary/MIGRAZIONE/2023/5614001-5615000/5614293_2023;GROUP_site_archivio-commerciale_SiteCollaborator;cmis:read
6698990c-b11e-45b4-a118-1ef7e06c82ad;/Sites/archivio-commerciale/documentLibrary/MIGRAZIONE/2023/5614001-5615000/5614293_2023;GROUP_site_archivio-commerciale_SiteCollaborator;cmis:write
3adf0f4d-23f0-47f0-966c-fe33345b5d11;/Sites/archivio-commerciale/documentLibrary/MIGRAZIONE/2023/5614001-5615000/5614276_2023;GROUP_EVERYONE;cmis:read
3adf0f4d-23f0-47f0-966c-fe33345b5d11;/Sites/archivio-commerciale/documentLibrary/MIGRAZIONE/2023/5614001-5615000/5614276_2023;GROUP_site_archivio-commerciale_SiteConsumer;cmis:read
3adf0f4d-23f0-47f0-966c-fe33345b5d11;/Sites/archivio-commerciale/documentLibrary/MIGRAZIONE/2023/5614001-5615000/5614276_2023;GROUP_site_archivio-commerciale_SiteManager;cmis:all
3adf0f4d-23f0-47f0-966c-fe33345b5d11;/Sites/archivio-commerciale/documentLibrary/MIGRAZIONE/2023/5614001-5615000/5614276_2023;GROUP_site_archivio-commerciale_SiteManager;cmis:read
3adf0f4d-23f0-47f0-966c-fe33345b5d11;/Sites/archivio-commerciale/documentLibrary/MIGRAZIONE/2023/5614001-5615000/5614276_2023;GROUP_site_archivio-commerciale_SiteManager;cmis:write
3adf0f4d-23f0-47f0-966c-fe33345b5d11;/Sites/archivio-commerciale/documentLibrary/MIGRAZIONE/2023/5614001-5615000/5614276_2023;GROUP_site_archivio-commerciale_SiteContributor;cmis:read
3adf0f4d-23f0-47f0-966c-fe33345b5d11;/Sites/archivio-commerciale/documentLibrary/MIGRAZIONE/2023/5614001-5615000/5614276_2023;GROUP_site_archivio-commerciale_SiteCollaborator;cmis:read
3adf0f4d-23f0-47f0-966c-fe33345b5d11;/Sites/archivio-commerciale/documentLibrary/MIGRAZIONE/2023/5614001-5615000/5614276_2023;GROUP_site_archivio-commerciale_SiteCollaborator;cmis:write
32d33039-1b9e-4684-8e2e-7d1037f399ce;/Sites/archivio-commerciale/documentLibrary/MIGRAZIONE/2023/5614001-5615000/5614620_2023;GROUP_EVERYONE;cmis:read
32d33039-1b9e-4684-8e2e-7d1037f399ce;/Sites/archivio-commerciale/documentLibrary/MIGRAZIONE/2023/5614001-5615000/5614620_2023;GROUP_site_archivio-commerciale_SiteConsumer;cmis:read
32d33039-1b9e-4684-8e2e-7d1037f399ce;/Sites/archivio-commerciale/documentLibrary/MIGRAZIONE/2023/5614001-5615000/5614620_2023;GROUP_site_archivio-commerciale_SiteManager;cmis:all
32d33039-1b9e-4684-8e2e-7d1037f399ce;/Sites/archivio-commerciale/documentLibrary/MIGRAZIONE/2023/5614001-5615000/5614620_2023;GROUP_site_archivio-commerciale_SiteManager;cmis:read
32d33039-1b9e-4684-8e2e-7d1037f399ce;/Sites/archivio-commerciale/documentLibrary/MIGRAZIONE/2023/5614001-5615000/5614620_2023;GROUP_site_archivio-commerciale_SiteManager;cmis:write
32d33039-1b9e-4684-8e2e-7d1037f399ce;/Sites/archivio-commerciale/documentLibrary/MIGRAZIONE/2023/5614001-5615000/5614620_2023;GROUP_site_archivio-commerciale_SiteContributor;cmis:read
32d33039-1b9e-4684-8e2e-7d1037f399ce;/Sites/archivio-commerciale/documentLibrary/MIGRAZIONE/2023/5614001-5615000/5614620_2023;GROUP_site_archivio-commerciale_SiteCollaborator;cmis:read
32d33039-1b9e-4684-8e2e-7d1037f399ce;/Sites/archivio-commerciale/documentLibrary/MIGRAZIONE/2023/5614001-5615000/5614620_2023;GROUP_site_archivio-commerciale_SiteCollaborator;cmis:write
31012a89-29a8-4646-943e-2fc8a9874cba;/Sites/archivio-commerciale/documentLibrary/MIGRAZIONE/2023/5614001-5615000/5614406_2023;GROUP_EVERYONE;cmis:read
31012a89-29a8-4646-943e-2fc8a9874cba;/Sites/archivio-commerciale/documentLibrary/MIGRAZIONE/2023/5614001-5615000/5614406_2023;GROUP_site_archivio-commerciale_SiteConsumer;cmis:read
31012a89-29a8-4646-943e-2fc8a9874cba;/Sites/archivio-commerciale/documentLibrary/MIGRAZIONE/2023/5614001-5615000/5614406_2023;GROUP_site_archivio-commerciale_SiteManager;cmis:all
31012a89-29a8-4646-943e-2fc8a9874cba;/Sites/archivio-commerciale/documentLibrary/MIGRAZIONE/2023/5614001-5615000/5614406_2023;GROUP_site_archivio-commerciale_SiteManager;cmis:read
31012a89-29a8-4646-943e-2fc8a9874cba;/Sites/archivio-commerciale/documentLibrary/MIGRAZIONE/2023/5614001-5615000/5614406_2023;GROUP_site_archivio-commerciale_SiteManager;cmis:write
31012a89-29a8-4646-943e-2fc8a9874cba;/Sites/archivio-commerciale/documentLibrary/MIGRAZIONE/2023/5614001-5615000/5614406_2023;GROUP_site_archivio-commerciale_SiteContributor;cmis:read
31012a89-29a8-4646-943e-2fc8a9874cba;/Sites/archivio-commerciale/documentLibrary/MIGRAZIONE/2023/5614001-5615000/5614406_2023;GROUP_site_archivio-commerciale_SiteCollaborator;cmis:read
31012a89-29a8-4646-943e-2fc8a9874cba;/Sites/archivio-commerciale/documentLibrary/MIGRAZIONE/2023/5614001-5615000/5614406_2023;GROUP_site_archivio-commerciale_SiteCollaborator;cmis:write
6cb23d68-3bbc-423d-84b4-30abc4b76d5f;/Sites/archivio-commerciale/documentLibrary/MIGRAZIONE/2023/5614001-5615000/5614050_2023;GROUP_EVERYONE;cmis:read
6cb23d68-3bbc-423d-84b4-30abc4b76d5f;/Sites/archivio-commerciale/documentLibrary/MIGRAZIONE/2023/5614001-5615000/5614050_2023;GROUP_site_archivio-commerciale_SiteConsumer;cmis:read
6cb23d68-3bbc-423d-84b4-30abc4b76d5f;/Sites/archivio-commerciale/documentLibrary/MIGRAZIONE/2023/5614001-5615000/5614050_2023;GROUP_site_archivio-commerciale_SiteManager;cmis:all
6cb23d68-3bbc-423d-84b4-30abc4b76d5f;/Sites/archivio-commerciale/documentLibrary/MIGRAZIONE/2023/5614001-5615000/5614050_2023;GROUP_site_archivio-commerciale_SiteManager;cmis:read
6cb23d68-3bbc-423d-84b4-30abc4b76d5f;/Sites/archivio-commerciale/documentLibrary/MIGRAZIONE/2023/5614001-5615000/5614050_2023;GROUP_site_archivio-commerciale_SiteManager;cmis:write
6cb23d68-3bbc-423d-84b4-30abc4b76d5f;/Sites/archivio-commerciale/documentLibrary/MIGRAZIONE/2023/5614001-5615000/5614050_2023;GROUP_site_archivio-commerciale_SiteContributor;cmis:read
6cb23d68-3bbc-423d-84b4-30abc4b76d5f;/Sites/archivio-commerciale/documentLibrary/MIGRAZIONE/2023/5614001-5615000/5614050_2023;GROUP_site_archivio-commerciale_SiteCollaborator;cmis:read
6cb23d68-3bbc-423d-84b4-30abc4b76d5f;/Sites/archivio-commerciale/documentLibrary/MIGRAZIONE/2023/5614001-5615000/5614050_2023;GROUP_site_archivio-commerciale_SiteCollaborator;cmis:write
efab1789-eca1-44d6-98b0-7b4e6dcdd4b4;/Sites/archivio-commerciale/documentLibrary/MIGRAZIONE/2023/5614001-5615000/5614819_2023;GROUP_EVERYONE;cmis:read
efab1789-eca1-44d6-98b0-7b4e6dcdd4b4;/Sites/archivio-commerciale/documentLibrary/MIGRAZIONE/2023/5614001-5615000/5614819_2023;GROUP_site_archivio-commerciale_SiteConsumer;cmis:read
efab1789-eca1-44d6-98b0-7b4e6dcdd4b4;/Sites/archivio-commerciale/documentLibrary/MIGRAZIONE/2023/5614001-5615000/5614819_2023;GROUP_site_archivio-commerciale_SiteManager;cmis:all
efab1789-eca1-44d6-98b0-7b4e6dcdd4b4;/Sites/archivio-commerciale/documentLibrary/MIGRAZIONE/2023/5614001-5615000/5614819_2023;GROUP_site_archivio-commerciale_SiteManager;cmis:read
efab1789-eca1-44d6-98b0-7b4e6dcdd4b4;/Sites/archivio-commerciale/documentLibrary/MIGRAZIONE/2023/5614001-5615000/5614819_2023;GROUP_site_archivio-commerciale_SiteManager;cmis:write
efab1789-eca1-44d6-98b0-7b4e6dcdd4b4;/Sites/archivio-commerciale/documentLibrary/MIGRAZIONE/2023/5614001-5615000/5614819_2023;GROUP_site_archivio-commerciale_SiteContributor;cmis:read
efab1789-eca1-44d6-98b0-7b4e6dcdd4b4;/Sites/archivio-commerciale/documentLibrary/MIGRAZIONE/2023/5614001-5615000/5614819_2023;GROUP_site_archivio-commerciale_SiteCollaborator;cmis:read
efab1789-eca1-44d6-98b0-7b4e6dcdd4b4;/Sites/archivio-commerciale/documentLibrary/MIGRAZIONE/2023/5614001-5615000/5614819_2023;GROUP_site_archivio-commerciale_SiteCollaborator;cmis:write
4bbf7d2e-d5d0-4441-8293-f06d52067051;/Sites/archivio-commerciale/documentLibrary/MIGRAZIONE/2023/5614001-5615000/5614902_2023;GROUP_EVERYONE;cmis:read
4bbf7d2e-d5d0-4441-8293-f06d52067051;/Sites/archivio-commerciale/documentLibrary/MIGRAZIONE/2023/5614001-5615000/5614902_2023;GROUP_site_archivio-commerciale_SiteConsumer;cmis:read
4bbf7d2e-d5d0-4441-8293-f06d52067051;/Sites/archivio-commerciale/documentLibrary/MIGRAZIONE/2023/5614001-5615000/5614902_2023;GROUP_site_archivio-commerciale_SiteManager;cmis:all
4bbf7d2e-d5d0-4441-8293-f06d52067051;/Sites/archivio-commerciale/documentLibrary/MIGRAZIONE/2023/5614001-5615000/5614902_2023;GROUP_site_archivio-commerciale_SiteManager;cmis:read
4bbf7d2e-d5d0-4441-8293-f06d52067051;/Sites/archivio-commerciale/documentLibrary/MIGRAZIONE/2023/5614001-5615000/5614902_2023;GROUP_site_archivio-commerciale_SiteManager;cmis:write
4bbf7d2e-d5d0-4441-8293-f06d52067051;/Sites/archivio-commerciale/documentLibrary/MIGRAZIONE/2023/5614001-5615000/5614902_2023;GROUP_site_archivio-commerciale_SiteContributor;cmis:read
4bbf7d2e-d5d0-4441-8293-f06d52067051;/Sites/archivio-commerciale/documentLibrary/MIGRAZIONE/2023/5614001-5615000/5614902_2023;GROUP_site_archivio-commerciale_SiteCollaborator;cmis:read
4bbf7d2e-d5d0-4441-8293-f06d52067051;/Sites/archivio-commerciale/documentLibrary/MIGRAZIONE/2023/5614001-5615000/5614902_2023;GROUP_site_archivio-commerciale_SiteCollaborator;cmis:write
d209a367-4634-4f84-9b80-821d91d10a44;/Sites/archivio-commerciale/documentLibrary/MIGRAZIONE/2023/5614001-5615000/5614675_2023;GROUP_EVERYONE;cmis:read
d209a367-4634-4f84-9b80-821d91d10a44;/Sites/archivio-commerciale/documentLibrary/MIGRAZIONE/2023/5614001-5615000/5614675_2023;GROUP_site_archivio-commerciale_SiteConsumer;cmis:read
d209a367-4634-4f84-9b80-821d91d10a44;/Sites/archivio-commerciale/documentLibrary/MIGRAZIONE/2023/5614001-5615000/5614675_2023;GROUP_site_archivio-commerciale_SiteManager;cmis:all
d209a367-4634-4f84-9b80-821d91d10a44;/Sites/archivio-commerciale/documentLibrary/MIGRAZIONE/2023/5614001-5615000/5614675_2023;GROUP_site_archivio-commerciale_SiteManager;cmis:read
d209a367-4634-4f84-9b80-821d91d10a44;/Sites/archivio-commerciale/documentLibrary/MIGRAZIONE/2023/5614001-5615000/5614675_2023;GROUP_site_archivio-commerciale_SiteManager;cmis:write
d209a367-4634-4f84-9b80-821d91d10a44;/Sites/archivio-commerciale/documentLibrary/MIGRAZIONE/2023/5614001-5615000/5614675_2023;GROUP_site_archivio-commerciale_SiteContributor;cmis:read
d209a367-4634-4f84-9b80-821d91d10a44;/Sites/archivio-commerciale/documentLibrary/MIGRAZIONE/2023/5614001-5615000/5614675_2023;GROUP_site_archivio-commerciale_SiteCollaborator;cmis:read
d209a367-4634-4f84-9b80-821d91d10a44;/Sites/archivio-commerciale/documentLibrary/MIGRAZIONE/2023/5614001-5615000/5614675_2023;GROUP_site_archivio-commerciale_SiteCollaborator;cmis:write
7c82d8aa-c203-484c-aaa4-8b3393494773;/Sites/archivio-commerciale/documentLibrary/MIGRAZIONE/2023/5614001-5615000/5614338_2023;GROUP_EVERYONE;cmis:read
7c82d8aa-c203-484c-aaa4-8b3393494773;/Sites/archivio-commerciale/documentLibrary/MIGRAZIONE/2023/5614001-5615000/5614338_2023;GROUP_site_archivio-commerciale_SiteConsumer;cmis:read
7c82d8aa-c203-484c-aaa4-8b3393494773;/Sites/archivio-commerciale/documentLibrary/MIGRAZIONE/2023/5614001-5615000/5614338_2023;GROUP_site_archivio-commerciale_SiteManager;cmis:all
7c82d8aa-c203-484c-aaa4-8b3393494773;/Sites/archivio-commerciale/documentLibrary/MIGRAZIONE/2023/5614001-5615000/5614338_2023;GROUP_site_archivio-commerciale_SiteManager;cmis:read
7c82d8aa-c203-484c-aaa4-8b3393494773;/Sites/archivio-commerciale/documentLibrary/MIGRAZIONE/2023/5614001-5615000/5614338_2023;GROUP_site_archivio-commerciale_SiteManager;cmis:write
7c82d8aa-c203-484c-aaa4-8b3393494773;/Sites/archivio-commerciale/documentLibrary/MIGRAZIONE/2023/5614001-5615000/5614338_2023;GROUP_site_archivio-commerciale_SiteContributor;cmis:read
7c82d8aa-c203-484c-aaa4-8b3393494773;/Sites/archivio-commerciale/documentLibrary/MIGRAZIONE/2023/5614001-5615000/5614338_2023;GROUP_site_archivio-commerciale_SiteCollaborator;cmis:read
7c82d8aa-c203-484c-aaa4-8b3393494773;/Sites/archivio-commerciale/documentLibrary/MIGRAZIONE/2023/5614001-5615000/5614338_2023;GROUP_site_archivio-commerciale_SiteCollaborator;cmis:write
94954e3a-6ce5-4bc1-9207-bf264a2a9efd;/Sites/archivio-commerciale/documentLibrary/MIGRAZIONE/2023/5614001-5615000/5614223_2023;GROUP_EVERYONE;cmis:read
94954e3a-6ce5-4bc1-9207-bf264a2a9efd;/Sites/archivio-commerciale/documentLibrary/MIGRAZIONE/2023/5614001-5615000/5614223_2023;GROUP_site_archivio-commerciale_SiteConsumer;cmis:read
94954e3a-6ce5-4bc1-9207-bf264a2a9efd;/Sites/archivio-commerciale/documentLibrary/MIGRAZIONE/2023/5614001-5615000/5614223_2023;GROUP_site_archivio-commerciale_SiteManager;cmis:all
94954e3a-6ce5-4bc1-9207-bf264a2a9efd;/Sites/archivio-commerciale/documentLibrary/MIGRAZIONE/2023/5614001-5615000/5614223_2023;GROUP_site_archivio-commerciale_SiteManager;cmis:read
94954e3a-6ce5-4bc1-9207-bf264a2a9efd;/Sites/archivio-commerciale/documentLibrary/MIGRAZIONE/2023/5614001-5615000/5614223_2023;GROUP_site_archivio-commerciale_SiteManager;cmis:write
94954e3a-6ce5-4bc1-9207-bf264a2a9efd;/Sites/archivio-commerciale/documentLibrary/MIGRAZIONE/2023/5614001-5615000/5614223_2023;GROUP_site_archivio-commerciale_SiteContributor;cmis:read
94954e3a-6ce5-4bc1-9207-bf264a2a9efd;/Sites/archivio-commerciale/documentLibrary/MIGRAZIONE/2023/5614001-5615000/5614223_2023;GROUP_site_archivio-commerciale_SiteCollaborator;cmis:read
94954e3a-6ce5-4bc1-9207-bf264a2a9efd;/Sites/archivio-commerciale/documentLibrary/MIGRAZIONE/2023/5614001-5615000/5614223_2023;GROUP_site_archivio-commerciale_SiteCollaborator;cmis:write
b6c2b0ce-0cb8-436c-a080-60e9946335c5;/Sites/archivio-commerciale/documentLibrary/MIGRAZIONE/2023/5614001-5615000/5614690_2023;GROUP_EVERYONE;cmis:read
b6c2b0ce-0cb8-436c-a080-60e9946335c5;/Sites/archivio-commerciale/documentLibrary/MIGRAZIONE/2023/5614001-5615000/5614690_2023;GROUP_site_archivio-commerciale_SiteConsumer;cmis:read
b6c2b0ce-0cb8-436c-a080-60e9946335c5;/Sites/archivio-commerciale/documentLibrary/MIGRAZIONE/2023/5614001-5615000/5614690_2023;GROUP_site_archivio-commerciale_SiteManager;cmis:all
b6c2b0ce-0cb8-436c-a080-60e9946335c5;/Sites/archivio-commerciale/documentLibrary/MIGRAZIONE/2023/5614001-5615000/5614690_2023;GROUP_site_archivio-commerciale_SiteManager;cmis:read
b6c2b0ce-0cb8-436c-a080-60e9946335c5;/Sites/archivio-commerciale/documentLibrary/MIGRAZIONE/2023/5614001-5615000/5614690_2023;GROUP_site_archivio-commerciale_SiteManager;cmis:write
b6c2b0ce-0cb8-436c-a080-60e9946335c5;/Sites/archivio-commerciale/documentLibrary/MIGRAZIONE/2023/5614001-5615000/5614690_2023;GROUP_site_archivio-commerciale_SiteContributor;cmis:read
b6c2b0ce-0cb8-436c-a080-60e9946335c5;/Sites/archivio-commerciale/documentLibrary/MIGRAZIONE/2023/5614001-5615000/5614690_2023;GROUP_site_archivio-commerciale_SiteCollaborator;cmis:read
b6c2b0ce-0cb8-436c-a080-60e9946335c5;/Sites/archivio-commerciale/documentLibrary/MIGRAZIONE/2023/5614001-5615000/5614690_2023;GROUP_site_archivio-commerciale_SiteCollaborator;cmis:write
89bbf1ca-7961-4935-aaaf-7a53675e8d7a;/Sites/archivio-commerciale/documentLibrary/MIGRAZIONE/2023/5614001-5615000/5614294_2023;GROUP_EVERYONE;cmis:read
89bbf1ca-7961-4935-aaaf-7a53675e8d7a;/Sites/archivio-commerciale/documentLibrary/MIGRAZIONE/2023/5614001-5615000/5614294_2023;GROUP_site_archivio-commerciale_SiteConsumer;cmis:read
89bbf1ca-7961-4935-aaaf-7a53675e8d7a;/Sites/archivio-commerciale/documentLibrary/MIGRAZIONE/2023/5614001-5615000/5614294_2023;GROUP_site_archivio-commerciale_SiteManager;cmis:all
89bbf1ca-7961-4935-aaaf-7a53675e8d7a;/Sites/archivio-commerciale/documentLibrary/MIGRAZIONE/2023/5614001-5615000/5614294_2023;GROUP_site_archivio-commerciale_SiteManager;cmis:read
89bbf1ca-7961-4935-aaaf-7a53675e8d7a;/Sites/archivio-commerciale/documentLibrary/MIGRAZIONE/2023/5614001-5615000/5614294_2023;GROUP_site_archivio-commerciale_SiteManager;cmis:write
89bbf1ca-7961-4935-aaaf-7a53675e8d7a;/Sites/archivio-commerciale/documentLibrary/MIGRAZIONE/2023/5614001-5615000/5614294_2023;GROUP_site_archivio-commerciale_SiteContributor;cmis:read
89bbf1ca-7961-4935-aaaf-7a53675e8d7a;/Sites/archivio-commerciale/documentLibrary/MIGRAZIONE/2023/5614001-5615000/5614294_2023;GROUP_site_archivio-commerciale_SiteCollaborator;cmis:read
89bbf1ca-7961-4935-aaaf-7a53675e8d7a;/Sites/archivio-commerciale/documentLibrary/MIGRAZIONE/2023/5614001-5615000/5614294_2023;GROUP_site_archivio-commerciale_SiteCollaborator;cmis:write
2cc13dd6-5a63-41cd-9c23-054bcd5c3357;/Sites/archivio-commerciale/documentLibrary/MIGRAZIONE/2023/5614001-5615000/5614271_2023;GROUP_EVERYONE;cmis:read
2cc13dd6-5a63-41cd-9c23-054bcd5c3357;/Sites/archivio-commerciale/documentLibrary/MIGRAZIONE/2023/5614001-5615000/5614271_2023;GROUP_site_archivio-commerciale_SiteConsumer;cmis:read
2cc13dd6-5a63-41cd-9c23-054bcd5c3357;/Sites/archivio-commerciale/documentLibrary/MIGRAZIONE/2023/5614001-5615000/5614271_2023;GROUP_site_archivio-commerciale_SiteManager;cmis:all
2cc13dd6-5a63-41cd-9c23-054bcd5c3357;/Sites/archivio-commerciale/documentLibrary/MIGRAZIONE/2023/5614001-5615000/5614271_2023;GROUP_site_archivio-commerciale_SiteManager;cmis:read
2cc13dd6-5a63-41cd-9c23-054bcd5c3357;/Sites/archivio-commerciale/documentLibrary/MIGRAZIONE/2023/5614001-5615000/5614271_2023;GROUP_site_archivio-commerciale_SiteManager;cmis:write
2cc13dd6-5a63-41cd-9c23-054bcd5c3357;/Sites/archivio-commerciale/documentLibrary/MIGRAZIONE/2023/5614001-5615000/5614271_2023;GROUP_site_archivio-commerciale_SiteContributor;cmis:read
2cc13dd6-5a63-41cd-9c23-054bcd5c3357;/Sites/archivio-commerciale/documentLibrary/MIGRAZIONE/2023/5614001-5615000/5614271_2023;GROUP_site_archivio-commerciale_SiteCollaborator;cmis:read
2cc13dd6-5a63-41cd-9c23-054bcd5c3357;/Sites/archivio-commerciale/documentLibrary/MIGRAZIONE/2023/5614001-5615000/5614271_2023;GROUP_site_archivio-commerciale_SiteCollaborator;cmis:write
f08148b5-08c6-40e5-93e2-8e4c209a9207;/Sites/archivio-commerciale/documentLibrary/MIGRAZIONE/2023/5614001-5615000/5614627_2023;GROUP_EVERYONE;cmis:read
f08148b5-08c6-40e5-93e2-8e4c209a9207;/Sites/archivio-commerciale/documentLibrary/MIGRAZIONE/2023/5614001-5615000/5614627_2023;GROUP_site_archivio-commerciale_SiteConsumer;cmis:read
f08148b5-08c6-40e5-93e2-8e4c209a9207;/Sites/archivio-commerciale/documentLibrary/MIGRAZIONE/2023/5614001-5615000/5614627_2023;GROUP_site_archivio-commerciale_SiteManager;cmis:all
f08148b5-08c6-40e5-93e2-8e4c209a9207;/Sites/archivio-commerciale/documentLibrary/MIGRAZIONE/2023/5614001-5615000/5614627_2023;GROUP_site_archivio-commerciale_SiteManager;cmis:read
f08148b5-08c6-40e5-93e2-8e4c209a9207;/Sites/archivio-commerciale/documentLibrary/MIGRAZIONE/2023/5614001-5615000/5614627_2023;GROUP_site_archivio-commerciale_SiteManager;cmis:write
f08148b5-08c6-40e5-93e2-8e4c209a9207;/Sites/archivio-commerciale/documentLibrary/MIGRAZIONE/2023/5614001-5615000/5614627_2023;GROUP_site_archivio-commerciale_SiteContributor;cmis:read
f08148b5-08c6-40e5-93e2-8e4c209a9207;/Sites/archivio-commerciale/documentLibrary/MIGRAZIONE/2023/5614001-5615000/5614627_2023;GROUP_site_archivio-commerciale_SiteCollaborator;cmis:read
f08148b5-08c6-40e5-93e2-8e4c209a9207;/Sites/archivio-commerciale/documentLibrary/MIGRAZIONE/2023/5614001-5615000/5614627_2023;GROUP_site_archivio-commerciale_SiteCollaborator;cmis:write
56119691-58e1-423e-8b57-d7f18508426e;/Sites/archivio-commerciale/documentLibrary/MIGRAZIONE/2023/5614001-5615000/5614950_2023;GROUP_EVERYONE;cmis:read
56119691-58e1-423e-8b57-d7f18508426e;/Sites/archivio-commerciale/documentLibrary/MIGRAZIONE/2023/5614001-5615000/5614950_2023;GROUP_site_archivio-commerciale_SiteConsumer;cmis:read
56119691-58e1-423e-8b57-d7f18508426e;/Sites/archivio-commerciale/documentLibrary/MIGRAZIONE/2023/5614001-5615000/5614950_2023;GROUP_site_archivio-commerciale_SiteManager;cmis:all
56119691-58e1-423e-8b57-d7f18508426e;/Sites/archivio-commerciale/documentLibrary/MIGRAZIONE/2023/5614001-5615000/5614950_2023;GROUP_site_archivio-commerciale_SiteManager;cmis:read
56119691-58e1-423e-8b57-d7f18508426e;/Sites/archivio-commerciale/documentLibrary/MIGRAZIONE/2023/5614001-5615000/5614950_2023;GROUP_site_archivio-commerciale_SiteManager;cmis:write
56119691-58e1-423e-8b57-d7f18508426e;/Sites/archivio-commerciale/documentLibrary/MIGRAZIONE/2023/5614001-5615000/5614950_2023;GROUP_site_archivio-commerciale_SiteContributor;cmis:read
56119691-58e1-423e-8b57-d7f18508426e;/Sites/archivio-commerciale/documentLibrary/MIGRAZIONE/2023/5614001-5615000/5614950_2023;GROUP_site_archivio-commerciale_SiteCollaborator;cmis:read
56119691-58e1-423e-8b57-d7f18508426e;/Sites/archivio-commerciale/documentLibrary/MIGRAZIONE/2023/5614001-5615000/5614950_2023;GROUP_site_archivio-commerciale_SiteCollaborator;cmis:write
59435f45-a9aa-4bce-a076-7b60d432265e;/Sites/archivio-commerciale/documentLibrary/MIGRAZIONE/2023/5614001-5615000/5614119_2023;GROUP_EVERYONE;cmis:read
59435f45-a9aa-4bce-a076-7b60d432265e;/Sites/archivio-commerciale/documentLibrary/MIGRAZIONE/2023/5614001-5615000/5614119_2023;GROUP_site_archivio-commerciale_SiteConsumer;cmis:read
59435f45-a9aa-4bce-a076-7b60d432265e;/Sites/archivio-commerciale/documentLibrary/MIGRAZIONE/2023/5614001-5615000/5614119_2023;GROUP_site_archivio-commerciale_SiteManager;cmis:all
59435f45-a9aa-4bce-a076-7b60d432265e;/Sites/archivio-commerciale/documentLibrary/MIGRAZIONE/2023/5614001-5615000/5614119_2023;GROUP_site_archivio-commerciale_SiteManager;cmis:read
59435f45-a9aa-4bce-a076-7b60d432265e;/Sites/archivio-commerciale/documentLibrary/MIGRAZIONE/2023/5614001-5615000/5614119_2023;GROUP_site_archivio-commerciale_SiteManager;cmis:write
59435f45-a9aa-4bce-a076-7b60d432265e;/Sites/archivio-commerciale/documentLibrary/MIGRAZIONE/2023/5614001-5615000/5614119_2023;GROUP_site_archivio-commerciale_SiteContributor;cmis:read
59435f45-a9aa-4bce-a076-7b60d432265e;/Sites/archivio-commerciale/documentLibrary/MIGRAZIONE/2023/5614001-5615000/5614119_2023;GROUP_site_archivio-commerciale_SiteCollaborator;cmis:read
59435f45-a9aa-4bce-a076-7b60d432265e;/Sites/archivio-commerciale/documentLibrary/MIGRAZIONE/2023/5614001-5615000/5614119_2023;GROUP_site_archivio-commerciale_SiteCollaborator;cmis:write
753c5335-27c4-4a1a-bb7e-bb802b119b13;/Sites/archivio-commerciale/documentLibrary/MIGRAZIONE/2023/5614001-5615000/5614002_2023;GROUP_EVERYONE;cmis:read
753c5335-27c4-4a1a-bb7e-bb802b119b13;/Sites/archivio-commerciale/documentLibrary/MIGRAZIONE/2023/5614001-5615000/5614002_2023;GROUP_site_archivio-commerciale_SiteConsumer;cmis:read
753c5335-27c4-4a1a-bb7e-bb802b119b13;/Sites/archivio-commerciale/documentLibrary/MIGRAZIONE/2023/5614001-5615000/5614002_2023;GROUP_site_archivio-commerciale_SiteManager;cmis:all
753c5335-27c4-4a1a-bb7e-bb802b119b13;/Sites/archivio-commerciale/documentLibrary/MIGRAZIONE/2023/5614001-5615000/5614002_2023;GROUP_site_archivio-commerciale_SiteManager;cmis:read
753c5335-27c4-4a1a-bb7e-bb802b119b13;/Sites/archivio-commerciale/documentLibrary/MIGRAZIONE/2023/5614001-5615000/5614002_2023;GROUP_site_archivio-commerciale_SiteManager;cmis:write
753c5335-27c4-4a1a-bb7e-bb802b119b13;/Sites/archivio-commerciale/documentLibrary/MIGRAZIONE/2023/5614001-5615000/5614002_2023;GROUP_site_archivio-commerciale_SiteContributor;cmis:read
753c5335-27c4-4a1a-bb7e-bb802b119b13;/Sites/archivio-commerciale/documentLibrary/MIGRAZIONE/2023/5614001-5615000/5614002_2023;GROUP_site_archivio-commerciale_SiteCollaborator;cmis:read
753c5335-27c4-4a1a-bb7e-bb802b119b13;/Sites/archivio-commerciale/documentLibrary/MIGRAZIONE/2023/5614001-5615000/5614002_2023;GROUP_site_archivio-commerciale_SiteCollaborator;cmis:write
b13c6769-c2fd-4b33-8080-29f1d1c80e0f;/Sites/archivio-commerciale/documentLibrary/MIGRAZIONE/2023/5614001-5615000/5614454_2023;GROUP_EVERYONE;cmis:read
b13c6769-c2fd-4b33-8080-29f1d1c80e0f;/Sites/archivio-commerciale/documentLibrary/MIGRAZIONE/2023/5614001-5615000/5614454_2023;GROUP_site_archivio-commerciale_SiteConsumer;cmis:read
b13c6769-c2fd-4b33-8080-29f1d1c80e0f;/Sites/archivio-commerciale/documentLibrary/MIGRAZIONE/2023/5614001-5615000/5614454_2023;GROUP_site_archivio-commerciale_SiteManager;cmis:all
b13c6769-c2fd-4b33-8080-29f1d1c80e0f;/Sites/archivio-commerciale/documentLibrary/MIGRAZIONE/2023/5614001-5615000/5614454_2023;GROUP_site_archivio-commerciale_SiteManager;cmis:read
b13c6769-c2fd-4b33-8080-29f1d1c80e0f;/Sites/archivio-commerciale/documentLibrary/MIGRAZIONE/2023/5614001-5615000/5614454_2023;GROUP_site_archivio-commerciale_SiteManager;cmis:write
b13c6769-c2fd-4b33-8080-29f1d1c80e0f;/Sites/archivio-commerciale/documentLibrary/MIGRAZIONE/2023/5614001-5615000/5614454_2023;GROUP_site_archivio-commerciale_SiteContributor;cmis:read
b13c6769-c2fd-4b33-8080-29f1d1c80e0f;/Sites/archivio-commerciale/documentLibrary/MIGRAZIONE/2023/5614001-5615000/5614454_2023;GROUP_site_archivio-commerciale_SiteCollaborator;cmis:read
b13c6769-c2fd-4b33-8080-29f1d1c80e0f;/Sites/archivio-commerciale/documentLibrary/MIGRAZIONE/2023/5614001-5615000/5614454_2023;GROUP_site_archivio-commerciale_SiteCollaborator;cmis:write
149945f7-9962-4918-ba4c-21fc0ef5e94f;/Sites/archivio-commerciale/documentLibrary/MIGRAZIONE/2023/5614001-5615000/5614769_2023;GROUP_EVERYONE;cmis:read
149945f7-9962-4918-ba4c-21fc0ef5e94f;/Sites/archivio-commerciale/documentLibrary/MIGRAZIONE/2023/5614001-5615000/5614769_2023;GROUP_site_archivio-commerciale_SiteConsumer;cmis:read
149945f7-9962-4918-ba4c-21fc0ef5e94f;/Sites/archivio-commerciale/documentLibrary/MIGRAZIONE/2023/5614001-5615000/5614769_2023;GROUP_site_archivio-commerciale_SiteManager;cmis:all
149945f7-9962-4918-ba4c-21fc0ef5e94f;/Sites/archivio-commerciale/documentLibrary/MIGRAZIONE/2023/5614001-5615000/5614769_2023;GROUP_site_archivio-commerciale_SiteManager;cmis:read
149945f7-9962-4918-ba4c-21fc0ef5e94f;/Sites/archivio-commerciale/documentLibrary/MIGRAZIONE/2023/5614001-5615000/5614769_2023;GROUP_site_archivio-commerciale_SiteManager;cmis:write
149945f7-9962-4918-ba4c-21fc0ef5e94f;/Sites/archivio-commerciale/documentLibrary/MIGRAZIONE/2023/5614001-5615000/5614769_2023;GROUP_site_archivio-commerciale_SiteContributor;cmis:read
149945f7-9962-4918-ba4c-21fc0ef5e94f;/Sites/archivio-commerciale/documentLibrary/MIGRAZIONE/2023/5614001-5615000/5614769_2023;GROUP_site_archivio-commerciale_SiteCollaborator;cmis:read
149945f7-9962-4918-ba4c-21fc0ef5e94f;/Sites/archivio-commerciale/documentLibrary/MIGRAZIONE/2023/5614001-5615000/5614769_2023;GROUP_site_archivio-commerciale_SiteCollaborator;cmis:write
2354c8b4-cd04-4c7b-a93c-a4b4d3c1dadc;/Sites/archivio-commerciale/documentLibrary/MIGRAZIONE/2023/5614001-5615000/5614672_2023;GROUP_EVERYONE;cmis:read
2354c8b4-cd04-4c7b-a93c-a4b4d3c1dadc;/Sites/archivio-commerciale/documentLibrary/MIGRAZIONE/2023/5614001-5615000/5614672_2023;GROUP_site_archivio-commerciale_SiteConsumer;cmis:read
2354c8b4-cd04-4c7b-a93c-a4b4d3c1dadc;/Sites/archivio-commerciale/documentLibrary/MIGRAZIONE/2023/5614001-5615000/5614672_2023;GROUP_site_archivio-commerciale_SiteManager;cmis:all
2354c8b4-cd04-4c7b-a93c-a4b4d3c1dadc;/Sites/archivio-commerciale/documentLibrary/MIGRAZIONE/2023/5614001-5615000/5614672_2023;GROUP_site_archivio-commerciale_SiteManager;cmis:read
2354c8b4-cd04-4c7b-a93c-a4b4d3c1dadc;/Sites/archivio-commerciale/documentLibrary/MIGRAZIONE/2023/5614001-5615000/5614672_2023;GROUP_site_archivio-commerciale_SiteManager;cmis:write
2354c8b4-cd04-4c7b-a93c-a4b4d3c1dadc;/Sites/archivio-commerciale/documentLibrary/MIGRAZIONE/2023/5614001-5615000/5614672_2023;GROUP_site_archivio-commerciale_SiteContributor;cmis:read
2354c8b4-cd04-4c7b-a93c-a4b4d3c1dadc;/Sites/archivio-commerciale/documentLibrary/MIGRAZIONE/2023/5614001-5615000/5614672_2023;GROUP_site_archivio-commerciale_SiteCollaborator;cmis:read
2354c8b4-cd04-4c7b-a93c-a4b4d3c1dadc;/Sites/archivio-commerciale/documentLibrary/MIGRAZIONE/2023/5614001-5615000/5614672_2023;GROUP_site_archivio-commerciale_SiteCollaborator;cmis:write
d678d2ea-a589-4c8c-a6b6-1928c7776c41;/Sites/archivio-commerciale/documentLibrary/MIGRAZIONE/2023/5614001-5615000/5614224_2023;GROUP_EVERYONE;cmis:read
d678d2ea-a589-4c8c-a6b6-1928c7776c41;/Sites/archivio-commerciale/documentLibrary/MIGRAZIONE/2023/5614001-5615000/5614224_2023;GROUP_site_archivio-commerciale_SiteConsumer;cmis:read
d678d2ea-a589-4c8c-a6b6-1928c7776c41;/Sites/archivio-commerciale/documentLibrary/MIGRAZIONE/2023/5614001-5615000/5614224_2023;GROUP_site_archivio-commerciale_SiteManager;cmis:all
d678d2ea-a589-4c8c-a6b6-1928c7776c41;/Sites/archivio-commerciale/documentLibrary/MIGRAZIONE/2023/5614001-5615000/5614224_2023;GROUP_site_archivio-commerciale_SiteManager;cmis:read
d678d2ea-a589-4c8c-a6b6-1928c7776c41;/Sites/archivio-commerciale/documentLibrary/MIGRAZIONE/2023/5614001-5615000/5614224_2023;GROUP_site_archivio-commerciale_SiteManager;cmis:write
d678d2ea-a589-4c8c-a6b6-1928c7776c41;/Sites/archivio-commerciale/documentLibrary/MIGRAZIONE/2023/5614001-5615000/5614224_2023;GROUP_site_archivio-commerciale_SiteContributor;cmis:read
d678d2ea-a589-4c8c-a6b6-1928c7776c41;/Sites/archivio-commerciale/documentLibrary/MIGRAZIONE/2023/5614001-5615000/5614224_2023;GROUP_site_archivio-commerciale_SiteCollaborator;cmis:read
d678d2ea-a589-4c8c-a6b6-1928c7776c41;/Sites/archivio-commerciale/documentLibrary/MIGRAZIONE/2023/5614001-5615000/5614224_2023;GROUP_site_archivio-commerciale_SiteCollaborator;cmis:write
75ae4993-ee15-42a7-87ce-332c6a33bfad;/Sites/archivio-commerciale/documentLibrary/MIGRAZIONE/2023/5614001-5615000/5614697_2023;GROUP_EVERYONE;cmis:read
75ae4993-ee15-42a7-87ce-332c6a33bfad;/Sites/archivio-commerciale/documentLibrary/MIGRAZIONE/2023/5614001-5615000/5614697_2023;GROUP_site_archivio-commerciale_SiteConsumer;cmis:read
75ae4993-ee15-42a7-87ce-332c6a33bfad;/Sites/archivio-commerciale/documentLibrary/MIGRAZIONE/2023/5614001-5615000/5614697_2023;GROUP_site_archivio-commerciale_SiteManager;cmis:all
75ae4993-ee15-42a7-87ce-332c6a33bfad;/Sites/archivio-commerciale/documentLibrary/MIGRAZIONE/2023/5614001-5615000/5614697_2023;GROUP_site_archivio-commerciale_SiteManager;cmis:read
75ae4993-ee15-42a7-87ce-332c6a33bfad;/Sites/archivio-commerciale/documentLibrary/MIGRAZIONE/2023/5614001-5615000/5614697_2023;GROUP_site_archivio-commerciale_SiteManager;cmis:write
75ae4993-ee15-42a7-87ce-332c6a33bfad;/Sites/archivio-commerciale/documentLibrary/MIGRAZIONE/2023/5614001-5615000/5614697_2023;GROUP_site_archivio-commerciale_SiteContributor;cmis:read
75ae4993-ee15-42a7-87ce-332c6a33bfad;/Sites/archivio-commerciale/documentLibrary/MIGRAZIONE/2023/5614001-5615000/5614697_2023;GROUP_site_archivio-commerciale_SiteCollaborator;cmis:read
75ae4993-ee15-42a7-87ce-332c6a33bfad;/Sites/archivio-commerciale/documentLibrary/MIGRAZIONE/2023/5614001-5615000/5614697_2023;GROUP_site_archivio-commerciale_SiteCollaborator;cmis:write
24ba9e96-08df-4b22-8cae-4c96091dcc53;/Sites/archivio-commerciale/documentLibrary/MIGRAZIONE/2023/5614001-5615000/5614401_2023;GROUP_EVERYONE;cmis:read
24ba9e96-08df-4b22-8cae-4c96091dcc53;/Sites/archivio-commerciale/documentLibrary/MIGRAZIONE/2023/5614001-5615000/5614401_2023;GROUP_site_archivio-commerciale_SiteConsumer;cmis:read
24ba9e96-08df-4b22-8cae-4c96091dcc53;/Sites/archivio-commerciale/documentLibrary/MIGRAZIONE/2023/5614001-5615000/5614401_2023;GROUP_site_archivio-commerciale_SiteManager;cmis:all
24ba9e96-08df-4b22-8cae-4c96091dcc53;/Sites/archivio-commerciale/documentLibrary/MIGRAZIONE/2023/5614001-5615000/5614401_2023;GROUP_site_archivio-commerciale_SiteManager;cmis:read
24ba9e96-08df-4b22-8cae-4c96091dcc53;/Sites/archivio-commerciale/documentLibrary/MIGRAZIONE/2023/5614001-5615000/5614401_2023;GROUP_site_archivio-commerciale_SiteManager;cmis:write
24ba9e96-08df-4b22-8cae-4c96091dcc53;/Sites/archivio-commerciale/documentLibrary/MIGRAZIONE/2023/5614001-5615000/5614401_2023;GROUP_site_archivio-commerciale_SiteContributor;cmis:read
24ba9e96-08df-4b22-8cae-4c96091dcc53;/Sites/archivio-commerciale/documentLibrary/MIGRAZIONE/2023/5614001-5615000/5614401_2023;GROUP_site_archivio-commerciale_SiteCollaborator;cmis:read
24ba9e96-08df-4b22-8cae-4c96091dcc53;/Sites/archivio-commerciale/documentLibrary/MIGRAZIONE/2023/5614001-5615000/5614401_2023;GROUP_site_archivio-commerciale_SiteCollaborator;cmis:write
a22d6868-d438-4a2a-a9c1-b26aa13b044b;/Sites/archivio-commerciale/documentLibrary/MIGRAZIONE/2023/5614001-5615000/5614057_2023;GROUP_EVERYONE;cmis:read
a22d6868-d438-4a2a-a9c1-b26aa13b044b;/Sites/archivio-commerciale/documentLibrary/MIGRAZIONE/2023/5614001-5615000/5614057_2023;GROUP_site_archivio-commerciale_SiteConsumer;cmis:read
a22d6868-d438-4a2a-a9c1-b26aa13b044b;/Sites/archivio-commerciale/documentLibrary/MIGRAZIONE/2023/5614001-5615000/5614057_2023;GROUP_site_archivio-commerciale_SiteManager;cmis:all
a22d6868-d438-4a2a-a9c1-b26aa13b044b;/Sites/archivio-commerciale/documentLibrary/MIGRAZIONE/2023/5614001-5615000/5614057_2023;GROUP_site_archivio-commerciale_SiteManager;cmis:read
a22d6868-d438-4a2a-a9c1-b26aa13b044b;/Sites/archivio-commerciale/documentLibrary/MIGRAZIONE/2023/5614001-5615000/5614057_2023;GROUP_site_archivio-commerciale_SiteManager;cmis:write
a22d6868-d438-4a2a-a9c1-b26aa13b044b;/Sites/archivio-commerciale/documentLibrary/MIGRAZIONE/2023/5614001-5615000/5614057_2023;GROUP_site_archivio-commerciale_SiteContributor;cmis:read
a22d6868-d438-4a2a-a9c1-b26aa13b044b;/Sites/archivio-commerciale/documentLibrary/MIGRAZIONE/2023/5614001-5615000/5614057_2023;GROUP_site_archivio-commerciale_SiteCollaborator;cmis:read
a22d6868-d438-4a2a-a9c1-b26aa13b044b;/Sites/archivio-commerciale/documentLibrary/MIGRAZIONE/2023/5614001-5615000/5614057_2023;GROUP_site_archivio-commerciale_SiteCollaborator;cmis:write
0d26f06b-9338-4fb2-9024-ecda82a17909;/Sites/archivio-commerciale/documentLibrary/MIGRAZIONE/2023/5614001-5615000/5614905_2023;GROUP_EVERYONE;cmis:read
0d26f06b-9338-4fb2-9024-ecda82a17909;/Sites/archivio-commerciale/documentLibrary/MIGRAZIONE/2023/5614001-5615000/5614905_2023;GROUP_site_archivio-commerciale_SiteConsumer;cmis:read
0d26f06b-9338-4fb2-9024-ecda82a17909;/Sites/archivio-commerciale/documentLibrary/MIGRAZIONE/2023/5614001-5615000/5614905_2023;GROUP_site_archivio-commerciale_SiteManager;cmis:all
0d26f06b-9338-4fb2-9024-ecda82a17909;/Sites/archivio-commerciale/documentLibrary/MIGRAZIONE/2023/5614001-5615000/5614905_2023;GROUP_site_archivio-commerciale_SiteManager;cmis:read
0d26f06b-9338-4fb2-9024-ecda82a17909;/Sites/archivio-commerciale/documentLibrary/MIGRAZIONE/2023/5614001-5615000/5614905_2023;GROUP_site_archivio-commerciale_SiteManager;cmis:write
0d26f06b-9338-4fb2-9024-ecda82a17909;/Sites/archivio-commerciale/documentLibrary/MIGRAZIONE/2023/5614001-5615000/5614905_2023;GROUP_site_archivio-commerciale_SiteContributor;cmis:read
0d26f06b-9338-4fb2-9024-ecda82a17909;/Sites/archivio-commerciale/documentLibrary/MIGRAZIONE/2023/5614001-5615000/5614905_2023;GROUP_site_archivio-commerciale_SiteCollaborator;cmis:read
0d26f06b-9338-4fb2-9024-ecda82a17909;/Sites/archivio-commerciale/documentLibrary/MIGRAZIONE/2023/5614001-5615000/5614905_2023;GROUP_site_archivio-commerciale_SiteCollaborator;cmis:write
6d918306-f7ab-435d-922f-686087f570b1;/Sites/archivio-commerciale/documentLibrary/MIGRAZIONE/2023/5614001-5615000/5614156_2023;GROUP_EVERYONE;cmis:read
6d918306-f7ab-435d-922f-686087f570b1;/Sites/archivio-commerciale/documentLibrary/MIGRAZIONE/2023/5614001-5615000/5614156_2023;GROUP_site_archivio-commerciale_SiteConsumer;cmis:read
6d918306-f7ab-435d-922f-686087f570b1;/Sites/archivio-commerciale/documentLibrary/MIGRAZIONE/2023/5614001-5615000/5614156_2023;GROUP_site_archivio-commerciale_SiteManager;cmis:all
6d918306-f7ab-435d-922f-686087f570b1;/Sites/archivio-commerciale/documentLibrary/MIGRAZIONE/2023/5614001-5615000/5614156_2023;GROUP_site_archivio-commerciale_SiteManager;cmis:read
6d918306-f7ab-435d-922f-686087f570b1;/Sites/archivio-commerciale/documentLibrary/MIGRAZIONE/2023/5614001-5615000/5614156_2023;GROUP_site_archivio-commerciale_SiteManager;cmis:write
6d918306-f7ab-435d-922f-686087f570b1;/Sites/archivio-commerciale/documentLibrary/MIGRAZIONE/2023/5614001-5615000/5614156_2023;GROUP_site_archivio-commerciale_SiteContributor;cmis:read
6d918306-f7ab-435d-922f-686087f570b1;/Sites/archivio-commerciale/documentLibrary/MIGRAZIONE/2023/5614001-5615000/5614156_2023;GROUP_site_archivio-commerciale_SiteCollaborator;cmis:read
6d918306-f7ab-435d-922f-686087f570b1;/Sites/archivio-commerciale/documentLibrary/MIGRAZIONE/2023/5614001-5615000/5614156_2023;GROUP_site_archivio-commerciale_SiteCollaborator;cmis:write
e29f895e-8807-4ae1-8460-b510d907967e;/Sites/archivio-commerciale/documentLibrary/MIGRAZIONE/2023/5614001-5615000/5614500_2023;GROUP_EVERYONE;cmis:read
e29f895e-8807-4ae1-8460-b510d907967e;/Sites/archivio-commerciale/documentLibrary/MIGRAZIONE/2023/5614001-5615000/5614500_2023;GROUP_site_archivio-commerciale_SiteConsumer;cmis:read
e29f895e-8807-4ae1-8460-b510d907967e;/Sites/archivio-commerciale/documentLibrary/MIGRAZIONE/2023/5614001-5615000/5614500_2023;GROUP_site_archivio-commerciale_SiteManager;cmis:all
e29f895e-8807-4ae1-8460-b510d907967e;/Sites/archivio-commerciale/documentLibrary/MIGRAZIONE/2023/5614001-5615000/5614500_2023;GROUP_site_archivio-commerciale_SiteManager;cmis:read
e29f895e-8807-4ae1-8460-b510d907967e;/Sites/archivio-commerciale/documentLibrary/MIGRAZIONE/2023/5614001-5615000/5614500_2023;GROUP_site_archivio-commerciale_SiteManager;cmis:write
e29f895e-8807-4ae1-8460-b510d907967e;/Sites/archivio-commerciale/documentLibrary/MIGRAZIONE/2023/5614001-5615000/5614500_2023;GROUP_site_archivio-commerciale_SiteContributor;cmis:read
e29f895e-8807-4ae1-8460-b510d907967e;/Sites/archivio-commerciale/documentLibrary/MIGRAZIONE/2023/5614001-5615000/5614500_2023;GROUP_site_archivio-commerciale_SiteCollaborator;cmis:read
e29f895e-8807-4ae1-8460-b510d907967e;/Sites/archivio-commerciale/documentLibrary/MIGRAZIONE/2023/5614001-5615000/5614500_2023;GROUP_site_archivio-commerciale_SiteCollaborator;cmis:write
7a5aad2c-0fb5-4d49-bdee-c87e5fa419db;/Sites/archivio-commerciale/documentLibrary/MIGRAZIONE/2023/5614001-5615000/5614796_2023;GROUP_EVERYONE;cmis:read
7a5aad2c-0fb5-4d49-bdee-c87e5fa419db;/Sites/archivio-commerciale/documentLibrary/MIGRAZIONE/2023/5614001-5615000/5614796_2023;GROUP_site_archivio-commerciale_SiteConsumer;cmis:read
7a5aad2c-0fb5-4d49-bdee-c87e5fa419db;/Sites/archivio-commerciale/documentLibrary/MIGRAZIONE/2023/5614001-5615000/5614796_2023;GROUP_site_archivio-commerciale_SiteManager;cmis:all
7a5aad2c-0fb5-4d49-bdee-c87e5fa419db;/Sites/archivio-commerciale/documentLibrary/MIGRAZIONE/2023/5614001-5615000/5614796_2023;GROUP_site_archivio-commerciale_SiteManager;cmis:read
7a5aad2c-0fb5-4d49-bdee-c87e5fa419db;/Sites/archivio-commerciale/documentLibrary/MIGRAZIONE/2023/5614001-5615000/5614796_2023;GROUP_site_archivio-commerciale_SiteManager;cmis:write
7a5aad2c-0fb5-4d49-bdee-c87e5fa419db;/Sites/archivio-commerciale/documentLibrary/MIGRAZIONE/2023/5614001-5615000/5614796_2023;GROUP_site_archivio-commerciale_SiteContributor;cmis:read
7a5aad2c-0fb5-4d49-bdee-c87e5fa419db;/Sites/archivio-commerciale/documentLibrary/MIGRAZIONE/2023/5614001-5615000/5614796_2023;GROUP_site_archivio-commerciale_SiteCollaborator;cmis:read
7a5aad2c-0fb5-4d49-bdee-c87e5fa419db;/Sites/archivio-commerciale/documentLibrary/MIGRAZIONE/2023/5614001-5615000/5614796_2023;GROUP_site_archivio-commerciale_SiteCollaborator;cmis:write
f6a60951-0511-47e7-aa32-b080cbb18091;/Sites/archivio-commerciale/documentLibrary/MIGRAZIONE/2023/5614001-5615000/5614325_2023;GROUP_EVERYONE;cmis:read
f6a60951-0511-47e7-aa32-b080cbb18091;/Sites/archivio-commerciale/documentLibrary/MIGRAZIONE/2023/5614001-5615000/5614325_2023;GROUP_site_archivio-commerciale_SiteConsumer;cmis:read
f6a60951-0511-47e7-aa32-b080cbb18091;/Sites/archivio-commerciale/documentLibrary/MIGRAZIONE/2023/5614001-5615000/5614325_2023;GROUP_site_archivio-commerciale_SiteManager;cmis:all
f6a60951-0511-47e7-aa32-b080cbb18091;/Sites/archivio-commerciale/documentLibrary/MIGRAZIONE/2023/5614001-5615000/5614325_2023;GROUP_site_archivio-commerciale_SiteManager;cmis:read
f6a60951-0511-47e7-aa32-b080cbb18091;/Sites/archivio-commerciale/documentLibrary/MIGRAZIONE/2023/5614001-5615000/5614325_2023;GROUP_site_archivio-commerciale_SiteManager;cmis:write
f6a60951-0511-47e7-aa32-b080cbb18091;/Sites/archivio-commerciale/documentLibrary/MIGRAZIONE/2023/5614001-5615000/5614325_2023;GROUP_site_archivio-commerciale_SiteContributor;cmis:read
f6a60951-0511-47e7-aa32-b080cbb18091;/Sites/archivio-commerciale/documentLibrary/MIGRAZIONE/2023/5614001-5615000/5614325_2023;GROUP_site_archivio-commerciale_SiteCollaborator;cmis:read
f6a60951-0511-47e7-aa32-b080cbb18091;/Sites/archivio-commerciale/documentLibrary/MIGRAZIONE/2023/5614001-5615000/5614325_2023;GROUP_site_archivio-commerciale_SiteCollaborator;cmis:write
306f408e-d8b1-441b-b55a-096043d20b67;/Sites/archivio-commerciale/documentLibrary/MIGRAZIONE/2023/5614001-5615000/5614773_2023;GROUP_EVERYONE;cmis:read
306f408e-d8b1-441b-b55a-096043d20b67;/Sites/archivio-commerciale/documentLibrary/MIGRAZIONE/2023/5614001-5615000/5614773_2023;GROUP_site_archivio-commerciale_SiteConsumer;cmis:read
306f408e-d8b1-441b-b55a-096043d20b67;/Sites/archivio-commerciale/documentLibrary/MIGRAZIONE/2023/5614001-5615000/5614773_2023;GROUP_site_archivio-commerciale_SiteManager;cmis:all
306f408e-d8b1-441b-b55a-096043d20b67;/Sites/archivio-commerciale/documentLibrary/MIGRAZIONE/2023/5614001-5615000/5614773_2023;GROUP_site_archivio-commerciale_SiteManager;cmis:read
306f408e-d8b1-441b-b55a-096043d20b67;/Sites/archivio-commerciale/documentLibrary/MIGRAZIONE/2023/5614001-5615000/5614773_2023;GROUP_site_archivio-commerciale_SiteManager;cmis:write
306f408e-d8b1-441b-b55a-096043d20b67;/Sites/archivio-commerciale/documentLibrary/MIGRAZIONE/2023/5614001-5615000/5614773_2023;GROUP_site_archivio-commerciale_SiteContributor;cmis:read
306f408e-d8b1-441b-b55a-096043d20b67;/Sites/archivio-commerciale/documentLibrary/MIGRAZIONE/2023/5614001-5615000/5614773_2023;GROUP_site_archivio-commerciale_SiteCollaborator;cmis:read
306f408e-d8b1-441b-b55a-096043d20b67;/Sites/archivio-commerciale/documentLibrary/MIGRAZIONE/2023/5614001-5615000/5614773_2023;GROUP_site_archivio-commerciale_SiteCollaborator;cmis:write
ae95ad46-2153-41da-adfe-86273c3126d2;/Sites/archivio-commerciale/documentLibrary/MIGRAZIONE/2023/5614001-5615000/5614668_2023;GROUP_EVERYONE;cmis:read
ae95ad46-2153-41da-adfe-86273c3126d2;/Sites/archivio-commerciale/documentLibrary/MIGRAZIONE/2023/5614001-5615000/5614668_2023;GROUP_site_archivio-commerciale_SiteConsumer;cmis:read
ae95ad46-2153-41da-adfe-86273c3126d2;/Sites/archivio-commerciale/documentLibrary/MIGRAZIONE/2023/5614001-5615000/5614668_2023;GROUP_site_archivio-commerciale_SiteManager;cmis:all
ae95ad46-2153-41da-adfe-86273c3126d2;/Sites/archivio-commerciale/documentLibrary/MIGRAZIONE/2023/5614001-5615000/5614668_2023;GROUP_site_archivio-commerciale_SiteManager;cmis:read
ae95ad46-2153-41da-adfe-86273c3126d2;/Sites/archivio-commerciale/documentLibrary/MIGRAZIONE/2023/5614001-5615000/5614668_2023;GROUP_site_archivio-commerciale_SiteManager;cmis:write
ae95ad46-2153-41da-adfe-86273c3126d2;/Sites/archivio-commerciale/documentLibrary/MIGRAZIONE/2023/5614001-5615000/5614668_2023;GROUP_site_archivio-commerciale_SiteContributor;cmis:read
ae95ad46-2153-41da-adfe-86273c3126d2;/Sites/archivio-commerciale/documentLibrary/MIGRAZIONE/2023/5614001-5615000/5614668_2023;GROUP_site_archivio-commerciale_SiteCollaborator;cmis:read
ae95ad46-2153-41da-adfe-86273c3126d2;/Sites/archivio-commerciale/documentLibrary/MIGRAZIONE/2023/5614001-5615000/5614668_2023;GROUP_site_archivio-commerciale_SiteCollaborator;cmis:write
23e7852a-1bc7-494a-94d7-4b146cfb8779;/Sites/archivio-commerciale/documentLibrary/MIGRAZIONE/2023/5614001-5615000/5614555_2023;GROUP_EVERYONE;cmis:read
23e7852a-1bc7-494a-94d7-4b146cfb8779;/Sites/archivio-commerciale/documentLibrary/MIGRAZIONE/2023/5614001-5615000/5614555_2023;GROUP_site_archivio-commerciale_SiteConsumer;cmis:read
23e7852a-1bc7-494a-94d7-4b146cfb8779;/Sites/archivio-commerciale/documentLibrary/MIGRAZIONE/2023/5614001-5615000/5614555_2023;GROUP_site_archivio-commerciale_SiteManager;cmis:all
23e7852a-1bc7-494a-94d7-4b146cfb8779;/Sites/archivio-commerciale/documentLibrary/MIGRAZIONE/2023/5614001-5615000/5614555_2023;GROUP_site_archivio-commerciale_SiteManager;cmis:read
23e7852a-1bc7-494a-94d7-4b146cfb8779;/Sites/archivio-commerciale/documentLibrary/MIGRAZIONE/2023/5614001-5615000/5614555_2023;GROUP_site_archivio-commerciale_SiteManager;cmis:write
23e7852a-1bc7-494a-94d7-4b146cfb8779;/Sites/archivio-commerciale/documentLibrary/MIGRAZIONE/2023/5614001-5615000/5614555_2023;GROUP_site_archivio-commerciale_SiteContributor;cmis:read
23e7852a-1bc7-494a-94d7-4b146cfb8779;/Sites/archivio-commerciale/documentLibrary/MIGRAZIONE/2023/5614001-5615000/5614555_2023;GROUP_site_archivio-commerciale_SiteCollaborator;cmis:read
23e7852a-1bc7-494a-94d7-4b146cfb8779;/Sites/archivio-commerciale/documentLibrary/MIGRAZIONE/2023/5614001-5615000/5614555_2023;GROUP_site_archivio-commerciale_SiteCollaborator;cmis:write
b6a91e75-e90d-4144-8541-fc5ec9593f2c;/Sites/archivio-commerciale/documentLibrary/MIGRAZIONE/2023/5614001-5615000/5614103_2023;GROUP_EVERYONE;cmis:read
b6a91e75-e90d-4144-8541-fc5ec9593f2c;/Sites/archivio-commerciale/documentLibrary/MIGRAZIONE/2023/5614001-5615000/5614103_2023;GROUP_site_archivio-commerciale_SiteConsumer;cmis:read
b6a91e75-e90d-4144-8541-fc5ec9593f2c;/Sites/archivio-commerciale/documentLibrary/MIGRAZIONE/2023/5614001-5615000/5614103_2023;GROUP_site_archivio-commerciale_SiteManager;cmis:all
b6a91e75-e90d-4144-8541-fc5ec9593f2c;/Sites/archivio-commerciale/documentLibrary/MIGRAZIONE/2023/5614001-5615000/5614103_2023;GROUP_site_archivio-commerciale_SiteManager;cmis:read
b6a91e75-e90d-4144-8541-fc5ec9593f2c;/Sites/archivio-commerciale/documentLibrary/MIGRAZIONE/2023/5614001-5615000/5614103_2023;GROUP_site_archivio-commerciale_SiteManager;cmis:write
b6a91e75-e90d-4144-8541-fc5ec9593f2c;/Sites/archivio-commerciale/documentLibrary/MIGRAZIONE/2023/5614001-5615000/5614103_2023;GROUP_site_archivio-commerciale_SiteContributor;cmis:read
b6a91e75-e90d-4144-8541-fc5ec9593f2c;/Sites/archivio-commerciale/documentLibrary/MIGRAZIONE/2023/5614001-5615000/5614103_2023;GROUP_site_archivio-commerciale_SiteCollaborator;cmis:read
b6a91e75-e90d-4144-8541-fc5ec9593f2c;/Sites/archivio-commerciale/documentLibrary/MIGRAZIONE/2023/5614001-5615000/5614103_2023;GROUP_site_archivio-commerciale_SiteCollaborator;cmis:write
78d34acb-3920-484d-afa6-99506f99f9ee;/Sites/archivio-commerciale/documentLibrary/MIGRAZIONE/2023/5614001-5615000/5614018_2023;GROUP_EVERYONE;cmis:read
78d34acb-3920-484d-afa6-99506f99f9ee;/Sites/archivio-commerciale/documentLibrary/MIGRAZIONE/2023/5614001-5615000/5614018_2023;GROUP_site_archivio-commerciale_SiteConsumer;cmis:read
78d34acb-3920-484d-afa6-99506f99f9ee;/Sites/archivio-commerciale/documentLibrary/MIGRAZIONE/2023/5614001-5615000/5614018_2023;GROUP_site_archivio-commerciale_SiteManager;cmis:all
78d34acb-3920-484d-afa6-99506f99f9ee;/Sites/archivio-commerciale/documentLibrary/MIGRAZIONE/2023/5614001-5615000/5614018_2023;GROUP_site_archivio-commerciale_SiteManager;cmis:read
78d34acb-3920-484d-afa6-99506f99f9ee;/Sites/archivio-commerciale/documentLibrary/MIGRAZIONE/2023/5614001-5615000/5614018_2023;GROUP_site_archivio-commerciale_SiteManager;cmis:write
78d34acb-3920-484d-afa6-99506f99f9ee;/Sites/archivio-commerciale/documentLibrary/MIGRAZIONE/2023/5614001-5615000/5614018_2023;GROUP_site_archivio-commerciale_SiteContributor;cmis:read
78d34acb-3920-484d-afa6-99506f99f9ee;/Sites/archivio-commerciale/documentLibrary/MIGRAZIONE/2023/5614001-5615000/5614018_2023;GROUP_site_archivio-commerciale_SiteCollaborator;cmis:read
78d34acb-3920-484d-afa6-99506f99f9ee;/Sites/archivio-commerciale/documentLibrary/MIGRAZIONE/2023/5614001-5615000/5614018_2023;GROUP_site_archivio-commerciale_SiteCollaborator;cmis:write
e768bde6-382b-498e-b5eb-e07c2d7363aa;/Sites/archivio-commerciale/documentLibrary/MIGRAZIONE/2023/5614001-5615000/5614851_2023;GROUP_EVERYONE;cmis:read
e768bde6-382b-498e-b5eb-e07c2d7363aa;/Sites/archivio-commerciale/documentLibrary/MIGRAZIONE/2023/5614001-5615000/5614851_2023;GROUP_site_archivio-commerciale_SiteConsumer;cmis:read
e768bde6-382b-498e-b5eb-e07c2d7363aa;/Sites/archivio-commerciale/documentLibrary/MIGRAZIONE/2023/5614001-5615000/5614851_2023;GROUP_site_archivio-commerciale_SiteManager;cmis:all
e768bde6-382b-498e-b5eb-e07c2d7363aa;/Sites/archivio-commerciale/documentLibrary/MIGRAZIONE/2023/5614001-5615000/5614851_2023;GROUP_site_archivio-commerciale_SiteManager;cmis:read
e768bde6-382b-498e-b5eb-e07c2d7363aa;/Sites/archivio-commerciale/documentLibrary/MIGRAZIONE/2023/5614001-5615000/5614851_2023;GROUP_site_archivio-commerciale_SiteManager;cmis:write
e768bde6-382b-498e-b5eb-e07c2d7363aa;/Sites/archivio-commerciale/documentLibrary/MIGRAZIONE/2023/5614001-5615000/5614851_2023;GROUP_site_archivio-commerciale_SiteContributor;cmis:read
e768bde6-382b-498e-b5eb-e07c2d7363aa;/Sites/archivio-commerciale/documentLibrary/MIGRAZIONE/2023/5614001-5615000/5614851_2023;GROUP_site_archivio-commerciale_SiteCollaborator;cmis:read
e768bde6-382b-498e-b5eb-e07c2d7363aa;/Sites/archivio-commerciale/documentLibrary/MIGRAZIONE/2023/5614001-5615000/5614851_2023;GROUP_site_archivio-commerciale_SiteCollaborator;cmis:write
21e46799-0890-490a-a502-1141bf36736b;/Sites/archivio-commerciale/documentLibrary/MIGRAZIONE/2023/5614001-5615000/5614726_2023;GROUP_EVERYONE;cmis:read
21e46799-0890-490a-a502-1141bf36736b;/Sites/archivio-commerciale/documentLibrary/MIGRAZIONE/2023/5614001-5615000/5614726_2023;GROUP_site_archivio-commerciale_SiteConsumer;cmis:read
21e46799-0890-490a-a502-1141bf36736b;/Sites/archivio-commerciale/documentLibrary/MIGRAZIONE/2023/5614001-5615000/5614726_2023;GROUP_site_archivio-commerciale_SiteManager;cmis:all
21e46799-0890-490a-a502-1141bf36736b;/Sites/archivio-commerciale/documentLibrary/MIGRAZIONE/2023/5614001-5615000/5614726_2023;GROUP_site_archivio-commerciale_SiteManager;cmis:read
21e46799-0890-490a-a502-1141bf36736b;/Sites/archivio-commerciale/documentLibrary/MIGRAZIONE/2023/5614001-5615000/5614726_2023;GROUP_site_archivio-commerciale_SiteManager;cmis:write
21e46799-0890-490a-a502-1141bf36736b;/Sites/archivio-commerciale/documentLibrary/MIGRAZIONE/2023/5614001-5615000/5614726_2023;GROUP_site_archivio-commerciale_SiteContributor;cmis:read
21e46799-0890-490a-a502-1141bf36736b;/Sites/archivio-commerciale/documentLibrary/MIGRAZIONE/2023/5614001-5615000/5614726_2023;GROUP_site_archivio-commerciale_SiteCollaborator;cmis:read
21e46799-0890-490a-a502-1141bf36736b;/Sites/archivio-commerciale/documentLibrary/MIGRAZIONE/2023/5614001-5615000/5614726_2023;GROUP_site_archivio-commerciale_SiteCollaborator;cmis:write
0be15288-fc81-4c4d-941a-91eb1af139fe;/Sites/archivio-commerciale/documentLibrary/MIGRAZIONE/2023/5614001-5615000/5614370_2023;GROUP_EVERYONE;cmis:read
0be15288-fc81-4c4d-941a-91eb1af139fe;/Sites/archivio-commerciale/documentLibrary/MIGRAZIONE/2023/5614001-5615000/5614370_2023;GROUP_site_archivio-commerciale_SiteConsumer;cmis:read
0be15288-fc81-4c4d-941a-91eb1af139fe;/Sites/archivio-commerciale/documentLibrary/MIGRAZIONE/2023/5614001-5615000/5614370_2023;GROUP_site_archivio-commerciale_SiteManager;cmis:all
0be15288-fc81-4c4d-941a-91eb1af139fe;/Sites/archivio-commerciale/documentLibrary/MIGRAZIONE/2023/5614001-5615000/5614370_2023;GROUP_site_archivio-commerciale_SiteManager;cmis:read
0be15288-fc81-4c4d-941a-91eb1af139fe;/Sites/archivio-commerciale/documentLibrary/MIGRAZIONE/2023/5614001-5615000/5614370_2023;GROUP_site_archivio-commerciale_SiteManager;cmis:write
0be15288-fc81-4c4d-941a-91eb1af139fe;/Sites/archivio-commerciale/documentLibrary/MIGRAZIONE/2023/5614001-5615000/5614370_2023;GROUP_site_archivio-commerciale_SiteContributor;cmis:read
0be15288-fc81-4c4d-941a-91eb1af139fe;/Sites/archivio-commerciale/documentLibrary/MIGRAZIONE/2023/5614001-5615000/5614370_2023;GROUP_site_archivio-commerciale_SiteCollaborator;cmis:read
0be15288-fc81-4c4d-941a-91eb1af139fe;/Sites/archivio-commerciale/documentLibrary/MIGRAZIONE/2023/5614001-5615000/5614370_2023;GROUP_site_archivio-commerciale_SiteCollaborator;cmis:write
07e84cd9-e983-4b62-a8dd-c7fcc1354541;/Sites/archivio-commerciale/documentLibrary/MIGRAZIONE/2023/5614001-5615000/5614395_2023;GROUP_EVERYONE;cmis:read
07e84cd9-e983-4b62-a8dd-c7fcc1354541;/Sites/archivio-commerciale/documentLibrary/MIGRAZIONE/2023/5614001-5615000/5614395_2023;GROUP_site_archivio-commerciale_SiteConsumer;cmis:read
07e84cd9-e983-4b62-a8dd-c7fcc1354541;/Sites/archivio-commerciale/documentLibrary/MIGRAZIONE/2023/5614001-5615000/5614395_2023;GROUP_site_archivio-commerciale_SiteManager;cmis:all
07e84cd9-e983-4b62-a8dd-c7fcc1354541;/Sites/archivio-commerciale/documentLibrary/MIGRAZIONE/2023/5614001-5615000/5614395_2023;GROUP_site_archivio-commerciale_SiteManager;cmis:read
07e84cd9-e983-4b62-a8dd-c7fcc1354541;/Sites/archivio-commerciale/documentLibrary/MIGRAZIONE/2023/5614001-5615000/5614395_2023;GROUP_site_archivio-commerciale_SiteManager;cmis:write
07e84cd9-e983-4b62-a8dd-c7fcc1354541;/Sites/archivio-commerciale/documentLibrary/MIGRAZIONE/2023/5614001-5615000/5614395_2023;GROUP_site_archivio-commerciale_SiteContributor;cmis:read
07e84cd9-e983-4b62-a8dd-c7fcc1354541;/Sites/archivio-commerciale/documentLibrary/MIGRAZIONE/2023/5614001-5615000/5614395_2023;GROUP_site_archivio-commerciale_SiteCollaborator;cmis:read
07e84cd9-e983-4b62-a8dd-c7fcc1354541;/Sites/archivio-commerciale/documentLibrary/MIGRAZIONE/2023/5614001-5615000/5614395_2023;GROUP_site_archivio-commerciale_SiteCollaborator;cmis:write
609c18fd-40d7-4f0d-b506-1e674d4dfcbf;/Sites/archivio-commerciale/documentLibrary/MIGRAZIONE/2023/5614001-5615000/5614197_2023;GROUP_EVERYONE;cmis:read
609c18fd-40d7-4f0d-b506-1e674d4dfcbf;/Sites/archivio-commerciale/documentLibrary/MIGRAZIONE/2023/5614001-5615000/5614197_2023;GROUP_site_archivio-commerciale_SiteConsumer;cmis:read
609c18fd-40d7-4f0d-b506-1e674d4dfcbf;/Sites/archivio-commerciale/documentLibrary/MIGRAZIONE/2023/5614001-5615000/5614197_2023;GROUP_site_archivio-commerciale_SiteManager;cmis:all
609c18fd-40d7-4f0d-b506-1e674d4dfcbf;/Sites/archivio-commerciale/documentLibrary/MIGRAZIONE/2023/5614001-5615000/5614197_2023;GROUP_site_archivio-commerciale_SiteManager;cmis:read
609c18fd-40d7-4f0d-b506-1e674d4dfcbf;/Sites/archivio-commerciale/documentLibrary/MIGRAZIONE/2023/5614001-5615000/5614197_2023;GROUP_site_archivio-commerciale_SiteManager;cmis:write
609c18fd-40d7-4f0d-b506-1e674d4dfcbf;/Sites/archivio-commerciale/documentLibrary/MIGRAZIONE/2023/5614001-5615000/5614197_2023;GROUP_site_archivio-commerciale_SiteContributor;cmis:read
609c18fd-40d7-4f0d-b506-1e674d4dfcbf;/Sites/archivio-commerciale/documentLibrary/MIGRAZIONE/2023/5614001-5615000/5614197_2023;GROUP_site_archivio-commerciale_SiteCollaborator;cmis:read
609c18fd-40d7-4f0d-b506-1e674d4dfcbf;/Sites/archivio-commerciale/documentLibrary/MIGRAZIONE/2023/5614001-5615000/5614197_2023;GROUP_site_archivio-commerciale_SiteCollaborator;cmis:write
c8fdd8af-decf-4c56-82ba-e145f866c17c;/Sites/archivio-commerciale/documentLibrary/MIGRAZIONE/2023/5614001-5615000/5614820_2023;GROUP_EVERYONE;cmis:read
c8fdd8af-decf-4c56-82ba-e145f866c17c;/Sites/archivio-commerciale/documentLibrary/MIGRAZIONE/2023/5614001-5615000/5614820_2023;GROUP_site_archivio-commerciale_SiteConsumer;cmis:read
c8fdd8af-decf-4c56-82ba-e145f866c17c;/Sites/archivio-commerciale/documentLibrary/MIGRAZIONE/2023/5614001-5615000/5614820_2023;GROUP_site_archivio-commerciale_SiteManager;cmis:all
c8fdd8af-decf-4c56-82ba-e145f866c17c;/Sites/archivio-commerciale/documentLibrary/MIGRAZIONE/2023/5614001-5615000/5614820_2023;GROUP_site_archivio-commerciale_SiteManager;cmis:read
c8fdd8af-decf-4c56-82ba-e145f866c17c;/Sites/archivio-commerciale/documentLibrary/MIGRAZIONE/2023/5614001-5615000/5614820_2023;GROUP_site_archivio-commerciale_SiteManager;cmis:write
c8fdd8af-decf-4c56-82ba-e145f866c17c;/Sites/archivio-commerciale/documentLibrary/MIGRAZIONE/2023/5614001-5615000/5614820_2023;GROUP_site_archivio-commerciale_SiteContributor;cmis:read
c8fdd8af-decf-4c56-82ba-e145f866c17c;/Sites/archivio-commerciale/documentLibrary/MIGRAZIONE/2023/5614001-5615000/5614820_2023;GROUP_site_archivio-commerciale_SiteCollaborator;cmis:read
c8fdd8af-decf-4c56-82ba-e145f866c17c;/Sites/archivio-commerciale/documentLibrary/MIGRAZIONE/2023/5614001-5615000/5614820_2023;GROUP_site_archivio-commerciale_SiteCollaborator;cmis:write
c200254e-9a97-4a08-96bf-ae232e716cd7;/Sites/archivio-commerciale/documentLibrary/MIGRAZIONE/2023/5614001-5615000/5614069_2023;GROUP_EVERYONE;cmis:read
c200254e-9a97-4a08-96bf-ae232e716cd7;/Sites/archivio-commerciale/documentLibrary/MIGRAZIONE/2023/5614001-5615000/5614069_2023;GROUP_site_archivio-commerciale_SiteConsumer;cmis:read
c200254e-9a97-4a08-96bf-ae232e716cd7;/Sites/archivio-commerciale/documentLibrary/MIGRAZIONE/2023/5614001-5615000/5614069_2023;GROUP_site_archivio-commerciale_SiteManager;cmis:all
c200254e-9a97-4a08-96bf-ae232e716cd7;/Sites/archivio-commerciale/documentLibrary/MIGRAZIONE/2023/5614001-5615000/5614069_2023;GROUP_site_archivio-commerciale_SiteManager;cmis:read
c200254e-9a97-4a08-96bf-ae232e716cd7;/Sites/archivio-commerciale/documentLibrary/MIGRAZIONE/2023/5614001-5615000/5614069_2023;GROUP_site_archivio-commerciale_SiteManager;cmis:write
c200254e-9a97-4a08-96bf-ae232e716cd7;/Sites/archivio-commerciale/documentLibrary/MIGRAZIONE/2023/5614001-5615000/5614069_2023;GROUP_site_archivio-commerciale_SiteContributor;cmis:read
c200254e-9a97-4a08-96bf-ae232e716cd7;/Sites/archivio-commerciale/documentLibrary/MIGRAZIONE/2023/5614001-5615000/5614069_2023;GROUP_site_archivio-commerciale_SiteCollaborator;cmis:read
c200254e-9a97-4a08-96bf-ae232e716cd7;/Sites/archivio-commerciale/documentLibrary/MIGRAZIONE/2023/5614001-5615000/5614069_2023;GROUP_site_archivio-commerciale_SiteCollaborator;cmis:write
006b0e58-803c-45a5-b39a-ea2443c2f3c6;/Sites/archivio-commerciale/documentLibrary/MIGRAZIONE/2023/5614001-5615000/5614172_2023;GROUP_EVERYONE;cmis:read
006b0e58-803c-45a5-b39a-ea2443c2f3c6;/Sites/archivio-commerciale/documentLibrary/MIGRAZIONE/2023/5614001-5615000/5614172_2023;GROUP_site_archivio-commerciale_SiteConsumer;cmis:read
006b0e58-803c-45a5-b39a-ea2443c2f3c6;/Sites/archivio-commerciale/documentLibrary/MIGRAZIONE/2023/5614001-5615000/5614172_2023;GROUP_site_archivio-commerciale_SiteManager;cmis:all
006b0e58-803c-45a5-b39a-ea2443c2f3c6;/Sites/archivio-commerciale/documentLibrary/MIGRAZIONE/2023/5614001-5615000/5614172_2023;GROUP_site_archivio-commerciale_SiteManager;cmis:read
006b0e58-803c-45a5-b39a-ea2443c2f3c6;/Sites/archivio-commerciale/documentLibrary/MIGRAZIONE/2023/5614001-5615000/5614172_2023;GROUP_site_archivio-commerciale_SiteManager;cmis:write
006b0e58-803c-45a5-b39a-ea2443c2f3c6;/Sites/archivio-commerciale/documentLibrary/MIGRAZIONE/2023/5614001-5615000/5614172_2023;GROUP_site_archivio-commerciale_SiteContributor;cmis:read
006b0e58-803c-45a5-b39a-ea2443c2f3c6;/Sites/archivio-commerciale/documentLibrary/MIGRAZIONE/2023/5614001-5615000/5614172_2023;GROUP_site_archivio-commerciale_SiteCollaborator;cmis:read
006b0e58-803c-45a5-b39a-ea2443c2f3c6;/Sites/archivio-commerciale/documentLibrary/MIGRAZIONE/2023/5614001-5615000/5614172_2023;GROUP_site_archivio-commerciale_SiteCollaborator;cmis:write
edba22ed-7f90-43a3-8f3e-cdb718eb9cc2;/Sites/archivio-commerciale/documentLibrary/MIGRAZIONE/2023/5614001-5615000/5614524_2023;GROUP_EVERYONE;cmis:read
edba22ed-7f90-43a3-8f3e-cdb718eb9cc2;/Sites/archivio-commerciale/documentLibrary/MIGRAZIONE/2023/5614001-5615000/5614524_2023;GROUP_site_archivio-commerciale_SiteConsumer;cmis:read
edba22ed-7f90-43a3-8f3e-cdb718eb9cc2;/Sites/archivio-commerciale/documentLibrary/MIGRAZIONE/2023/5614001-5615000/5614524_2023;GROUP_site_archivio-commerciale_SiteManager;cmis:all
edba22ed-7f90-43a3-8f3e-cdb718eb9cc2;/Sites/archivio-commerciale/documentLibrary/MIGRAZIONE/2023/5614001-5615000/5614524_2023;GROUP_site_archivio-commerciale_SiteManager;cmis:read
edba22ed-7f90-43a3-8f3e-cdb718eb9cc2;/Sites/archivio-commerciale/documentLibrary/MIGRAZIONE/2023/5614001-5615000/5614524_2023;GROUP_site_archivio-commerciale_SiteManager;cmis:write
edba22ed-7f90-43a3-8f3e-cdb718eb9cc2;/Sites/archivio-commerciale/documentLibrary/MIGRAZIONE/2023/5614001-5615000/5614524_2023;GROUP_site_archivio-commerciale_SiteContributor;cmis:read
edba22ed-7f90-43a3-8f3e-cdb718eb9cc2;/Sites/archivio-commerciale/documentLibrary/MIGRAZIONE/2023/5614001-5615000/5614524_2023;GROUP_site_archivio-commerciale_SiteCollaborator;cmis:read
edba22ed-7f90-43a3-8f3e-cdb718eb9cc2;/Sites/archivio-commerciale/documentLibrary/MIGRAZIONE/2023/5614001-5615000/5614524_2023;GROUP_site_archivio-commerciale_SiteCollaborator;cmis:write
bd59f940-fb92-4c1e-8f02-c6fb03aed5ba;/Sites/archivio-commerciale/documentLibrary/MIGRAZIONE/2023/5614001-5615000/5614301_2023;GROUP_EVERYONE;cmis:read
bd59f940-fb92-4c1e-8f02-c6fb03aed5ba;/Sites/archivio-commerciale/documentLibrary/MIGRAZIONE/2023/5614001-5615000/5614301_2023;GROUP_site_archivio-commerciale_SiteConsumer;cmis:read
bd59f940-fb92-4c1e-8f02-c6fb03aed5ba;/Sites/archivio-commerciale/documentLibrary/MIGRAZIONE/2023/5614001-5615000/5614301_2023;GROUP_site_archivio-commerciale_SiteManager;cmis:all
bd59f940-fb92-4c1e-8f02-c6fb03aed5ba;/Sites/archivio-commerciale/documentLibrary/MIGRAZIONE/2023/5614001-5615000/5614301_2023;GROUP_site_archivio-commerciale_SiteManager;cmis:read
bd59f940-fb92-4c1e-8f02-c6fb03aed5ba;/Sites/archivio-commerciale/documentLibrary/MIGRAZIONE/2023/5614001-5615000/5614301_2023;GROUP_site_archivio-commerciale_SiteManager;cmis:write
bd59f940-fb92-4c1e-8f02-c6fb03aed5ba;/Sites/archivio-commerciale/documentLibrary/MIGRAZIONE/2023/5614001-5615000/5614301_2023;GROUP_site_archivio-commerciale_SiteContributor;cmis:read
bd59f940-fb92-4c1e-8f02-c6fb03aed5ba;/Sites/archivio-commerciale/documentLibrary/MIGRAZIONE/2023/5614001-5615000/5614301_2023;GROUP_site_archivio-commerciale_SiteCollaborator;cmis:read
bd59f940-fb92-4c1e-8f02-c6fb03aed5ba;/Sites/archivio-commerciale/documentLibrary/MIGRAZIONE/2023/5614001-5615000/5614301_2023;GROUP_site_archivio-commerciale_SiteCollaborator;cmis:write
de650a6e-b15b-4c22-9ace-c2ebd4c70cc3;/Sites/archivio-commerciale/documentLibrary/MIGRAZIONE/2023/5614001-5615000/5614757_2023;GROUP_EVERYONE;cmis:read
de650a6e-b15b-4c22-9ace-c2ebd4c70cc3;/Sites/archivio-commerciale/documentLibrary/MIGRAZIONE/2023/5614001-5615000/5614757_2023;GROUP_site_archivio-commerciale_SiteConsumer;cmis:read
de650a6e-b15b-4c22-9ace-c2ebd4c70cc3;/Sites/archivio-commerciale/documentLibrary/MIGRAZIONE/2023/5614001-5615000/5614757_2023;GROUP_site_archivio-commerciale_SiteManager;cmis:all
de650a6e-b15b-4c22-9ace-c2ebd4c70cc3;/Sites/archivio-commerciale/documentLibrary/MIGRAZIONE/2023/5614001-5615000/5614757_2023;GROUP_site_archivio-commerciale_SiteManager;cmis:read
de650a6e-b15b-4c22-9ace-c2ebd4c70cc3;/Sites/archivio-commerciale/documentLibrary/MIGRAZIONE/2023/5614001-5615000/5614757_2023;GROUP_site_archivio-commerciale_SiteManager;cmis:write
de650a6e-b15b-4c22-9ace-c2ebd4c70cc3;/Sites/archivio-commerciale/documentLibrary/MIGRAZIONE/2023/5614001-5615000/5614757_2023;GROUP_site_archivio-commerciale_SiteContributor;cmis:read
de650a6e-b15b-4c22-9ace-c2ebd4c70cc3;/Sites/archivio-commerciale/documentLibrary/MIGRAZIONE/2023/5614001-5615000/5614757_2023;GROUP_site_archivio-commerciale_SiteCollaborator;cmis:read
de650a6e-b15b-4c22-9ace-c2ebd4c70cc3;/Sites/archivio-commerciale/documentLibrary/MIGRAZIONE/2023/5614001-5615000/5614757_2023;GROUP_site_archivio-commerciale_SiteCollaborator;cmis:write
1d7da93f-77bd-4729-b452-9ed11436bc15;/Sites/archivio-commerciale/documentLibrary/MIGRAZIONE/2023/5614001-5615000/5614571_2023;GROUP_EVERYONE;cmis:read
1d7da93f-77bd-4729-b452-9ed11436bc15;/Sites/archivio-commerciale/documentLibrary/MIGRAZIONE/2023/5614001-5615000/5614571_2023;GROUP_site_archivio-commerciale_SiteConsumer;cmis:read
1d7da93f-77bd-4729-b452-9ed11436bc15;/Sites/archivio-commerciale/documentLibrary/MIGRAZIONE/2023/5614001-5615000/5614571_2023;GROUP_site_archivio-commerciale_SiteManager;cmis:all
1d7da93f-77bd-4729-b452-9ed11436bc15;/Sites/archivio-commerciale/documentLibrary/MIGRAZIONE/2023/5614001-5615000/5614571_2023;GROUP_site_archivio-commerciale_SiteManager;cmis:read
1d7da93f-77bd-4729-b452-9ed11436bc15;/Sites/archivio-commerciale/documentLibrary/MIGRAZIONE/2023/5614001-5615000/5614571_2023;GROUP_site_archivio-commerciale_SiteManager;cmis:write
1d7da93f-77bd-4729-b452-9ed11436bc15;/Sites/archivio-commerciale/documentLibrary/MIGRAZIONE/2023/5614001-5615000/5614571_2023;GROUP_site_archivio-commerciale_SiteContributor;cmis:read
1d7da93f-77bd-4729-b452-9ed11436bc15;/Sites/archivio-commerciale/documentLibrary/MIGRAZIONE/2023/5614001-5615000/5614571_2023;GROUP_site_archivio-commerciale_SiteCollaborator;cmis:read
1d7da93f-77bd-4729-b452-9ed11436bc15;/Sites/archivio-commerciale/documentLibrary/MIGRAZIONE/2023/5614001-5615000/5614571_2023;GROUP_site_archivio-commerciale_SiteCollaborator;cmis:write
5fab0d52-874d-4855-94bf-ac38a049f2b0;/Sites/archivio-commerciale/documentLibrary/MIGRAZIONE/2023/5614001-5615000/5614127_2023;GROUP_EVERYONE;cmis:read
5fab0d52-874d-4855-94bf-ac38a049f2b0;/Sites/archivio-commerciale/documentLibrary/MIGRAZIONE/2023/5614001-5615000/5614127_2023;GROUP_site_archivio-commerciale_SiteConsumer;cmis:read
5fab0d52-874d-4855-94bf-ac38a049f2b0;/Sites/archivio-commerciale/documentLibrary/MIGRAZIONE/2023/5614001-5615000/5614127_2023;GROUP_site_archivio-commerciale_SiteManager;cmis:all
5fab0d52-874d-4855-94bf-ac38a049f2b0;/Sites/archivio-commerciale/documentLibrary/MIGRAZIONE/2023/5614001-5615000/5614127_2023;GROUP_site_archivio-commerciale_SiteManager;cmis:read
5fab0d52-874d-4855-94bf-ac38a049f2b0;/Sites/archivio-commerciale/documentLibrary/MIGRAZIONE/2023/5614001-5615000/5614127_2023;GROUP_site_archivio-commerciale_SiteManager;cmis:write
5fab0d52-874d-4855-94bf-ac38a049f2b0;/Sites/archivio-commerciale/documentLibrary/MIGRAZIONE/2023/5614001-5615000/5614127_2023;GROUP_site_archivio-commerciale_SiteContributor;cmis:read
5fab0d52-874d-4855-94bf-ac38a049f2b0;/Sites/archivio-commerciale/documentLibrary/MIGRAZIONE/2023/5614001-5615000/5614127_2023;GROUP_site_archivio-commerciale_SiteCollaborator;cmis:read
5fab0d52-874d-4855-94bf-ac38a049f2b0;/Sites/archivio-commerciale/documentLibrary/MIGRAZIONE/2023/5614001-5615000/5614127_2023;GROUP_site_archivio-commerciale_SiteCollaborator;cmis:write
9844c6e9-ffba-40cb-9029-ed746bdacf66;/Sites/archivio-commerciale/documentLibrary/MIGRAZIONE/2023/5614001-5615000/5614890_2023;GROUP_EVERYONE;cmis:read
9844c6e9-ffba-40cb-9029-ed746bdacf66;/Sites/archivio-commerciale/documentLibrary/MIGRAZIONE/2023/5614001-5615000/5614890_2023;GROUP_site_archivio-commerciale_SiteConsumer;cmis:read
9844c6e9-ffba-40cb-9029-ed746bdacf66;/Sites/archivio-commerciale/documentLibrary/MIGRAZIONE/2023/5614001-5615000/5614890_2023;GROUP_site_archivio-commerciale_SiteManager;cmis:all
9844c6e9-ffba-40cb-9029-ed746bdacf66;/Sites/archivio-commerciale/documentLibrary/MIGRAZIONE/2023/5614001-5615000/5614890_2023;GROUP_site_archivio-commerciale_SiteManager;cmis:read
9844c6e9-ffba-40cb-9029-ed746bdacf66;/Sites/archivio-commerciale/documentLibrary/MIGRAZIONE/2023/5614001-5615000/5614890_2023;GROUP_site_archivio-commerciale_SiteManager;cmis:write
9844c6e9-ffba-40cb-9029-ed746bdacf66;/Sites/archivio-commerciale/documentLibrary/MIGRAZIONE/2023/5614001-5615000/5614890_2023;GROUP_site_archivio-commerciale_SiteContributor;cmis:read
9844c6e9-ffba-40cb-9029-ed746bdacf66;/Sites/archivio-commerciale/documentLibrary/MIGRAZIONE/2023/5614001-5615000/5614890_2023;GROUP_site_archivio-commerciale_SiteCollaborator;cmis:read
9844c6e9-ffba-40cb-9029-ed746bdacf66;/Sites/archivio-commerciale/documentLibrary/MIGRAZIONE/2023/5614001-5615000/5614890_2023;GROUP_site_archivio-commerciale_SiteCollaborator;cmis:write
4231dcab-4597-4aaf-80d7-5c5cb09c6a38;/Sites/archivio-commerciale/documentLibrary/MIGRAZIONE/2023/5614001-5615000/5614875_2023;GROUP_EVERYONE;cmis:read
4231dcab-4597-4aaf-80d7-5c5cb09c6a38;/Sites/archivio-commerciale/documentLibrary/MIGRAZIONE/2023/5614001-5615000/5614875_2023;GROUP_site_archivio-commerciale_SiteConsumer;cmis:read
4231dcab-4597-4aaf-80d7-5c5cb09c6a38;/Sites/archivio-commerciale/documentLibrary/MIGRAZIONE/2023/5614001-5615000/5614875_2023;GROUP_site_archivio-commerciale_SiteManager;cmis:all
4231dcab-4597-4aaf-80d7-5c5cb09c6a38;/Sites/archivio-commerciale/documentLibrary/MIGRAZIONE/2023/5614001-5615000/5614875_2023;GROUP_site_archivio-commerciale_SiteManager;cmis:read
4231dcab-4597-4aaf-80d7-5c5cb09c6a38;/Sites/archivio-commerciale/documentLibrary/MIGRAZIONE/2023/5614001-5615000/5614875_2023;GROUP_site_archivio-commerciale_SiteManager;cmis:write
4231dcab-4597-4aaf-80d7-5c5cb09c6a38;/Sites/archivio-commerciale/documentLibrary/MIGRAZIONE/2023/5614001-5615000/5614875_2023;GROUP_site_archivio-commerciale_SiteContributor;cmis:read
4231dcab-4597-4aaf-80d7-5c5cb09c6a38;/Sites/archivio-commerciale/documentLibrary/MIGRAZIONE/2023/5614001-5615000/5614875_2023;GROUP_site_archivio-commerciale_SiteCollaborator;cmis:read
4231dcab-4597-4aaf-80d7-5c5cb09c6a38;/Sites/archivio-commerciale/documentLibrary/MIGRAZIONE/2023/5614001-5615000/5614875_2023;GROUP_site_archivio-commerciale_SiteCollaborator;cmis:write
8c216489-fa28-450f-834b-17a3b7b38613;/Sites/archivio-commerciale/documentLibrary/MIGRAZIONE/2023/5614001-5615000/5614594_2023;GROUP_EVERYONE;cmis:read
8c216489-fa28-450f-834b-17a3b7b38613;/Sites/archivio-commerciale/documentLibrary/MIGRAZIONE/2023/5614001-5615000/5614594_2023;GROUP_site_archivio-commerciale_SiteConsumer;cmis:read
8c216489-fa28-450f-834b-17a3b7b38613;/Sites/archivio-commerciale/documentLibrary/MIGRAZIONE/2023/5614001-5615000/5614594_2023;GROUP_site_archivio-commerciale_SiteManager;cmis:all
8c216489-fa28-450f-834b-17a3b7b38613;/Sites/archivio-commerciale/documentLibrary/MIGRAZIONE/2023/5614001-5615000/5614594_2023;GROUP_site_archivio-commerciale_SiteManager;cmis:read
8c216489-fa28-450f-834b-17a3b7b38613;/Sites/archivio-commerciale/documentLibrary/MIGRAZIONE/2023/5614001-5615000/5614594_2023;GROUP_site_archivio-commerciale_SiteManager;cmis:write
8c216489-fa28-450f-834b-17a3b7b38613;/Sites/archivio-commerciale/documentLibrary/MIGRAZIONE/2023/5614001-5615000/5614594_2023;GROUP_site_archivio-commerciale_SiteContributor;cmis:read
8c216489-fa28-450f-834b-17a3b7b38613;/Sites/archivio-commerciale/documentLibrary/MIGRAZIONE/2023/5614001-5615000/5614594_2023;GROUP_site_archivio-commerciale_SiteCollaborator;cmis:read
8c216489-fa28-450f-834b-17a3b7b38613;/Sites/archivio-commerciale/documentLibrary/MIGRAZIONE/2023/5614001-5615000/5614594_2023;GROUP_site_archivio-commerciale_SiteCollaborator;cmis:write
0b055260-6ec0-4592-88f4-e4c5b5f0ad1d;/Sites/archivio-commerciale/documentLibrary/MIGRAZIONE/2023/5614001-5615000/5614619_2023;GROUP_EVERYONE;cmis:read
0b055260-6ec0-4592-88f4-e4c5b5f0ad1d;/Sites/archivio-commerciale/documentLibrary/MIGRAZIONE/2023/5614001-5615000/5614619_2023;GROUP_site_archivio-commerciale_SiteConsumer;cmis:read
0b055260-6ec0-4592-88f4-e4c5b5f0ad1d;/Sites/archivio-commerciale/documentLibrary/MIGRAZIONE/2023/5614001-5615000/5614619_2023;GROUP_site_archivio-commerciale_SiteManager;cmis:all
0b055260-6ec0-4592-88f4-e4c5b5f0ad1d;/Sites/archivio-commerciale/documentLibrary/MIGRAZIONE/2023/5614001-5615000/5614619_2023;GROUP_site_archivio-commerciale_SiteManager;cmis:read
0b055260-6ec0-4592-88f4-e4c5b5f0ad1d;/Sites/archivio-commerciale/documentLibrary/MIGRAZIONE/2023/5614001-5615000/5614619_2023;GROUP_site_archivio-commerciale_SiteManager;cmis:write
0b055260-6ec0-4592-88f4-e4c5b5f0ad1d;/Sites/archivio-commerciale/documentLibrary/MIGRAZIONE/2023/5614001-5615000/5614619_2023;GROUP_site_archivio-commerciale_SiteContributor;cmis:read
0b055260-6ec0-4592-88f4-e4c5b5f0ad1d;/Sites/archivio-commerciale/documentLibrary/MIGRAZIONE/2023/5614001-5615000/5614619_2023;GROUP_site_archivio-commerciale_SiteCollaborator;cmis:read
0b055260-6ec0-4592-88f4-e4c5b5f0ad1d;/Sites/archivio-commerciale/documentLibrary/MIGRAZIONE/2023/5614001-5615000/5614619_2023;GROUP_site_archivio-commerciale_SiteCollaborator;cmis:write
29f85794-5548-482a-8e14-774c81f897af;/Sites/archivio-commerciale/documentLibrary/MIGRAZIONE/2023/5614001-5615000/5614702_2023;GROUP_EVERYONE;cmis:read
29f85794-5548-482a-8e14-774c81f897af;/Sites/archivio-commerciale/documentLibrary/MIGRAZIONE/2023/5614001-5615000/5614702_2023;GROUP_site_archivio-commerciale_SiteConsumer;cmis:read
29f85794-5548-482a-8e14-774c81f897af;/Sites/archivio-commerciale/documentLibrary/MIGRAZIONE/2023/5614001-5615000/5614702_2023;GROUP_site_archivio-commerciale_SiteManager;cmis:all
29f85794-5548-482a-8e14-774c81f897af;/Sites/archivio-commerciale/documentLibrary/MIGRAZIONE/2023/5614001-5615000/5614702_2023;GROUP_site_archivio-commerciale_SiteManager;cmis:read
29f85794-5548-482a-8e14-774c81f897af;/Sites/archivio-commerciale/documentLibrary/MIGRAZIONE/2023/5614001-5615000/5614702_2023;GROUP_site_archivio-commerciale_SiteManager;cmis:write
29f85794-5548-482a-8e14-774c81f897af;/Sites/archivio-commerciale/documentLibrary/MIGRAZIONE/2023/5614001-5615000/5614702_2023;GROUP_site_archivio-commerciale_SiteContributor;cmis:read
29f85794-5548-482a-8e14-774c81f897af;/Sites/archivio-commerciale/documentLibrary/MIGRAZIONE/2023/5614001-5615000/5614702_2023;GROUP_site_archivio-commerciale_SiteCollaborator;cmis:read
29f85794-5548-482a-8e14-774c81f897af;/Sites/archivio-commerciale/documentLibrary/MIGRAZIONE/2023/5614001-5615000/5614702_2023;GROUP_site_archivio-commerciale_SiteCollaborator;cmis:write
152640b7-a872-48ac-9761-a84cf8580cfb;/Sites/archivio-commerciale/documentLibrary/MIGRAZIONE/2023/5614001-5615000/5614354_2023;GROUP_EVERYONE;cmis:read
152640b7-a872-48ac-9761-a84cf8580cfb;/Sites/archivio-commerciale/documentLibrary/MIGRAZIONE/2023/5614001-5615000/5614354_2023;GROUP_site_archivio-commerciale_SiteConsumer;cmis:read
152640b7-a872-48ac-9761-a84cf8580cfb;/Sites/archivio-commerciale/documentLibrary/MIGRAZIONE/2023/5614001-5615000/5614354_2023;GROUP_site_archivio-commerciale_SiteManager;cmis:all
152640b7-a872-48ac-9761-a84cf8580cfb;/Sites/archivio-commerciale/documentLibrary/MIGRAZIONE/2023/5614001-5615000/5614354_2023;GROUP_site_archivio-commerciale_SiteManager;cmis:read
152640b7-a872-48ac-9761-a84cf8580cfb;/Sites/archivio-commerciale/documentLibrary/MIGRAZIONE/2023/5614001-5615000/5614354_2023;GROUP_site_archivio-commerciale_SiteManager;cmis:write
152640b7-a872-48ac-9761-a84cf8580cfb;/Sites/archivio-commerciale/documentLibrary/MIGRAZIONE/2023/5614001-5615000/5614354_2023;GROUP_site_archivio-commerciale_SiteContributor;cmis:read
152640b7-a872-48ac-9761-a84cf8580cfb;/Sites/archivio-commerciale/documentLibrary/MIGRAZIONE/2023/5614001-5615000/5614354_2023;GROUP_site_archivio-commerciale_SiteCollaborator;cmis:read
152640b7-a872-48ac-9761-a84cf8580cfb;/Sites/archivio-commerciale/documentLibrary/MIGRAZIONE/2023/5614001-5615000/5614354_2023;GROUP_site_archivio-commerciale_SiteCollaborator;cmis:write
4c2e69af-704b-4a48-9625-3d164c026dbc;/Sites/archivio-commerciale/documentLibrary/MIGRAZIONE/2023/5614001-5615000/5614255_2023;GROUP_EVERYONE;cmis:read
4c2e69af-704b-4a48-9625-3d164c026dbc;/Sites/archivio-commerciale/documentLibrary/MIGRAZIONE/2023/5614001-5615000/5614255_2023;GROUP_site_archivio-commerciale_SiteConsumer;cmis:read
4c2e69af-704b-4a48-9625-3d164c026dbc;/Sites/archivio-commerciale/documentLibrary/MIGRAZIONE/2023/5614001-5615000/5614255_2023;GROUP_site_archivio-commerciale_SiteManager;cmis:all
4c2e69af-704b-4a48-9625-3d164c026dbc;/Sites/archivio-commerciale/documentLibrary/MIGRAZIONE/2023/5614001-5615000/5614255_2023;GROUP_site_archivio-commerciale_SiteManager;cmis:read
4c2e69af-704b-4a48-9625-3d164c026dbc;/Sites/archivio-commerciale/documentLibrary/MIGRAZIONE/2023/5614001-5615000/5614255_2023;GROUP_site_archivio-commerciale_SiteManager;cmis:write
4c2e69af-704b-4a48-9625-3d164c026dbc;/Sites/archivio-commerciale/documentLibrary/MIGRAZIONE/2023/5614001-5615000/5614255_2023;GROUP_site_archivio-commerciale_SiteContributor;cmis:read
4c2e69af-704b-4a48-9625-3d164c026dbc;/Sites/archivio-commerciale/documentLibrary/MIGRAZIONE/2023/5614001-5615000/5614255_2023;GROUP_site_archivio-commerciale_SiteCollaborator;cmis:read
4c2e69af-704b-4a48-9625-3d164c026dbc;/Sites/archivio-commerciale/documentLibrary/MIGRAZIONE/2023/5614001-5615000/5614255_2023;GROUP_site_archivio-commerciale_SiteCollaborator;cmis:write
4a0aae88-9aa6-4338-a9c0-7f617b1963af;/Sites/archivio-commerciale/documentLibrary/MIGRAZIONE/2023/5614001-5615000/5614603_2023;GROUP_EVERYONE;cmis:read
4a0aae88-9aa6-4338-a9c0-7f617b1963af;/Sites/archivio-commerciale/documentLibrary/MIGRAZIONE/2023/5614001-5615000/5614603_2023;GROUP_site_archivio-commerciale_SiteConsumer;cmis:read
4a0aae88-9aa6-4338-a9c0-7f617b1963af;/Sites/archivio-commerciale/documentLibrary/MIGRAZIONE/2023/5614001-5615000/5614603_2023;GROUP_site_archivio-commerciale_SiteManager;cmis:all
4a0aae88-9aa6-4338-a9c0-7f617b1963af;/Sites/archivio-commerciale/documentLibrary/MIGRAZIONE/2023/5614001-5615000/5614603_2023;GROUP_site_archivio-commerciale_SiteManager;cmis:read
4a0aae88-9aa6-4338-a9c0-7f617b1963af;/Sites/archivio-commerciale/documentLibrary/MIGRAZIONE/2023/5614001-5615000/5614603_2023;GROUP_site_archivio-commerciale_SiteManager;cmis:write
4a0aae88-9aa6-4338-a9c0-7f617b1963af;/Sites/archivio-commerciale/documentLibrary/MIGRAZIONE/2023/5614001-5615000/5614603_2023;GROUP_site_archivio-commerciale_SiteContributor;cmis:read
4a0aae88-9aa6-4338-a9c0-7f617b1963af;/Sites/archivio-commerciale/documentLibrary/MIGRAZIONE/2023/5614001-5615000/5614603_2023;GROUP_site_archivio-commerciale_SiteCollaborator;cmis:read
4a0aae88-9aa6-4338-a9c0-7f617b1963af;/Sites/archivio-commerciale/documentLibrary/MIGRAZIONE/2023/5614001-5615000/5614603_2023;GROUP_site_archivio-commerciale_SiteCollaborator;cmis:write
f286caac-670b-4582-aaf3-bf1f66271d3b;/Sites/archivio-commerciale/documentLibrary/MIGRAZIONE/2023/5614001-5615000/5614718_2023;GROUP_EVERYONE;cmis:read
f286caac-670b-4582-aaf3-bf1f66271d3b;/Sites/archivio-commerciale/documentLibrary/MIGRAZIONE/2023/5614001-5615000/5614718_2023;GROUP_site_archivio-commerciale_SiteConsumer;cmis:read
f286caac-670b-4582-aaf3-bf1f66271d3b;/Sites/archivio-commerciale/documentLibrary/MIGRAZIONE/2023/5614001-5615000/5614718_2023;GROUP_site_archivio-commerciale_SiteManager;cmis:all
f286caac-670b-4582-aaf3-bf1f66271d3b;/Sites/archivio-commerciale/documentLibrary/MIGRAZIONE/2023/5614001-5615000/5614718_2023;GROUP_site_archivio-commerciale_SiteManager;cmis:read
f286caac-670b-4582-aaf3-bf1f66271d3b;/Sites/archivio-commerciale/documentLibrary/MIGRAZIONE/2023/5614001-5615000/5614718_2023;GROUP_site_archivio-commerciale_SiteManager;cmis:write
f286caac-670b-4582-aaf3-bf1f66271d3b;/Sites/archivio-commerciale/documentLibrary/MIGRAZIONE/2023/5614001-5615000/5614718_2023;GROUP_site_archivio-commerciale_SiteContributor;cmis:read
f286caac-670b-4582-aaf3-bf1f66271d3b;/Sites/archivio-commerciale/documentLibrary/MIGRAZIONE/2023/5614001-5615000/5614718_2023;GROUP_site_archivio-commerciale_SiteCollaborator;cmis:read
f286caac-670b-4582-aaf3-bf1f66271d3b;/Sites/archivio-commerciale/documentLibrary/MIGRAZIONE/2023/5614001-5615000/5614718_2023;GROUP_site_archivio-commerciale_SiteCollaborator;cmis:write
5b4a37a1-34a1-4c66-b2d9-0be3be7872b2;/Sites/archivio-commerciale/documentLibrary/MIGRAZIONE/2023/5614001-5615000/5614495_2023;GROUP_EVERYONE;cmis:read
5b4a37a1-34a1-4c66-b2d9-0be3be7872b2;/Sites/archivio-commerciale/documentLibrary/MIGRAZIONE/2023/5614001-5615000/5614495_2023;GROUP_site_archivio-commerciale_SiteConsumer;cmis:read
5b4a37a1-34a1-4c66-b2d9-0be3be7872b2;/Sites/archivio-commerciale/documentLibrary/MIGRAZIONE/2023/5614001-5615000/5614495_2023;GROUP_site_archivio-commerciale_SiteManager;cmis:all
5b4a37a1-34a1-4c66-b2d9-0be3be7872b2;/Sites/archivio-commerciale/documentLibrary/MIGRAZIONE/2023/5614001-5615000/5614495_2023;GROUP_site_archivio-commerciale_SiteManager;cmis:read
5b4a37a1-34a1-4c66-b2d9-0be3be7872b2;/Sites/archivio-commerciale/documentLibrary/MIGRAZIONE/2023/5614001-5615000/5614495_2023;GROUP_site_archivio-commerciale_SiteManager;cmis:write
5b4a37a1-34a1-4c66-b2d9-0be3be7872b2;/Sites/archivio-commerciale/documentLibrary/MIGRAZIONE/2023/5614001-5615000/5614495_2023;GROUP_site_archivio-commerciale_SiteContributor;cmis:read
5b4a37a1-34a1-4c66-b2d9-0be3be7872b2;/Sites/archivio-commerciale/documentLibrary/MIGRAZIONE/2023/5614001-5615000/5614495_2023;GROUP_site_archivio-commerciale_SiteCollaborator;cmis:read
5b4a37a1-34a1-4c66-b2d9-0be3be7872b2;/Sites/archivio-commerciale/documentLibrary/MIGRAZIONE/2023/5614001-5615000/5614495_2023;GROUP_site_archivio-commerciale_SiteCollaborator;cmis:write
0f28c888-ea4a-4a99-8d36-a0fa4f16d0e7;/Sites/archivio-commerciale/documentLibrary/MIGRAZIONE/2023/5614001-5615000/5614974_2023;GROUP_EVERYONE;cmis:read
0f28c888-ea4a-4a99-8d36-a0fa4f16d0e7;/Sites/archivio-commerciale/documentLibrary/MIGRAZIONE/2023/5614001-5615000/5614974_2023;GROUP_site_archivio-commerciale_SiteConsumer;cmis:read
0f28c888-ea4a-4a99-8d36-a0fa4f16d0e7;/Sites/archivio-commerciale/documentLibrary/MIGRAZIONE/2023/5614001-5615000/5614974_2023;GROUP_site_archivio-commerciale_SiteManager;cmis:all
0f28c888-ea4a-4a99-8d36-a0fa4f16d0e7;/Sites/archivio-commerciale/documentLibrary/MIGRAZIONE/2023/5614001-5615000/5614974_2023;GROUP_site_archivio-commerciale_SiteManager;cmis:read
0f28c888-ea4a-4a99-8d36-a0fa4f16d0e7;/Sites/archivio-commerciale/documentLibrary/MIGRAZIONE/2023/5614001-5615000/5614974_2023;GROUP_site_archivio-commerciale_SiteManager;cmis:write
0f28c888-ea4a-4a99-8d36-a0fa4f16d0e7;/Sites/archivio-commerciale/documentLibrary/MIGRAZIONE/2023/5614001-5615000/5614974_2023;GROUP_site_archivio-commerciale_SiteContributor;cmis:read
0f28c888-ea4a-4a99-8d36-a0fa4f16d0e7;/Sites/archivio-commerciale/documentLibrary/MIGRAZIONE/2023/5614001-5615000/5614974_2023;GROUP_site_archivio-commerciale_SiteCollaborator;cmis:read
0f28c888-ea4a-4a99-8d36-a0fa4f16d0e7;/Sites/archivio-commerciale/documentLibrary/MIGRAZIONE/2023/5614001-5615000/5614974_2023;GROUP_site_archivio-commerciale_SiteCollaborator;cmis:write
d7a4215b-6a99-4f04-86a8-0c4297049e5b;/Sites/archivio-commerciale/documentLibrary/MIGRAZIONE/2023/5614001-5615000/5614991_2023;GROUP_EVERYONE;cmis:read
d7a4215b-6a99-4f04-86a8-0c4297049e5b;/Sites/archivio-commerciale/documentLibrary/MIGRAZIONE/2023/5614001-5615000/5614991_2023;GROUP_site_archivio-commerciale_SiteConsumer;cmis:read
d7a4215b-6a99-4f04-86a8-0c4297049e5b;/Sites/archivio-commerciale/documentLibrary/MIGRAZIONE/2023/5614001-5615000/5614991_2023;GROUP_site_archivio-commerciale_SiteManager;cmis:all
d7a4215b-6a99-4f04-86a8-0c4297049e5b;/Sites/archivio-commerciale/documentLibrary/MIGRAZIONE/2023/5614001-5615000/5614991_2023;GROUP_site_archivio-commerciale_SiteManager;cmis:read
d7a4215b-6a99-4f04-86a8-0c4297049e5b;/Sites/archivio-commerciale/documentLibrary/MIGRAZIONE/2023/5614001-5615000/5614991_2023;GROUP_site_archivio-commerciale_SiteManager;cmis:write
d7a4215b-6a99-4f04-86a8-0c4297049e5b;/Sites/archivio-commerciale/documentLibrary/MIGRAZIONE/2023/5614001-5615000/5614991_2023;GROUP_site_archivio-commerciale_SiteContributor;cmis:read
d7a4215b-6a99-4f04-86a8-0c4297049e5b;/Sites/archivio-commerciale/documentLibrary/MIGRAZIONE/2023/5614001-5615000/5614991_2023;GROUP_site_archivio-commerciale_SiteCollaborator;cmis:read
d7a4215b-6a99-4f04-86a8-0c4297049e5b;/Sites/archivio-commerciale/documentLibrary/MIGRAZIONE/2023/5614001-5615000/5614991_2023;GROUP_site_archivio-commerciale_SiteCollaborator;cmis:write
cac080d0-e7b1-483a-ae3f-cfb4c2a6644f;/Sites/archivio-commerciale/documentLibrary/MIGRAZIONE/2023/5614001-5615000/5614026_2023;GROUP_EVERYONE;cmis:read
cac080d0-e7b1-483a-ae3f-cfb4c2a6644f;/Sites/archivio-commerciale/documentLibrary/MIGRAZIONE/2023/5614001-5615000/5614026_2023;GROUP_site_archivio-commerciale_SiteConsumer;cmis:read
cac080d0-e7b1-483a-ae3f-cfb4c2a6644f;/Sites/archivio-commerciale/documentLibrary/MIGRAZIONE/2023/5614001-5615000/5614026_2023;GROUP_site_archivio-commerciale_SiteManager;cmis:all
cac080d0-e7b1-483a-ae3f-cfb4c2a6644f;/Sites/archivio-commerciale/documentLibrary/MIGRAZIONE/2023/5614001-5615000/5614026_2023;GROUP_site_archivio-commerciale_SiteManager;cmis:read
cac080d0-e7b1-483a-ae3f-cfb4c2a6644f;/Sites/archivio-commerciale/documentLibrary/MIGRAZIONE/2023/5614001-5615000/5614026_2023;GROUP_site_archivio-commerciale_SiteManager;cmis:write
cac080d0-e7b1-483a-ae3f-cfb4c2a6644f;/Sites/archivio-commerciale/documentLibrary/MIGRAZIONE/2023/5614001-5615000/5614026_2023;GROUP_site_archivio-commerciale_SiteContributor;cmis:read
cac080d0-e7b1-483a-ae3f-cfb4c2a6644f;/Sites/archivio-commerciale/documentLibrary/MIGRAZIONE/2023/5614001-5615000/5614026_2023;GROUP_site_archivio-commerciale_SiteCollaborator;cmis:read
cac080d0-e7b1-483a-ae3f-cfb4c2a6644f;/Sites/archivio-commerciale/documentLibrary/MIGRAZIONE/2023/5614001-5615000/5614026_2023;GROUP_site_archivio-commerciale_SiteCollaborator;cmis:write
002c3bcf-f843-4743-b6ab-48d6f2830a0b;/Sites/archivio-commerciale/documentLibrary/MIGRAZIONE/2023/5614001-5615000/5614470_2023;GROUP_EVERYONE;cmis:read
002c3bcf-f843-4743-b6ab-48d6f2830a0b;/Sites/archivio-commerciale/documentLibrary/MIGRAZIONE/2023/5614001-5615000/5614470_2023;GROUP_site_archivio-commerciale_SiteConsumer;cmis:read
002c3bcf-f843-4743-b6ab-48d6f2830a0b;/Sites/archivio-commerciale/documentLibrary/MIGRAZIONE/2023/5614001-5615000/5614470_2023;GROUP_site_archivio-commerciale_SiteManager;cmis:all
002c3bcf-f843-4743-b6ab-48d6f2830a0b;/Sites/archivio-commerciale/documentLibrary/MIGRAZIONE/2023/5614001-5615000/5614470_2023;GROUP_site_archivio-commerciale_SiteManager;cmis:read
002c3bcf-f843-4743-b6ab-48d6f2830a0b;/Sites/archivio-commerciale/documentLibrary/MIGRAZIONE/2023/5614001-5615000/5614470_2023;GROUP_site_archivio-commerciale_SiteManager;cmis:write
002c3bcf-f843-4743-b6ab-48d6f2830a0b;/Sites/archivio-commerciale/documentLibrary/MIGRAZIONE/2023/5614001-5615000/5614470_2023;GROUP_site_archivio-commerciale_SiteContributor;cmis:read
002c3bcf-f843-4743-b6ab-48d6f2830a0b;/Sites/archivio-commerciale/documentLibrary/MIGRAZIONE/2023/5614001-5615000/5614470_2023;GROUP_site_archivio-commerciale_SiteCollaborator;cmis:read
002c3bcf-f843-4743-b6ab-48d6f2830a0b;/Sites/archivio-commerciale/documentLibrary/MIGRAZIONE/2023/5614001-5615000/5614470_2023;GROUP_site_archivio-commerciale_SiteCollaborator;cmis:write
6b01f85d-957d-4167-a08d-eba79cfb491f;/Sites/archivio-commerciale/documentLibrary/MIGRAZIONE/2023/5614001-5615000/5614656_2023;GROUP_EVERYONE;cmis:read
6b01f85d-957d-4167-a08d-eba79cfb491f;/Sites/archivio-commerciale/documentLibrary/MIGRAZIONE/2023/5614001-5615000/5614656_2023;GROUP_site_archivio-commerciale_SiteConsumer;cmis:read
6b01f85d-957d-4167-a08d-eba79cfb491f;/Sites/archivio-commerciale/documentLibrary/MIGRAZIONE/2023/5614001-5615000/5614656_2023;GROUP_site_archivio-commerciale_SiteManager;cmis:all
6b01f85d-957d-4167-a08d-eba79cfb491f;/Sites/archivio-commerciale/documentLibrary/MIGRAZIONE/2023/5614001-5615000/5614656_2023;GROUP_site_archivio-commerciale_SiteManager;cmis:read
6b01f85d-957d-4167-a08d-eba79cfb491f;/Sites/archivio-commerciale/documentLibrary/MIGRAZIONE/2023/5614001-5615000/5614656_2023;GROUP_site_archivio-commerciale_SiteManager;cmis:write
6b01f85d-957d-4167-a08d-eba79cfb491f;/Sites/archivio-commerciale/documentLibrary/MIGRAZIONE/2023/5614001-5615000/5614656_2023;GROUP_site_archivio-commerciale_SiteContributor;cmis:read
6b01f85d-957d-4167-a08d-eba79cfb491f;/Sites/archivio-commerciale/documentLibrary/MIGRAZIONE/2023/5614001-5615000/5614656_2023;GROUP_site_archivio-commerciale_SiteCollaborator;cmis:read
6b01f85d-957d-4167-a08d-eba79cfb491f;/Sites/archivio-commerciale/documentLibrary/MIGRAZIONE/2023/5614001-5615000/5614656_2023;GROUP_site_archivio-commerciale_SiteCollaborator;cmis:write
8b20f27b-5e5d-4a6f-b14d-a109e8c8a865;/Sites/archivio-commerciale/documentLibrary/MIGRAZIONE/2023/5614001-5615000/5614425_2023;GROUP_EVERYONE;cmis:read
8b20f27b-5e5d-4a6f-b14d-a109e8c8a865;/Sites/archivio-commerciale/documentLibrary/MIGRAZIONE/2023/5614001-5615000/5614425_2023;GROUP_site_archivio-commerciale_SiteConsumer;cmis:read
8b20f27b-5e5d-4a6f-b14d-a109e8c8a865;/Sites/archivio-commerciale/documentLibrary/MIGRAZIONE/2023/5614001-5615000/5614425_2023;GROUP_site_archivio-commerciale_SiteManager;cmis:all
8b20f27b-5e5d-4a6f-b14d-a109e8c8a865;/Sites/archivio-commerciale/documentLibrary/MIGRAZIONE/2023/5614001-5615000/5614425_2023;GROUP_site_archivio-commerciale_SiteManager;cmis:read
8b20f27b-5e5d-4a6f-b14d-a109e8c8a865;/Sites/archivio-commerciale/documentLibrary/MIGRAZIONE/2023/5614001-5615000/5614425_2023;GROUP_site_archivio-commerciale_SiteManager;cmis:write
8b20f27b-5e5d-4a6f-b14d-a109e8c8a865;/Sites/archivio-commerciale/documentLibrary/MIGRAZIONE/2023/5614001-5615000/5614425_2023;GROUP_site_archivio-commerciale_SiteContributor;cmis:read
8b20f27b-5e5d-4a6f-b14d-a109e8c8a865;/Sites/archivio-commerciale/documentLibrary/MIGRAZIONE/2023/5614001-5615000/5614425_2023;GROUP_site_archivio-commerciale_SiteCollaborator;cmis:read
8b20f27b-5e5d-4a6f-b14d-a109e8c8a865;/Sites/archivio-commerciale/documentLibrary/MIGRAZIONE/2023/5614001-5615000/5614425_2023;GROUP_site_archivio-commerciale_SiteCollaborator;cmis:write
7fdcb347-f796-447e-8528-8478e1db636b;/Sites/archivio-commerciale/documentLibrary/MIGRAZIONE/2023/5614001-5615000/5614073_2023;GROUP_EVERYONE;cmis:read
7fdcb347-f796-447e-8528-8478e1db636b;/Sites/archivio-commerciale/documentLibrary/MIGRAZIONE/2023/5614001-5615000/5614073_2023;GROUP_site_archivio-commerciale_SiteConsumer;cmis:read
7fdcb347-f796-447e-8528-8478e1db636b;/Sites/archivio-commerciale/documentLibrary/MIGRAZIONE/2023/5614001-5615000/5614073_2023;GROUP_site_archivio-commerciale_SiteManager;cmis:all
7fdcb347-f796-447e-8528-8478e1db636b;/Sites/archivio-commerciale/documentLibrary/MIGRAZIONE/2023/5614001-5615000/5614073_2023;GROUP_site_archivio-commerciale_SiteManager;cmis:read
7fdcb347-f796-447e-8528-8478e1db636b;/Sites/archivio-commerciale/documentLibrary/MIGRAZIONE/2023/5614001-5615000/5614073_2023;GROUP_site_archivio-commerciale_SiteManager;cmis:write
7fdcb347-f796-447e-8528-8478e1db636b;/Sites/archivio-commerciale/documentLibrary/MIGRAZIONE/2023/5614001-5615000/5614073_2023;GROUP_site_archivio-commerciale_SiteContributor;cmis:read
7fdcb347-f796-447e-8528-8478e1db636b;/Sites/archivio-commerciale/documentLibrary/MIGRAZIONE/2023/5614001-5615000/5614073_2023;GROUP_site_archivio-commerciale_SiteCollaborator;cmis:read
7fdcb347-f796-447e-8528-8478e1db636b;/Sites/archivio-commerciale/documentLibrary/MIGRAZIONE/2023/5614001-5615000/5614073_2023;GROUP_site_archivio-commerciale_SiteCollaborator;cmis:write
4ce9dbb8-867b-4355-8fc5-7a9a98534f4f;/Sites/archivio-commerciale/documentLibrary/MIGRAZIONE/2023/5614001-5615000/5614168_2023;GROUP_EVERYONE;cmis:read
4ce9dbb8-867b-4355-8fc5-7a9a98534f4f;/Sites/archivio-commerciale/documentLibrary/MIGRAZIONE/2023/5614001-5615000/5614168_2023;GROUP_site_archivio-commerciale_SiteConsumer;cmis:read
4ce9dbb8-867b-4355-8fc5-7a9a98534f4f;/Sites/archivio-commerciale/documentLibrary/MIGRAZIONE/2023/5614001-5615000/5614168_2023;GROUP_site_archivio-commerciale_SiteManager;cmis:all
4ce9dbb8-867b-4355-8fc5-7a9a98534f4f;/Sites/archivio-commerciale/documentLibrary/MIGRAZIONE/2023/5614001-5615000/5614168_2023;GROUP_site_archivio-commerciale_SiteManager;cmis:read
4ce9dbb8-867b-4355-8fc5-7a9a98534f4f;/Sites/archivio-commerciale/documentLibrary/MIGRAZIONE/2023/5614001-5615000/5614168_2023;GROUP_site_archivio-commerciale_SiteManager;cmis:write
4ce9dbb8-867b-4355-8fc5-7a9a98534f4f;/Sites/archivio-commerciale/documentLibrary/MIGRAZIONE/2023/5614001-5615000/5614168_2023;GROUP_site_archivio-commerciale_SiteContributor;cmis:read
4ce9dbb8-867b-4355-8fc5-7a9a98534f4f;/Sites/archivio-commerciale/documentLibrary/MIGRAZIONE/2023/5614001-5615000/5614168_2023;GROUP_site_archivio-commerciale_SiteCollaborator;cmis:read
4ce9dbb8-867b-4355-8fc5-7a9a98534f4f;/Sites/archivio-commerciale/documentLibrary/MIGRAZIONE/2023/5614001-5615000/5614168_2023;GROUP_site_archivio-commerciale_SiteCollaborator;cmis:write
fe513958-8ae5-4e64-bdee-fccb4b84d571;/Sites/archivio-commerciale/documentLibrary/MIGRAZIONE/2023/5614001-5615000/5614921_2023;GROUP_EVERYONE;cmis:read
fe513958-8ae5-4e64-bdee-fccb4b84d571;/Sites/archivio-commerciale/documentLibrary/MIGRAZIONE/2023/5614001-5615000/5614921_2023;GROUP_site_archivio-commerciale_SiteConsumer;cmis:read
fe513958-8ae5-4e64-bdee-fccb4b84d571;/Sites/archivio-commerciale/documentLibrary/MIGRAZIONE/2023/5614001-5615000/5614921_2023;GROUP_site_archivio-commerciale_SiteManager;cmis:all
fe513958-8ae5-4e64-bdee-fccb4b84d571;/Sites/archivio-commerciale/documentLibrary/MIGRAZIONE/2023/5614001-5615000/5614921_2023;GROUP_site_archivio-commerciale_SiteManager;cmis:read
fe513958-8ae5-4e64-bdee-fccb4b84d571;/Sites/archivio-commerciale/documentLibrary/MIGRAZIONE/2023/5614001-5615000/5614921_2023;GROUP_site_archivio-commerciale_SiteManager;cmis:write
fe513958-8ae5-4e64-bdee-fccb4b84d571;/Sites/archivio-commerciale/documentLibrary/MIGRAZIONE/2023/5614001-5615000/5614921_2023;GROUP_site_archivio-commerciale_SiteContributor;cmis:read
fe513958-8ae5-4e64-bdee-fccb4b84d571;/Sites/archivio-commerciale/documentLibrary/MIGRAZIONE/2023/5614001-5615000/5614921_2023;GROUP_site_archivio-commerciale_SiteCollaborator;cmis:read
fe513958-8ae5-4e64-bdee-fccb4b84d571;/Sites/archivio-commerciale/documentLibrary/MIGRAZIONE/2023/5614001-5615000/5614921_2023;GROUP_site_archivio-commerciale_SiteCollaborator;cmis:write
88b4f4ea-ca8d-4da0-aeca-3727bc245e52;/Sites/archivio-commerciale/documentLibrary/MIGRAZIONE/2023/5614001-5615000/5614096_2023;GROUP_EVERYONE;cmis:read
88b4f4ea-ca8d-4da0-aeca-3727bc245e52;/Sites/archivio-commerciale/documentLibrary/MIGRAZIONE/2023/5614001-5615000/5614096_2023;GROUP_site_archivio-commerciale_SiteConsumer;cmis:read
88b4f4ea-ca8d-4da0-aeca-3727bc245e52;/Sites/archivio-commerciale/documentLibrary/MIGRAZIONE/2023/5614001-5615000/5614096_2023;GROUP_site_archivio-commerciale_SiteManager;cmis:all
88b4f4ea-ca8d-4da0-aeca-3727bc245e52;/Sites/archivio-commerciale/documentLibrary/MIGRAZIONE/2023/5614001-5615000/5614096_2023;GROUP_site_archivio-commerciale_SiteManager;cmis:read
88b4f4ea-ca8d-4da0-aeca-3727bc245e52;/Sites/archivio-commerciale/documentLibrary/MIGRAZIONE/2023/5614001-5615000/5614096_2023;GROUP_site_archivio-commerciale_SiteManager;cmis:write
88b4f4ea-ca8d-4da0-aeca-3727bc245e52;/Sites/archivio-commerciale/documentLibrary/MIGRAZIONE/2023/5614001-5615000/5614096_2023;GROUP_site_archivio-commerciale_SiteContributor;cmis:read
88b4f4ea-ca8d-4da0-aeca-3727bc245e52;/Sites/archivio-commerciale/documentLibrary/MIGRAZIONE/2023/5614001-5615000/5614096_2023;GROUP_site_archivio-commerciale_SiteCollaborator;cmis:read
88b4f4ea-ca8d-4da0-aeca-3727bc245e52;/Sites/archivio-commerciale/documentLibrary/MIGRAZIONE/2023/5614001-5615000/5614096_2023;GROUP_site_archivio-commerciale_SiteCollaborator;cmis:write
1bacb1eb-7ccd-4e7a-9d30-923268a2131f;/Sites/archivio-commerciale/documentLibrary/MIGRAZIONE/2023/5614001-5615000/5614399_2023;GROUP_EVERYONE;cmis:read
1bacb1eb-7ccd-4e7a-9d30-923268a2131f;/Sites/archivio-commerciale/documentLibrary/MIGRAZIONE/2023/5614001-5615000/5614399_2023;GROUP_site_archivio-commerciale_SiteConsumer;cmis:read
1bacb1eb-7ccd-4e7a-9d30-923268a2131f;/Sites/archivio-commerciale/documentLibrary/MIGRAZIONE/2023/5614001-5615000/5614399_2023;GROUP_site_archivio-commerciale_SiteManager;cmis:all
1bacb1eb-7ccd-4e7a-9d30-923268a2131f;/Sites/archivio-commerciale/documentLibrary/MIGRAZIONE/2023/5614001-5615000/5614399_2023;GROUP_site_archivio-commerciale_SiteManager;cmis:read
1bacb1eb-7ccd-4e7a-9d30-923268a2131f;/Sites/archivio-commerciale/documentLibrary/MIGRAZIONE/2023/5614001-5615000/5614399_2023;GROUP_site_archivio-commerciale_SiteManager;cmis:write
1bacb1eb-7ccd-4e7a-9d30-923268a2131f;/Sites/archivio-commerciale/documentLibrary/MIGRAZIONE/2023/5614001-5615000/5614399_2023;GROUP_site_archivio-commerciale_SiteContributor;cmis:read
1bacb1eb-7ccd-4e7a-9d30-923268a2131f;/Sites/archivio-commerciale/documentLibrary/MIGRAZIONE/2023/5614001-5615000/5614399_2023;GROUP_site_archivio-commerciale_SiteCollaborator;cmis:read
1bacb1eb-7ccd-4e7a-9d30-923268a2131f;/Sites/archivio-commerciale/documentLibrary/MIGRAZIONE/2023/5614001-5615000/5614399_2023;GROUP_site_archivio-commerciale_SiteCollaborator;cmis:write
c660c9c4-3fd1-417c-a616-b727d5aecb0a;/Sites/archivio-commerciale/documentLibrary/MIGRAZIONE/2023/5614001-5615000/5614282_2023;GROUP_EVERYONE;cmis:read
c660c9c4-3fd1-417c-a616-b727d5aecb0a;/Sites/archivio-commerciale/documentLibrary/MIGRAZIONE/2023/5614001-5615000/5614282_2023;GROUP_site_archivio-commerciale_SiteConsumer;cmis:read
c660c9c4-3fd1-417c-a616-b727d5aecb0a;/Sites/archivio-commerciale/documentLibrary/MIGRAZIONE/2023/5614001-5615000/5614282_2023;GROUP_site_archivio-commerciale_SiteManager;cmis:all
c660c9c4-3fd1-417c-a616-b727d5aecb0a;/Sites/archivio-commerciale/documentLibrary/MIGRAZIONE/2023/5614001-5615000/5614282_2023;GROUP_site_archivio-commerciale_SiteManager;cmis:read
c660c9c4-3fd1-417c-a616-b727d5aecb0a;/Sites/archivio-commerciale/documentLibrary/MIGRAZIONE/2023/5614001-5615000/5614282_2023;GROUP_site_archivio-commerciale_SiteManager;cmis:write
c660c9c4-3fd1-417c-a616-b727d5aecb0a;/Sites/archivio-commerciale/documentLibrary/MIGRAZIONE/2023/5614001-5615000/5614282_2023;GROUP_site_archivio-commerciale_SiteContributor;cmis:read
c660c9c4-3fd1-417c-a616-b727d5aecb0a;/Sites/archivio-commerciale/documentLibrary/MIGRAZIONE/2023/5614001-5615000/5614282_2023;GROUP_site_archivio-commerciale_SiteCollaborator;cmis:read
c660c9c4-3fd1-417c-a616-b727d5aecb0a;/Sites/archivio-commerciale/documentLibrary/MIGRAZIONE/2023/5614001-5615000/5614282_2023;GROUP_site_archivio-commerciale_SiteCollaborator;cmis:write
65093206-0c20-486f-9962-124fbb807ffd;/Sites/archivio-commerciale/documentLibrary/MIGRAZIONE/2023/5614001-5615000/5614631_2023;GROUP_EVERYONE;cmis:read
65093206-0c20-486f-9962-124fbb807ffd;/Sites/archivio-commerciale/documentLibrary/MIGRAZIONE/2023/5614001-5615000/5614631_2023;GROUP_site_archivio-commerciale_SiteConsumer;cmis:read
65093206-0c20-486f-9962-124fbb807ffd;/Sites/archivio-commerciale/documentLibrary/MIGRAZIONE/2023/5614001-5615000/5614631_2023;GROUP_site_archivio-commerciale_SiteManager;cmis:all
65093206-0c20-486f-9962-124fbb807ffd;/Sites/archivio-commerciale/documentLibrary/MIGRAZIONE/2023/5614001-5615000/5614631_2023;GROUP_site_archivio-commerciale_SiteManager;cmis:read
65093206-0c20-486f-9962-124fbb807ffd;/Sites/archivio-commerciale/documentLibrary/MIGRAZIONE/2023/5614001-5615000/5614631_2023;GROUP_site_archivio-commerciale_SiteManager;cmis:write
65093206-0c20-486f-9962-124fbb807ffd;/Sites/archivio-commerciale/documentLibrary/MIGRAZIONE/2023/5614001-5615000/5614631_2023;GROUP_site_archivio-commerciale_SiteContributor;cmis:read
65093206-0c20-486f-9962-124fbb807ffd;/Sites/archivio-commerciale/documentLibrary/MIGRAZIONE/2023/5614001-5615000/5614631_2023;GROUP_site_archivio-commerciale_SiteCollaborator;cmis:read
65093206-0c20-486f-9962-124fbb807ffd;/Sites/archivio-commerciale/documentLibrary/MIGRAZIONE/2023/5614001-5615000/5614631_2023;GROUP_site_archivio-commerciale_SiteCollaborator;cmis:write
fad69785-74c6-4345-8fc1-a005876f902d;/Sites/archivio-commerciale/documentLibrary/MIGRAZIONE/2023/5614001-5615000/5614267_2023;GROUP_EVERYONE;cmis:read
fad69785-74c6-4345-8fc1-a005876f902d;/Sites/archivio-commerciale/documentLibrary/MIGRAZIONE/2023/5614001-5615000/5614267_2023;GROUP_site_archivio-commerciale_SiteConsumer;cmis:read
fad69785-74c6-4345-8fc1-a005876f902d;/Sites/archivio-commerciale/documentLibrary/MIGRAZIONE/2023/5614001-5615000/5614267_2023;GROUP_site_archivio-commerciale_SiteManager;cmis:all
fad69785-74c6-4345-8fc1-a005876f902d;/Sites/archivio-commerciale/documentLibrary/MIGRAZIONE/2023/5614001-5615000/5614267_2023;GROUP_site_archivio-commerciale_SiteManager;cmis:read
fad69785-74c6-4345-8fc1-a005876f902d;/Sites/archivio-commerciale/documentLibrary/MIGRAZIONE/2023/5614001-5615000/5614267_2023;GROUP_site_archivio-commerciale_SiteManager;cmis:write
fad69785-74c6-4345-8fc1-a005876f902d;/Sites/archivio-commerciale/documentLibrary/MIGRAZIONE/2023/5614001-5615000/5614267_2023;GROUP_site_archivio-commerciale_SiteContributor;cmis:read
fad69785-74c6-4345-8fc1-a005876f902d;/Sites/archivio-commerciale/documentLibrary/MIGRAZIONE/2023/5614001-5615000/5614267_2023;GROUP_site_archivio-commerciale_SiteCollaborator;cmis:read
fad69785-74c6-4345-8fc1-a005876f902d;/Sites/archivio-commerciale/documentLibrary/MIGRAZIONE/2023/5614001-5615000/5614267_2023;GROUP_site_archivio-commerciale_SiteCollaborator;cmis:write
ad2e0a71-fb83-4884-87c6-58f1eb30ed53;/Sites/archivio-commerciale/documentLibrary/MIGRAZIONE/2023/5614001-5615000/5614946_2023;GROUP_EVERYONE;cmis:read
ad2e0a71-fb83-4884-87c6-58f1eb30ed53;/Sites/archivio-commerciale/documentLibrary/MIGRAZIONE/2023/5614001-5615000/5614946_2023;GROUP_site_archivio-commerciale_SiteConsumer;cmis:read
ad2e0a71-fb83-4884-87c6-58f1eb30ed53;/Sites/archivio-commerciale/documentLibrary/MIGRAZIONE/2023/5614001-5615000/5614946_2023;GROUP_site_archivio-commerciale_SiteManager;cmis:all
ad2e0a71-fb83-4884-87c6-58f1eb30ed53;/Sites/archivio-commerciale/documentLibrary/MIGRAZIONE/2023/5614001-5615000/5614946_2023;GROUP_site_archivio-commerciale_SiteManager;cmis:read
ad2e0a71-fb83-4884-87c6-58f1eb30ed53;/Sites/archivio-commerciale/documentLibrary/MIGRAZIONE/2023/5614001-5615000/5614946_2023;GROUP_site_archivio-commerciale_SiteManager;cmis:write
ad2e0a71-fb83-4884-87c6-58f1eb30ed53;/Sites/archivio-commerciale/documentLibrary/MIGRAZIONE/2023/5614001-5615000/5614946_2023;GROUP_site_archivio-commerciale_SiteContributor;cmis:read
ad2e0a71-fb83-4884-87c6-58f1eb30ed53;/Sites/archivio-commerciale/documentLibrary/MIGRAZIONE/2023/5614001-5615000/5614946_2023;GROUP_site_archivio-commerciale_SiteCollaborator;cmis:read
ad2e0a71-fb83-4884-87c6-58f1eb30ed53;/Sites/archivio-commerciale/documentLibrary/MIGRAZIONE/2023/5614001-5615000/5614946_2023;GROUP_site_archivio-commerciale_SiteCollaborator;cmis:write
ef69b95e-1e40-4e8b-bc7d-5f70de78d6be;/Sites/archivio-commerciale/documentLibrary/MIGRAZIONE/2023/5614001-5615000/5614559_2023;GROUP_EVERYONE;cmis:read
ef69b95e-1e40-4e8b-bc7d-5f70de78d6be;/Sites/archivio-commerciale/documentLibrary/MIGRAZIONE/2023/5614001-5615000/5614559_2023;GROUP_site_archivio-commerciale_SiteConsumer;cmis:read
ef69b95e-1e40-4e8b-bc7d-5f70de78d6be;/Sites/archivio-commerciale/documentLibrary/MIGRAZIONE/2023/5614001-5615000/5614559_2023;GROUP_site_archivio-commerciale_SiteManager;cmis:all
ef69b95e-1e40-4e8b-bc7d-5f70de78d6be;/Sites/archivio-commerciale/documentLibrary/MIGRAZIONE/2023/5614001-5615000/5614559_2023;GROUP_site_archivio-commerciale_SiteManager;cmis:read
ef69b95e-1e40-4e8b-bc7d-5f70de78d6be;/Sites/archivio-commerciale/documentLibrary/MIGRAZIONE/2023/5614001-5615000/5614559_2023;GROUP_site_archivio-commerciale_SiteManager;cmis:write
ef69b95e-1e40-4e8b-bc7d-5f70de78d6be;/Sites/archivio-commerciale/documentLibrary/MIGRAZIONE/2023/5614001-5615000/5614559_2023;GROUP_site_archivio-commerciale_SiteContributor;cmis:read
ef69b95e-1e40-4e8b-bc7d-5f70de78d6be;/Sites/archivio-commerciale/documentLibrary/MIGRAZIONE/2023/5614001-5615000/5614559_2023;GROUP_site_archivio-commerciale_SiteCollaborator;cmis:read
ef69b95e-1e40-4e8b-bc7d-5f70de78d6be;/Sites/archivio-commerciale/documentLibrary/MIGRAZIONE/2023/5614001-5615000/5614559_2023;GROUP_site_archivio-commerciale_SiteCollaborator;cmis:write
52c18c82-fcb1-4946-bafc-3161e59214e3;/Sites/archivio-commerciale/documentLibrary/MIGRAZIONE/2023/5614001-5615000/5614442_2023;GROUP_EVERYONE;cmis:read
52c18c82-fcb1-4946-bafc-3161e59214e3;/Sites/archivio-commerciale/documentLibrary/MIGRAZIONE/2023/5614001-5615000/5614442_2023;GROUP_site_archivio-commerciale_SiteConsumer;cmis:read
52c18c82-fcb1-4946-bafc-3161e59214e3;/Sites/archivio-commerciale/documentLibrary/MIGRAZIONE/2023/5614001-5615000/5614442_2023;GROUP_site_archivio-commerciale_SiteManager;cmis:all
52c18c82-fcb1-4946-bafc-3161e59214e3;/Sites/archivio-commerciale/documentLibrary/MIGRAZIONE/2023/5614001-5615000/5614442_2023;GROUP_site_archivio-commerciale_SiteManager;cmis:read
52c18c82-fcb1-4946-bafc-3161e59214e3;/Sites/archivio-commerciale/documentLibrary/MIGRAZIONE/2023/5614001-5615000/5614442_2023;GROUP_site_archivio-commerciale_SiteManager;cmis:write
52c18c82-fcb1-4946-bafc-3161e59214e3;/Sites/archivio-commerciale/documentLibrary/MIGRAZIONE/2023/5614001-5615000/5614442_2023;GROUP_site_archivio-commerciale_SiteContributor;cmis:read
52c18c82-fcb1-4946-bafc-3161e59214e3;/Sites/archivio-commerciale/documentLibrary/MIGRAZIONE/2023/5614001-5615000/5614442_2023;GROUP_site_archivio-commerciale_SiteCollaborator;cmis:read
52c18c82-fcb1-4946-bafc-3161e59214e3;/Sites/archivio-commerciale/documentLibrary/MIGRAZIONE/2023/5614001-5615000/5614442_2023;GROUP_site_archivio-commerciale_SiteCollaborator;cmis:write
cfd2399a-fe1a-421f-a59e-f511b42bf79a;/Sites/archivio-commerciale/documentLibrary/MIGRAZIONE/2023/5614001-5615000/5614014_2023;GROUP_EVERYONE;cmis:read
cfd2399a-fe1a-421f-a59e-f511b42bf79a;/Sites/archivio-commerciale/documentLibrary/MIGRAZIONE/2023/5614001-5615000/5614014_2023;GROUP_site_archivio-commerciale_SiteConsumer;cmis:read
cfd2399a-fe1a-421f-a59e-f511b42bf79a;/Sites/archivio-commerciale/documentLibrary/MIGRAZIONE/2023/5614001-5615000/5614014_2023;GROUP_site_archivio-commerciale_SiteManager;cmis:all
cfd2399a-fe1a-421f-a59e-f511b42bf79a;/Sites/archivio-commerciale/documentLibrary/MIGRAZIONE/2023/5614001-5615000/5614014_2023;GROUP_site_archivio-commerciale_SiteManager;cmis:read
cfd2399a-fe1a-421f-a59e-f511b42bf79a;/Sites/archivio-commerciale/documentLibrary/MIGRAZIONE/2023/5614001-5615000/5614014_2023;GROUP_site_archivio-commerciale_SiteManager;cmis:write
cfd2399a-fe1a-421f-a59e-f511b42bf79a;/Sites/archivio-commerciale/documentLibrary/MIGRAZIONE/2023/5614001-5615000/5614014_2023;GROUP_site_archivio-commerciale_SiteContributor;cmis:read
cfd2399a-fe1a-421f-a59e-f511b42bf79a;/Sites/archivio-commerciale/documentLibrary/MIGRAZIONE/2023/5614001-5615000/5614014_2023;GROUP_site_archivio-commerciale_SiteCollaborator;cmis:read
cfd2399a-fe1a-421f-a59e-f511b42bf79a;/Sites/archivio-commerciale/documentLibrary/MIGRAZIONE/2023/5614001-5615000/5614014_2023;GROUP_site_archivio-commerciale_SiteCollaborator;cmis:write
96b85b30-3cda-446e-860d-dcb1b23ae829;/Sites/archivio-commerciale/documentLibrary/MIGRAZIONE/2023/5614001-5615000/5614329_2023;GROUP_EVERYONE;cmis:read
96b85b30-3cda-446e-860d-dcb1b23ae829;/Sites/archivio-commerciale/documentLibrary/MIGRAZIONE/2023/5614001-5615000/5614329_2023;GROUP_site_archivio-commerciale_SiteConsumer;cmis:read
96b85b30-3cda-446e-860d-dcb1b23ae829;/Sites/archivio-commerciale/documentLibrary/MIGRAZIONE/2023/5614001-5615000/5614329_2023;GROUP_site_archivio-commerciale_SiteManager;cmis:all
96b85b30-3cda-446e-860d-dcb1b23ae829;/Sites/archivio-commerciale/documentLibrary/MIGRAZIONE/2023/5614001-5615000/5614329_2023;GROUP_site_archivio-commerciale_SiteManager;cmis:read
96b85b30-3cda-446e-860d-dcb1b23ae829;/Sites/archivio-commerciale/documentLibrary/MIGRAZIONE/2023/5614001-5615000/5614329_2023;GROUP_site_archivio-commerciale_SiteManager;cmis:write
96b85b30-3cda-446e-860d-dcb1b23ae829;/Sites/archivio-commerciale/documentLibrary/MIGRAZIONE/2023/5614001-5615000/5614329_2023;GROUP_site_archivio-commerciale_SiteContributor;cmis:read
96b85b30-3cda-446e-860d-dcb1b23ae829;/Sites/archivio-commerciale/documentLibrary/MIGRAZIONE/2023/5614001-5615000/5614329_2023;GROUP_site_archivio-commerciale_SiteCollaborator;cmis:read
96b85b30-3cda-446e-860d-dcb1b23ae829;/Sites/archivio-commerciale/documentLibrary/MIGRAZIONE/2023/5614001-5615000/5614329_2023;GROUP_site_archivio-commerciale_SiteCollaborator;cmis:write
3e4b18ab-5624-4cda-bbbc-91aa344bb951;/Sites/archivio-commerciale/documentLibrary/MIGRAZIONE/2023/5614001-5615000/5614232_2023;GROUP_EVERYONE;cmis:read
3e4b18ab-5624-4cda-bbbc-91aa344bb951;/Sites/archivio-commerciale/documentLibrary/MIGRAZIONE/2023/5614001-5615000/5614232_2023;GROUP_site_archivio-commerciale_SiteConsumer;cmis:read
3e4b18ab-5624-4cda-bbbc-91aa344bb951;/Sites/archivio-commerciale/documentLibrary/MIGRAZIONE/2023/5614001-5615000/5614232_2023;GROUP_site_archivio-commerciale_SiteManager;cmis:all
3e4b18ab-5624-4cda-bbbc-91aa344bb951;/Sites/archivio-commerciale/documentLibrary/MIGRAZIONE/2023/5614001-5615000/5614232_2023;GROUP_site_archivio-commerciale_SiteManager;cmis:read
3e4b18ab-5624-4cda-bbbc-91aa344bb951;/Sites/archivio-commerciale/documentLibrary/MIGRAZIONE/2023/5614001-5615000/5614232_2023;GROUP_site_archivio-commerciale_SiteManager;cmis:write
3e4b18ab-5624-4cda-bbbc-91aa344bb951;/Sites/archivio-commerciale/documentLibrary/MIGRAZIONE/2023/5614001-5615000/5614232_2023;GROUP_site_archivio-commerciale_SiteContributor;cmis:read
3e4b18ab-5624-4cda-bbbc-91aa344bb951;/Sites/archivio-commerciale/documentLibrary/MIGRAZIONE/2023/5614001-5615000/5614232_2023;GROUP_site_archivio-commerciale_SiteCollaborator;cmis:read
3e4b18ab-5624-4cda-bbbc-91aa344bb951;/Sites/archivio-commerciale/documentLibrary/MIGRAZIONE/2023/5614001-5615000/5614232_2023;GROUP_site_archivio-commerciale_SiteCollaborator;cmis:write
9a92af1c-0864-4086-8847-f40bee9e0cf7;/Sites/archivio-commerciale/documentLibrary/MIGRAZIONE/2023/5614001-5615000/5614664_2023;GROUP_EVERYONE;cmis:read
9a92af1c-0864-4086-8847-f40bee9e0cf7;/Sites/archivio-commerciale/documentLibrary/MIGRAZIONE/2023/5614001-5615000/5614664_2023;GROUP_site_archivio-commerciale_SiteConsumer;cmis:read
9a92af1c-0864-4086-8847-f40bee9e0cf7;/Sites/archivio-commerciale/documentLibrary/MIGRAZIONE/2023/5614001-5615000/5614664_2023;GROUP_site_archivio-commerciale_SiteManager;cmis:all
9a92af1c-0864-4086-8847-f40bee9e0cf7;/Sites/archivio-commerciale/documentLibrary/MIGRAZIONE/2023/5614001-5615000/5614664_2023;GROUP_site_archivio-commerciale_SiteManager;cmis:read
9a92af1c-0864-4086-8847-f40bee9e0cf7;/Sites/archivio-commerciale/documentLibrary/MIGRAZIONE/2023/5614001-5615000/5614664_2023;GROUP_site_archivio-commerciale_SiteManager;cmis:write
9a92af1c-0864-4086-8847-f40bee9e0cf7;/Sites/archivio-commerciale/documentLibrary/MIGRAZIONE/2023/5614001-5615000/5614664_2023;GROUP_site_archivio-commerciale_SiteContributor;cmis:read
9a92af1c-0864-4086-8847-f40bee9e0cf7;/Sites/archivio-commerciale/documentLibrary/MIGRAZIONE/2023/5614001-5615000/5614664_2023;GROUP_site_archivio-commerciale_SiteCollaborator;cmis:read
9a92af1c-0864-4086-8847-f40bee9e0cf7;/Sites/archivio-commerciale/documentLibrary/MIGRAZIONE/2023/5614001-5615000/5614664_2023;GROUP_site_archivio-commerciale_SiteCollaborator;cmis:write
023d9e4b-1c08-4adc-ad50-faead77d3c5b;/Sites/archivio-commerciale/documentLibrary/MIGRAZIONE/2023/5614001-5615000/5614681_2023;GROUP_EVERYONE;cmis:read
023d9e4b-1c08-4adc-ad50-faead77d3c5b;/Sites/archivio-commerciale/documentLibrary/MIGRAZIONE/2023/5614001-5615000/5614681_2023;GROUP_site_archivio-commerciale_SiteConsumer;cmis:read
023d9e4b-1c08-4adc-ad50-faead77d3c5b;/Sites/archivio-commerciale/documentLibrary/MIGRAZIONE/2023/5614001-5615000/5614681_2023;GROUP_site_archivio-commerciale_SiteManager;cmis:all
023d9e4b-1c08-4adc-ad50-faead77d3c5b;/Sites/archivio-commerciale/documentLibrary/MIGRAZIONE/2023/5614001-5615000/5614681_2023;GROUP_site_archivio-commerciale_SiteManager;cmis:read
023d9e4b-1c08-4adc-ad50-faead77d3c5b;/Sites/archivio-commerciale/documentLibrary/MIGRAZIONE/2023/5614001-5615000/5614681_2023;GROUP_site_archivio-commerciale_SiteManager;cmis:write
023d9e4b-1c08-4adc-ad50-faead77d3c5b;/Sites/archivio-commerciale/documentLibrary/MIGRAZIONE/2023/5614001-5615000/5614681_2023;GROUP_site_archivio-commerciale_SiteContributor;cmis:read
023d9e4b-1c08-4adc-ad50-faead77d3c5b;/Sites/archivio-commerciale/documentLibrary/MIGRAZIONE/2023/5614001-5615000/5614681_2023;GROUP_site_archivio-commerciale_SiteCollaborator;cmis:read
023d9e4b-1c08-4adc-ad50-faead77d3c5b;/Sites/archivio-commerciale/documentLibrary/MIGRAZIONE/2023/5614001-5615000/5614681_2023;GROUP_site_archivio-commerciale_SiteCollaborator;cmis:write
697fb8e0-15e1-4048-b859-b5562d701f36;/Sites/archivio-commerciale/documentLibrary/MIGRAZIONE/2023/5614001-5615000/5614041_2023;GROUP_EVERYONE;cmis:read
697fb8e0-15e1-4048-b859-b5562d701f36;/Sites/archivio-commerciale/documentLibrary/MIGRAZIONE/2023/5614001-5615000/5614041_2023;GROUP_site_archivio-commerciale_SiteConsumer;cmis:read
697fb8e0-15e1-4048-b859-b5562d701f36;/Sites/archivio-commerciale/documentLibrary/MIGRAZIONE/2023/5614001-5615000/5614041_2023;GROUP_site_archivio-commerciale_SiteManager;cmis:all
697fb8e0-15e1-4048-b859-b5562d701f36;/Sites/archivio-commerciale/documentLibrary/MIGRAZIONE/2023/5614001-5615000/5614041_2023;GROUP_site_archivio-commerciale_SiteManager;cmis:read
697fb8e0-15e1-4048-b859-b5562d701f36;/Sites/archivio-commerciale/documentLibrary/MIGRAZIONE/2023/5614001-5615000/5614041_2023;GROUP_site_archivio-commerciale_SiteManager;cmis:write
697fb8e0-15e1-4048-b859-b5562d701f36;/Sites/archivio-commerciale/documentLibrary/MIGRAZIONE/2023/5614001-5615000/5614041_2023;GROUP_site_archivio-commerciale_SiteContributor;cmis:read
697fb8e0-15e1-4048-b859-b5562d701f36;/Sites/archivio-commerciale/documentLibrary/MIGRAZIONE/2023/5614001-5615000/5614041_2023;GROUP_site_archivio-commerciale_SiteCollaborator;cmis:read
697fb8e0-15e1-4048-b859-b5562d701f36;/Sites/archivio-commerciale/documentLibrary/MIGRAZIONE/2023/5614001-5615000/5614041_2023;GROUP_site_archivio-commerciale_SiteCollaborator;cmis:write
78276872-4766-483c-9064-da35ae7455b4;/Sites/archivio-commerciale/documentLibrary/MIGRAZIONE/2023/5614001-5615000/5614417_2023;GROUP_EVERYONE;cmis:read
78276872-4766-483c-9064-da35ae7455b4;/Sites/archivio-commerciale/documentLibrary/MIGRAZIONE/2023/5614001-5615000/5614417_2023;GROUP_site_archivio-commerciale_SiteConsumer;cmis:read
78276872-4766-483c-9064-da35ae7455b4;/Sites/archivio-commerciale/documentLibrary/MIGRAZIONE/2023/5614001-5615000/5614417_2023;GROUP_site_archivio-commerciale_SiteManager;cmis:all
78276872-4766-483c-9064-da35ae7455b4;/Sites/archivio-commerciale/documentLibrary/MIGRAZIONE/2023/5614001-5615000/5614417_2023;GROUP_site_archivio-commerciale_SiteManager;cmis:read
78276872-4766-483c-9064-da35ae7455b4;/Sites/archivio-commerciale/documentLibrary/MIGRAZIONE/2023/5614001-5615000/5614417_2023;GROUP_site_archivio-commerciale_SiteManager;cmis:write
78276872-4766-483c-9064-da35ae7455b4;/Sites/archivio-commerciale/documentLibrary/MIGRAZIONE/2023/5614001-5615000/5614417_2023;GROUP_site_archivio-commerciale_SiteContributor;cmis:read
78276872-4766-483c-9064-da35ae7455b4;/Sites/archivio-commerciale/documentLibrary/MIGRAZIONE/2023/5614001-5615000/5614417_2023;GROUP_site_archivio-commerciale_SiteCollaborator;cmis:read
78276872-4766-483c-9064-da35ae7455b4;/Sites/archivio-commerciale/documentLibrary/MIGRAZIONE/2023/5614001-5615000/5614417_2023;GROUP_site_archivio-commerciale_SiteCollaborator;cmis:write
4bbeabc5-27df-4093-84a1-5a9101f139c8;/Sites/archivio-commerciale/documentLibrary/MIGRAZIONE/2023/5614001-5615000/5614808_2023;GROUP_EVERYONE;cmis:read
4bbeabc5-27df-4093-84a1-5a9101f139c8;/Sites/archivio-commerciale/documentLibrary/MIGRAZIONE/2023/5614001-5615000/5614808_2023;GROUP_site_archivio-commerciale_SiteConsumer;cmis:read
4bbeabc5-27df-4093-84a1-5a9101f139c8;/Sites/archivio-commerciale/documentLibrary/MIGRAZIONE/2023/5614001-5615000/5614808_2023;GROUP_site_archivio-commerciale_SiteManager;cmis:all
4bbeabc5-27df-4093-84a1-5a9101f139c8;/Sites/archivio-commerciale/documentLibrary/MIGRAZIONE/2023/5614001-5615000/5614808_2023;GROUP_site_archivio-commerciale_SiteManager;cmis:read
4bbeabc5-27df-4093-84a1-5a9101f139c8;/Sites/archivio-commerciale/documentLibrary/MIGRAZIONE/2023/5614001-5615000/5614808_2023;GROUP_site_archivio-commerciale_SiteManager;cmis:write
4bbeabc5-27df-4093-84a1-5a9101f139c8;/Sites/archivio-commerciale/documentLibrary/MIGRAZIONE/2023/5614001-5615000/5614808_2023;GROUP_site_archivio-commerciale_SiteContributor;cmis:read
4bbeabc5-27df-4093-84a1-5a9101f139c8;/Sites/archivio-commerciale/documentLibrary/MIGRAZIONE/2023/5614001-5615000/5614808_2023;GROUP_site_archivio-commerciale_SiteCollaborator;cmis:read
4bbeabc5-27df-4093-84a1-5a9101f139c8;/Sites/archivio-commerciale/documentLibrary/MIGRAZIONE/2023/5614001-5615000/5614808_2023;GROUP_site_archivio-commerciale_SiteCollaborator;cmis:write
3930a349-ee19-4d8c-a708-b131491d9b28;/Sites/archivio-commerciale/documentLibrary/MIGRAZIONE/2023/5614001-5615000/5614913_2023;GROUP_EVERYONE;cmis:read
3930a349-ee19-4d8c-a708-b131491d9b28;/Sites/archivio-commerciale/documentLibrary/MIGRAZIONE/2023/5614001-5615000/5614913_2023;GROUP_site_archivio-commerciale_SiteConsumer;cmis:read
3930a349-ee19-4d8c-a708-b131491d9b28;/Sites/archivio-commerciale/documentLibrary/MIGRAZIONE/2023/5614001-5615000/5614913_2023;GROUP_site_archivio-commerciale_SiteManager;cmis:all
3930a349-ee19-4d8c-a708-b131491d9b28;/Sites/archivio-commerciale/documentLibrary/MIGRAZIONE/2023/5614001-5615000/5614913_2023;GROUP_site_archivio-commerciale_SiteManager;cmis:read
3930a349-ee19-4d8c-a708-b131491d9b28;/Sites/archivio-commerciale/documentLibrary/MIGRAZIONE/2023/5614001-5615000/5614913_2023;GROUP_site_archivio-commerciale_SiteManager;cmis:write
3930a349-ee19-4d8c-a708-b131491d9b28;/Sites/archivio-commerciale/documentLibrary/MIGRAZIONE/2023/5614001-5615000/5614913_2023;GROUP_site_archivio-commerciale_SiteContributor;cmis:read
3930a349-ee19-4d8c-a708-b131491d9b28;/Sites/archivio-commerciale/documentLibrary/MIGRAZIONE/2023/5614001-5615000/5614913_2023;GROUP_site_archivio-commerciale_SiteCollaborator;cmis:read
3930a349-ee19-4d8c-a708-b131491d9b28;/Sites/archivio-commerciale/documentLibrary/MIGRAZIONE/2023/5614001-5615000/5614913_2023;GROUP_site_archivio-commerciale_SiteCollaborator;cmis:write
02e5f87d-3ee9-482f-971e-4ec2863595d2;/Sites/archivio-commerciale/documentLibrary/MIGRAZIONE/2023/5614001-5615000/5614812_2023;GROUP_EVERYONE;cmis:read
02e5f87d-3ee9-482f-971e-4ec2863595d2;/Sites/archivio-commerciale/documentLibrary/MIGRAZIONE/2023/5614001-5615000/5614812_2023;GROUP_site_archivio-commerciale_SiteConsumer;cmis:read
02e5f87d-3ee9-482f-971e-4ec2863595d2;/Sites/archivio-commerciale/documentLibrary/MIGRAZIONE/2023/5614001-5615000/5614812_2023;GROUP_site_archivio-commerciale_SiteManager;cmis:all
02e5f87d-3ee9-482f-971e-4ec2863595d2;/Sites/archivio-commerciale/documentLibrary/MIGRAZIONE/2023/5614001-5615000/5614812_2023;GROUP_site_archivio-commerciale_SiteManager;cmis:read
02e5f87d-3ee9-482f-971e-4ec2863595d2;/Sites/archivio-commerciale/documentLibrary/MIGRAZIONE/2023/5614001-5615000/5614812_2023;GROUP_site_archivio-commerciale_SiteManager;cmis:write
02e5f87d-3ee9-482f-971e-4ec2863595d2;/Sites/archivio-commerciale/documentLibrary/MIGRAZIONE/2023/5614001-5615000/5614812_2023;GROUP_site_archivio-commerciale_SiteContributor;cmis:read
02e5f87d-3ee9-482f-971e-4ec2863595d2;/Sites/archivio-commerciale/documentLibrary/MIGRAZIONE/2023/5614001-5615000/5614812_2023;GROUP_site_archivio-commerciale_SiteCollaborator;cmis:read
02e5f87d-3ee9-482f-971e-4ec2863595d2;/Sites/archivio-commerciale/documentLibrary/MIGRAZIONE/2023/5614001-5615000/5614812_2023;GROUP_site_archivio-commerciale_SiteCollaborator;cmis:write
37ff4e07-3e8c-4dae-939a-dc551b650886;/Sites/archivio-commerciale/documentLibrary/MIGRAZIONE/2023/5614001-5615000/5614909_2023;GROUP_EVERYONE;cmis:read
37ff4e07-3e8c-4dae-939a-dc551b650886;/Sites/archivio-commerciale/documentLibrary/MIGRAZIONE/2023/5614001-5615000/5614909_2023;GROUP_site_archivio-commerciale_SiteConsumer;cmis:read
37ff4e07-3e8c-4dae-939a-dc551b650886;/Sites/archivio-commerciale/documentLibrary/MIGRAZIONE/2023/5614001-5615000/5614909_2023;GROUP_site_archivio-commerciale_SiteManager;cmis:all
37ff4e07-3e8c-4dae-939a-dc551b650886;/Sites/archivio-commerciale/documentLibrary/MIGRAZIONE/2023/5614001-5615000/5614909_2023;GROUP_site_archivio-commerciale_SiteManager;cmis:read
37ff4e07-3e8c-4dae-939a-dc551b650886;/Sites/archivio-commerciale/documentLibrary/MIGRAZIONE/2023/5614001-5615000/5614909_2023;GROUP_site_archivio-commerciale_SiteManager;cmis:write
37ff4e07-3e8c-4dae-939a-dc551b650886;/Sites/archivio-commerciale/documentLibrary/MIGRAZIONE/2023/5614001-5615000/5614909_2023;GROUP_site_archivio-commerciale_SiteContributor;cmis:read
37ff4e07-3e8c-4dae-939a-dc551b650886;/Sites/archivio-commerciale/documentLibrary/MIGRAZIONE/2023/5614001-5615000/5614909_2023;GROUP_site_archivio-commerciale_SiteCollaborator;cmis:read
37ff4e07-3e8c-4dae-939a-dc551b650886;/Sites/archivio-commerciale/documentLibrary/MIGRAZIONE/2023/5614001-5615000/5614909_2023;GROUP_site_archivio-commerciale_SiteCollaborator;cmis:write
1518976b-3edb-49b0-8a0c-00c9d6ab463b;/Sites/archivio-commerciale/documentLibrary/MIGRAZIONE/2023/5614001-5615000/5614516_2023;GROUP_EVERYONE;cmis:read
1518976b-3edb-49b0-8a0c-00c9d6ab463b;/Sites/archivio-commerciale/documentLibrary/MIGRAZIONE/2023/5614001-5615000/5614516_2023;GROUP_site_archivio-commerciale_SiteConsumer;cmis:read
1518976b-3edb-49b0-8a0c-00c9d6ab463b;/Sites/archivio-commerciale/documentLibrary/MIGRAZIONE/2023/5614001-5615000/5614516_2023;GROUP_site_archivio-commerciale_SiteManager;cmis:all
1518976b-3edb-49b0-8a0c-00c9d6ab463b;/Sites/archivio-commerciale/documentLibrary/MIGRAZIONE/2023/5614001-5615000/5614516_2023;GROUP_site_archivio-commerciale_SiteManager;cmis:read
1518976b-3edb-49b0-8a0c-00c9d6ab463b;/Sites/archivio-commerciale/documentLibrary/MIGRAZIONE/2023/5614001-5615000/5614516_2023;GROUP_site_archivio-commerciale_SiteManager;cmis:write
1518976b-3edb-49b0-8a0c-00c9d6ab463b;/Sites/archivio-commerciale/documentLibrary/MIGRAZIONE/2023/5614001-5615000/5614516_2023;GROUP_site_archivio-commerciale_SiteContributor;cmis:read
1518976b-3edb-49b0-8a0c-00c9d6ab463b;/Sites/archivio-commerciale/documentLibrary/MIGRAZIONE/2023/5614001-5615000/5614516_2023;GROUP_site_archivio-commerciale_SiteCollaborator;cmis:read
1518976b-3edb-49b0-8a0c-00c9d6ab463b;/Sites/archivio-commerciale/documentLibrary/MIGRAZIONE/2023/5614001-5615000/5614516_2023;GROUP_site_archivio-commerciale_SiteCollaborator;cmis:write
fb6042ab-c9e7-47eb-89db-ce870a9652aa;/Sites/archivio-commerciale/documentLibrary/MIGRAZIONE/2023/5614001-5615000/5614140_2023;GROUP_EVERYONE;cmis:read
fb6042ab-c9e7-47eb-89db-ce870a9652aa;/Sites/archivio-commerciale/documentLibrary/MIGRAZIONE/2023/5614001-5615000/5614140_2023;GROUP_site_archivio-commerciale_SiteConsumer;cmis:read
fb6042ab-c9e7-47eb-89db-ce870a9652aa;/Sites/archivio-commerciale/documentLibrary/MIGRAZIONE/2023/5614001-5615000/5614140_2023;GROUP_site_archivio-commerciale_SiteManager;cmis:all
fb6042ab-c9e7-47eb-89db-ce870a9652aa;/Sites/archivio-commerciale/documentLibrary/MIGRAZIONE/2023/5614001-5615000/5614140_2023;GROUP_site_archivio-commerciale_SiteManager;cmis:read
fb6042ab-c9e7-47eb-89db-ce870a9652aa;/Sites/archivio-commerciale/documentLibrary/MIGRAZIONE/2023/5614001-5615000/5614140_2023;GROUP_site_archivio-commerciale_SiteManager;cmis:write
fb6042ab-c9e7-47eb-89db-ce870a9652aa;/Sites/archivio-commerciale/documentLibrary/MIGRAZIONE/2023/5614001-5615000/5614140_2023;GROUP_site_archivio-commerciale_SiteContributor;cmis:read
fb6042ab-c9e7-47eb-89db-ce870a9652aa;/Sites/archivio-commerciale/documentLibrary/MIGRAZIONE/2023/5614001-5615000/5614140_2023;GROUP_site_archivio-commerciale_SiteCollaborator;cmis:read
fb6042ab-c9e7-47eb-89db-ce870a9652aa;/Sites/archivio-commerciale/documentLibrary/MIGRAZIONE/2023/5614001-5615000/5614140_2023;GROUP_site_archivio-commerciale_SiteCollaborator;cmis:write
ec404510-b8c3-419f-a9a4-7a34ec8c4e44;/Sites/archivio-commerciale/documentLibrary/MIGRAZIONE/2023/5614001-5615000/5614780_2023;GROUP_EVERYONE;cmis:read
ec404510-b8c3-419f-a9a4-7a34ec8c4e44;/Sites/archivio-commerciale/documentLibrary/MIGRAZIONE/2023/5614001-5615000/5614780_2023;GROUP_site_archivio-commerciale_SiteConsumer;cmis:read
ec404510-b8c3-419f-a9a4-7a34ec8c4e44;/Sites/archivio-commerciale/documentLibrary/MIGRAZIONE/2023/5614001-5615000/5614780_2023;GROUP_site_archivio-commerciale_SiteManager;cmis:all
ec404510-b8c3-419f-a9a4-7a34ec8c4e44;/Sites/archivio-commerciale/documentLibrary/MIGRAZIONE/2023/5614001-5615000/5614780_2023;GROUP_site_archivio-commerciale_SiteManager;cmis:read
ec404510-b8c3-419f-a9a4-7a34ec8c4e44;/Sites/archivio-commerciale/documentLibrary/MIGRAZIONE/2023/5614001-5615000/5614780_2023;GROUP_site_archivio-commerciale_SiteManager;cmis:write
ec404510-b8c3-419f-a9a4-7a34ec8c4e44;/Sites/archivio-commerciale/documentLibrary/MIGRAZIONE/2023/5614001-5615000/5614780_2023;GROUP_site_archivio-commerciale_SiteContributor;cmis:read
ec404510-b8c3-419f-a9a4-7a34ec8c4e44;/Sites/archivio-commerciale/documentLibrary/MIGRAZIONE/2023/5614001-5615000/5614780_2023;GROUP_site_archivio-commerciale_SiteCollaborator;cmis:read
ec404510-b8c3-419f-a9a4-7a34ec8c4e44;/Sites/archivio-commerciale/documentLibrary/MIGRAZIONE/2023/5614001-5615000/5614780_2023;GROUP_site_archivio-commerciale_SiteCollaborator;cmis:write
3be78e8f-0f3b-48cb-8807-ee3ffbaca036;/Sites/archivio-commerciale/documentLibrary/MIGRAZIONE/2023/5614001-5615000/5614765_2023;GROUP_EVERYONE;cmis:read
3be78e8f-0f3b-48cb-8807-ee3ffbaca036;/Sites/archivio-commerciale/documentLibrary/MIGRAZIONE/2023/5614001-5615000/5614765_2023;GROUP_site_archivio-commerciale_SiteConsumer;cmis:read
3be78e8f-0f3b-48cb-8807-ee3ffbaca036;/Sites/archivio-commerciale/documentLibrary/MIGRAZIONE/2023/5614001-5615000/5614765_2023;GROUP_site_archivio-commerciale_SiteManager;cmis:all
3be78e8f-0f3b-48cb-8807-ee3ffbaca036;/Sites/archivio-commerciale/documentLibrary/MIGRAZIONE/2023/5614001-5615000/5614765_2023;GROUP_site_archivio-commerciale_SiteManager;cmis:read
3be78e8f-0f3b-48cb-8807-ee3ffbaca036;/Sites/archivio-commerciale/documentLibrary/MIGRAZIONE/2023/5614001-5615000/5614765_2023;GROUP_site_archivio-commerciale_SiteManager;cmis:write
3be78e8f-0f3b-48cb-8807-ee3ffbaca036;/Sites/archivio-commerciale/documentLibrary/MIGRAZIONE/2023/5614001-5615000/5614765_2023;GROUP_site_archivio-commerciale_SiteContributor;cmis:read
3be78e8f-0f3b-48cb-8807-ee3ffbaca036;/Sites/archivio-commerciale/documentLibrary/MIGRAZIONE/2023/5614001-5615000/5614765_2023;GROUP_site_archivio-commerciale_SiteCollaborator;cmis:read
3be78e8f-0f3b-48cb-8807-ee3ffbaca036;/Sites/archivio-commerciale/documentLibrary/MIGRAZIONE/2023/5614001-5615000/5614765_2023;GROUP_site_archivio-commerciale_SiteCollaborator;cmis:write
70e949bf-5da5-450b-bdb7-854031309165;/Sites/archivio-commerciale/documentLibrary/MIGRAZIONE/2023/5614001-5615000/5614333_2023;GROUP_EVERYONE;cmis:read
70e949bf-5da5-450b-bdb7-854031309165;/Sites/archivio-commerciale/documentLibrary/MIGRAZIONE/2023/5614001-5615000/5614333_2023;GROUP_site_archivio-commerciale_SiteConsumer;cmis:read
70e949bf-5da5-450b-bdb7-854031309165;/Sites/archivio-commerciale/documentLibrary/MIGRAZIONE/2023/5614001-5615000/5614333_2023;GROUP_site_archivio-commerciale_SiteManager;cmis:all
70e949bf-5da5-450b-bdb7-854031309165;/Sites/archivio-commerciale/documentLibrary/MIGRAZIONE/2023/5614001-5615000/5614333_2023;GROUP_site_archivio-commerciale_SiteManager;cmis:read
70e949bf-5da5-450b-bdb7-854031309165;/Sites/archivio-commerciale/documentLibrary/MIGRAZIONE/2023/5614001-5615000/5614333_2023;GROUP_site_archivio-commerciale_SiteManager;cmis:write
70e949bf-5da5-450b-bdb7-854031309165;/Sites/archivio-commerciale/documentLibrary/MIGRAZIONE/2023/5614001-5615000/5614333_2023;GROUP_site_archivio-commerciale_SiteContributor;cmis:read
70e949bf-5da5-450b-bdb7-854031309165;/Sites/archivio-commerciale/documentLibrary/MIGRAZIONE/2023/5614001-5615000/5614333_2023;GROUP_site_archivio-commerciale_SiteCollaborator;cmis:read
70e949bf-5da5-450b-bdb7-854031309165;/Sites/archivio-commerciale/documentLibrary/MIGRAZIONE/2023/5614001-5615000/5614333_2023;GROUP_site_archivio-commerciale_SiteCollaborator;cmis:write
9806f49d-6c35-4e1a-8601-7e5bef762e49;/Sites/archivio-commerciale/documentLibrary/MIGRAZIONE/2023/5614001-5615000/5614228_2023;GROUP_EVERYONE;cmis:read
9806f49d-6c35-4e1a-8601-7e5bef762e49;/Sites/archivio-commerciale/documentLibrary/MIGRAZIONE/2023/5614001-5615000/5614228_2023;GROUP_site_archivio-commerciale_SiteConsumer;cmis:read
9806f49d-6c35-4e1a-8601-7e5bef762e49;/Sites/archivio-commerciale/documentLibrary/MIGRAZIONE/2023/5614001-5615000/5614228_2023;GROUP_site_archivio-commerciale_SiteManager;cmis:all
9806f49d-6c35-4e1a-8601-7e5bef762e49;/Sites/archivio-commerciale/documentLibrary/MIGRAZIONE/2023/5614001-5615000/5614228_2023;GROUP_site_archivio-commerciale_SiteManager;cmis:read
9806f49d-6c35-4e1a-8601-7e5bef762e49;/Sites/archivio-commerciale/documentLibrary/MIGRAZIONE/2023/5614001-5615000/5614228_2023;GROUP_site_archivio-commerciale_SiteManager;cmis:write
9806f49d-6c35-4e1a-8601-7e5bef762e49;/Sites/archivio-commerciale/documentLibrary/MIGRAZIONE/2023/5614001-5615000/5614228_2023;GROUP_site_archivio-commerciale_SiteContributor;cmis:read
9806f49d-6c35-4e1a-8601-7e5bef762e49;/Sites/archivio-commerciale/documentLibrary/MIGRAZIONE/2023/5614001-5615000/5614228_2023;GROUP_site_archivio-commerciale_SiteCollaborator;cmis:read
9806f49d-6c35-4e1a-8601-7e5bef762e49;/Sites/archivio-commerciale/documentLibrary/MIGRAZIONE/2023/5614001-5615000/5614228_2023;GROUP_site_archivio-commerciale_SiteCollaborator;cmis:write
42fb1cd5-ec4a-4e2b-9090-42d68e4816ab;/Sites/archivio-commerciale/documentLibrary/MIGRAZIONE/2023/5614001-5615000/5614115_2023;GROUP_EVERYONE;cmis:read
42fb1cd5-ec4a-4e2b-9090-42d68e4816ab;/Sites/archivio-commerciale/documentLibrary/MIGRAZIONE/2023/5614001-5615000/5614115_2023;GROUP_site_archivio-commerciale_SiteConsumer;cmis:read
42fb1cd5-ec4a-4e2b-9090-42d68e4816ab;/Sites/archivio-commerciale/documentLibrary/MIGRAZIONE/2023/5614001-5615000/5614115_2023;GROUP_site_archivio-commerciale_SiteManager;cmis:all
42fb1cd5-ec4a-4e2b-9090-42d68e4816ab;/Sites/archivio-commerciale/documentLibrary/MIGRAZIONE/2023/5614001-5615000/5614115_2023;GROUP_site_archivio-commerciale_SiteManager;cmis:read
42fb1cd5-ec4a-4e2b-9090-42d68e4816ab;/Sites/archivio-commerciale/documentLibrary/MIGRAZIONE/2023/5614001-5615000/5614115_2023;GROUP_site_archivio-commerciale_SiteManager;cmis:write
42fb1cd5-ec4a-4e2b-9090-42d68e4816ab;/Sites/archivio-commerciale/documentLibrary/MIGRAZIONE/2023/5614001-5615000/5614115_2023;GROUP_site_archivio-commerciale_SiteContributor;cmis:read
42fb1cd5-ec4a-4e2b-9090-42d68e4816ab;/Sites/archivio-commerciale/documentLibrary/MIGRAZIONE/2023/5614001-5615000/5614115_2023;GROUP_site_archivio-commerciale_SiteCollaborator;cmis:read
42fb1cd5-ec4a-4e2b-9090-42d68e4816ab;/Sites/archivio-commerciale/documentLibrary/MIGRAZIONE/2023/5614001-5615000/5614115_2023;GROUP_site_archivio-commerciale_SiteCollaborator;cmis:write
d04ce844-de68-4a3e-b473-0fc835044ba6;/Sites/archivio-commerciale/documentLibrary/MIGRAZIONE/2023/5614001-5615000/5614543_2023;GROUP_EVERYONE;cmis:read
d04ce844-de68-4a3e-b473-0fc835044ba6;/Sites/archivio-commerciale/documentLibrary/MIGRAZIONE/2023/5614001-5615000/5614543_2023;GROUP_site_archivio-commerciale_SiteConsumer;cmis:read
d04ce844-de68-4a3e-b473-0fc835044ba6;/Sites/archivio-commerciale/documentLibrary/MIGRAZIONE/2023/5614001-5615000/5614543_2023;GROUP_site_archivio-commerciale_SiteManager;cmis:all
d04ce844-de68-4a3e-b473-0fc835044ba6;/Sites/archivio-commerciale/documentLibrary/MIGRAZIONE/2023/5614001-5615000/5614543_2023;GROUP_site_archivio-commerciale_SiteManager;cmis:read
d04ce844-de68-4a3e-b473-0fc835044ba6;/Sites/archivio-commerciale/documentLibrary/MIGRAZIONE/2023/5614001-5615000/5614543_2023;GROUP_site_archivio-commerciale_SiteManager;cmis:write
d04ce844-de68-4a3e-b473-0fc835044ba6;/Sites/archivio-commerciale/documentLibrary/MIGRAZIONE/2023/5614001-5615000/5614543_2023;GROUP_site_archivio-commerciale_SiteContributor;cmis:read
d04ce844-de68-4a3e-b473-0fc835044ba6;/Sites/archivio-commerciale/documentLibrary/MIGRAZIONE/2023/5614001-5615000/5614543_2023;GROUP_site_archivio-commerciale_SiteCollaborator;cmis:read
d04ce844-de68-4a3e-b473-0fc835044ba6;/Sites/archivio-commerciale/documentLibrary/MIGRAZIONE/2023/5614001-5615000/5614543_2023;GROUP_site_archivio-commerciale_SiteCollaborator;cmis:write
3db92881-b97f-44cb-8bd8-2c628638a5d7;/Sites/archivio-commerciale/documentLibrary/MIGRAZIONE/2023/5614001-5615000/5614458_2023;GROUP_EVERYONE;cmis:read
3db92881-b97f-44cb-8bd8-2c628638a5d7;/Sites/archivio-commerciale/documentLibrary/MIGRAZIONE/2023/5614001-5615000/5614458_2023;GROUP_site_archivio-commerciale_SiteConsumer;cmis:read
3db92881-b97f-44cb-8bd8-2c628638a5d7;/Sites/archivio-commerciale/documentLibrary/MIGRAZIONE/2023/5614001-5615000/5614458_2023;GROUP_site_archivio-commerciale_SiteManager;cmis:all
3db92881-b97f-44cb-8bd8-2c628638a5d7;/Sites/archivio-commerciale/documentLibrary/MIGRAZIONE/2023/5614001-5615000/5614458_2023;GROUP_site_archivio-commerciale_SiteManager;cmis:read
3db92881-b97f-44cb-8bd8-2c628638a5d7;/Sites/archivio-commerciale/documentLibrary/MIGRAZIONE/2023/5614001-5615000/5614458_2023;GROUP_site_archivio-commerciale_SiteManager;cmis:write
3db92881-b97f-44cb-8bd8-2c628638a5d7;/Sites/archivio-commerciale/documentLibrary/MIGRAZIONE/2023/5614001-5615000/5614458_2023;GROUP_site_archivio-commerciale_SiteContributor;cmis:read
3db92881-b97f-44cb-8bd8-2c628638a5d7;/Sites/archivio-commerciale/documentLibrary/MIGRAZIONE/2023/5614001-5615000/5614458_2023;GROUP_site_archivio-commerciale_SiteCollaborator;cmis:read
3db92881-b97f-44cb-8bd8-2c628638a5d7;/Sites/archivio-commerciale/documentLibrary/MIGRAZIONE/2023/5614001-5615000/5614458_2023;GROUP_site_archivio-commerciale_SiteCollaborator;cmis:write
bc32e953-5004-46a3-b3cd-eeac7421dc01;/Sites/archivio-commerciale/documentLibrary/MIGRAZIONE/2023/5614001-5615000/5614847_2023;GROUP_EVERYONE;cmis:read
bc32e953-5004-46a3-b3cd-eeac7421dc01;/Sites/archivio-commerciale/documentLibrary/MIGRAZIONE/2023/5614001-5615000/5614847_2023;GROUP_site_archivio-commerciale_SiteConsumer;cmis:read
bc32e953-5004-46a3-b3cd-eeac7421dc01;/Sites/archivio-commerciale/documentLibrary/MIGRAZIONE/2023/5614001-5615000/5614847_2023;GROUP_site_archivio-commerciale_SiteManager;cmis:all
bc32e953-5004-46a3-b3cd-eeac7421dc01;/Sites/archivio-commerciale/documentLibrary/MIGRAZIONE/2023/5614001-5615000/5614847_2023;GROUP_site_archivio-commerciale_SiteManager;cmis:read
bc32e953-5004-46a3-b3cd-eeac7421dc01;/Sites/archivio-commerciale/documentLibrary/MIGRAZIONE/2023/5614001-5615000/5614847_2023;GROUP_site_archivio-commerciale_SiteManager;cmis:write
bc32e953-5004-46a3-b3cd-eeac7421dc01;/Sites/archivio-commerciale/documentLibrary/MIGRAZIONE/2023/5614001-5615000/5614847_2023;GROUP_site_archivio-commerciale_SiteContributor;cmis:read
bc32e953-5004-46a3-b3cd-eeac7421dc01;/Sites/archivio-commerciale/documentLibrary/MIGRAZIONE/2023/5614001-5615000/5614847_2023;GROUP_site_archivio-commerciale_SiteCollaborator;cmis:read
bc32e953-5004-46a3-b3cd-eeac7421dc01;/Sites/archivio-commerciale/documentLibrary/MIGRAZIONE/2023/5614001-5615000/5614847_2023;GROUP_site_archivio-commerciale_SiteCollaborator;cmis:write
5b381745-7432-4d15-9142-5423fb060db1;/Sites/archivio-commerciale/documentLibrary/MIGRAZIONE/2023/5614001-5615000/5614366_2023;GROUP_EVERYONE;cmis:read
5b381745-7432-4d15-9142-5423fb060db1;/Sites/archivio-commerciale/documentLibrary/MIGRAZIONE/2023/5614001-5615000/5614366_2023;GROUP_site_archivio-commerciale_SiteConsumer;cmis:read
5b381745-7432-4d15-9142-5423fb060db1;/Sites/archivio-commerciale/documentLibrary/MIGRAZIONE/2023/5614001-5615000/5614366_2023;GROUP_site_archivio-commerciale_SiteManager;cmis:all
5b381745-7432-4d15-9142-5423fb060db1;/Sites/archivio-commerciale/documentLibrary/MIGRAZIONE/2023/5614001-5615000/5614366_2023;GROUP_site_archivio-commerciale_SiteManager;cmis:read
5b381745-7432-4d15-9142-5423fb060db1;/Sites/archivio-commerciale/documentLibrary/MIGRAZIONE/2023/5614001-5615000/5614366_2023;GROUP_site_archivio-commerciale_SiteManager;cmis:write
5b381745-7432-4d15-9142-5423fb060db1;/Sites/archivio-commerciale/documentLibrary/MIGRAZIONE/2023/5614001-5615000/5614366_2023;GROUP_site_archivio-commerciale_SiteContributor;cmis:read
5b381745-7432-4d15-9142-5423fb060db1;/Sites/archivio-commerciale/documentLibrary/MIGRAZIONE/2023/5614001-5615000/5614366_2023;GROUP_site_archivio-commerciale_SiteCollaborator;cmis:read
5b381745-7432-4d15-9142-5423fb060db1;/Sites/archivio-commerciale/documentLibrary/MIGRAZIONE/2023/5614001-5615000/5614366_2023;GROUP_site_archivio-commerciale_SiteCollaborator;cmis:write
79e57ae7-33f6-4cd4-b58d-f07e383f74e4;/Sites/archivio-commerciale/documentLibrary/MIGRAZIONE/2023/5614001-5615000/5614730_2023;GROUP_EVERYONE;cmis:read
79e57ae7-33f6-4cd4-b58d-f07e383f74e4;/Sites/archivio-commerciale/documentLibrary/MIGRAZIONE/2023/5614001-5615000/5614730_2023;GROUP_site_archivio-commerciale_SiteConsumer;cmis:read
79e57ae7-33f6-4cd4-b58d-f07e383f74e4;/Sites/archivio-commerciale/documentLibrary/MIGRAZIONE/2023/5614001-5615000/5614730_2023;GROUP_site_archivio-commerciale_SiteManager;cmis:all
79e57ae7-33f6-4cd4-b58d-f07e383f74e4;/Sites/archivio-commerciale/documentLibrary/MIGRAZIONE/2023/5614001-5615000/5614730_2023;GROUP_site_archivio-commerciale_SiteManager;cmis:read
79e57ae7-33f6-4cd4-b58d-f07e383f74e4;/Sites/archivio-commerciale/documentLibrary/MIGRAZIONE/2023/5614001-5615000/5614730_2023;GROUP_site_archivio-commerciale_SiteManager;cmis:write
79e57ae7-33f6-4cd4-b58d-f07e383f74e4;/Sites/archivio-commerciale/documentLibrary/MIGRAZIONE/2023/5614001-5615000/5614730_2023;GROUP_site_archivio-commerciale_SiteContributor;cmis:read
79e57ae7-33f6-4cd4-b58d-f07e383f74e4;/Sites/archivio-commerciale/documentLibrary/MIGRAZIONE/2023/5614001-5615000/5614730_2023;GROUP_site_archivio-commerciale_SiteCollaborator;cmis:read
79e57ae7-33f6-4cd4-b58d-f07e383f74e4;/Sites/archivio-commerciale/documentLibrary/MIGRAZIONE/2023/5614001-5615000/5614730_2023;GROUP_site_archivio-commerciale_SiteCollaborator;cmis:write
9ce264e6-84ff-46b7-b9d7-1107ac674af6;/Sites/archivio-commerciale/documentLibrary/MIGRAZIONE/2023/5614001-5615000/5614383_2023;GROUP_EVERYONE;cmis:read
9ce264e6-84ff-46b7-b9d7-1107ac674af6;/Sites/archivio-commerciale/documentLibrary/MIGRAZIONE/2023/5614001-5615000/5614383_2023;GROUP_site_archivio-commerciale_SiteConsumer;cmis:read
9ce264e6-84ff-46b7-b9d7-1107ac674af6;/Sites/archivio-commerciale/documentLibrary/MIGRAZIONE/2023/5614001-5615000/5614383_2023;GROUP_site_archivio-commerciale_SiteManager;cmis:all
9ce264e6-84ff-46b7-b9d7-1107ac674af6;/Sites/archivio-commerciale/documentLibrary/MIGRAZIONE/2023/5614001-5615000/5614383_2023;GROUP_site_archivio-commerciale_SiteManager;cmis:read
9ce264e6-84ff-46b7-b9d7-1107ac674af6;/Sites/archivio-commerciale/documentLibrary/MIGRAZIONE/2023/5614001-5615000/5614383_2023;GROUP_site_archivio-commerciale_SiteManager;cmis:write
9ce264e6-84ff-46b7-b9d7-1107ac674af6;/Sites/archivio-commerciale/documentLibrary/MIGRAZIONE/2023/5614001-5615000/5614383_2023;GROUP_site_archivio-commerciale_SiteContributor;cmis:read
9ce264e6-84ff-46b7-b9d7-1107ac674af6;/Sites/archivio-commerciale/documentLibrary/MIGRAZIONE/2023/5614001-5615000/5614383_2023;GROUP_site_archivio-commerciale_SiteCollaborator;cmis:read
9ce264e6-84ff-46b7-b9d7-1107ac674af6;/Sites/archivio-commerciale/documentLibrary/MIGRAZIONE/2023/5614001-5615000/5614383_2023;GROUP_site_archivio-commerciale_SiteCollaborator;cmis:write
423e514f-2912-43d9-a063-4846bfe6ad20;/Sites/archivio-commerciale/documentLibrary/MIGRAZIONE/2023/5614001-5615000/5614298_2023;GROUP_EVERYONE;cmis:read
423e514f-2912-43d9-a063-4846bfe6ad20;/Sites/archivio-commerciale/documentLibrary/MIGRAZIONE/2023/5614001-5615000/5614298_2023;GROUP_site_archivio-commerciale_SiteConsumer;cmis:read
423e514f-2912-43d9-a063-4846bfe6ad20;/Sites/archivio-commerciale/documentLibrary/MIGRAZIONE/2023/5614001-5615000/5614298_2023;GROUP_site_archivio-commerciale_SiteManager;cmis:all
423e514f-2912-43d9-a063-4846bfe6ad20;/Sites/archivio-commerciale/documentLibrary/MIGRAZIONE/2023/5614001-5615000/5614298_2023;GROUP_site_archivio-commerciale_SiteManager;cmis:read
423e514f-2912-43d9-a063-4846bfe6ad20;/Sites/archivio-commerciale/documentLibrary/MIGRAZIONE/2023/5614001-5615000/5614298_2023;GROUP_site_archivio-commerciale_SiteManager;cmis:write
423e514f-2912-43d9-a063-4846bfe6ad20;/Sites/archivio-commerciale/documentLibrary/MIGRAZIONE/2023/5614001-5615000/5614298_2023;GROUP_site_archivio-commerciale_SiteContributor;cmis:read
423e514f-2912-43d9-a063-4846bfe6ad20;/Sites/archivio-commerciale/documentLibrary/MIGRAZIONE/2023/5614001-5615000/5614298_2023;GROUP_site_archivio-commerciale_SiteCollaborator;cmis:read
423e514f-2912-43d9-a063-4846bfe6ad20;/Sites/archivio-commerciale/documentLibrary/MIGRAZIONE/2023/5614001-5615000/5614298_2023;GROUP_site_archivio-commerciale_SiteCollaborator;cmis:write
dd39d01d-37fa-4ff5-9733-f608f18dac57;/Sites/archivio-commerciale/documentLibrary/MIGRAZIONE/2023/5614001-5615000/5614181_2023;GROUP_EVERYONE;cmis:read
dd39d01d-37fa-4ff5-9733-f608f18dac57;/Sites/archivio-commerciale/documentLibrary/MIGRAZIONE/2023/5614001-5615000/5614181_2023;GROUP_site_archivio-commerciale_SiteConsumer;cmis:read
dd39d01d-37fa-4ff5-9733-f608f18dac57;/Sites/archivio-commerciale/documentLibrary/MIGRAZIONE/2023/5614001-5615000/5614181_2023;GROUP_site_archivio-commerciale_SiteManager;cmis:all
dd39d01d-37fa-4ff5-9733-f608f18dac57;/Sites/archivio-commerciale/documentLibrary/MIGRAZIONE/2023/5614001-5615000/5614181_2023;GROUP_site_archivio-commerciale_SiteManager;cmis:read
dd39d01d-37fa-4ff5-9733-f608f18dac57;/Sites/archivio-commerciale/documentLibrary/MIGRAZIONE/2023/5614001-5615000/5614181_2023;GROUP_site_archivio-commerciale_SiteManager;cmis:write
dd39d01d-37fa-4ff5-9733-f608f18dac57;/Sites/archivio-commerciale/documentLibrary/MIGRAZIONE/2023/5614001-5615000/5614181_2023;GROUP_site_archivio-commerciale_SiteContributor;cmis:read
dd39d01d-37fa-4ff5-9733-f608f18dac57;/Sites/archivio-commerciale/documentLibrary/MIGRAZIONE/2023/5614001-5615000/5614181_2023;GROUP_site_archivio-commerciale_SiteCollaborator;cmis:read
dd39d01d-37fa-4ff5-9733-f608f18dac57;/Sites/archivio-commerciale/documentLibrary/MIGRAZIONE/2023/5614001-5615000/5614181_2023;GROUP_site_archivio-commerciale_SiteCollaborator;cmis:write
6489cc78-0b5f-454f-8b00-e4c38aadbc2f;/Sites/archivio-commerciale/documentLibrary/MIGRAZIONE/2023/5614001-5615000/5614836_2023;GROUP_EVERYONE;cmis:read
6489cc78-0b5f-454f-8b00-e4c38aadbc2f;/Sites/archivio-commerciale/documentLibrary/MIGRAZIONE/2023/5614001-5615000/5614836_2023;GROUP_site_archivio-commerciale_SiteConsumer;cmis:read
6489cc78-0b5f-454f-8b00-e4c38aadbc2f;/Sites/archivio-commerciale/documentLibrary/MIGRAZIONE/2023/5614001-5615000/5614836_2023;GROUP_site_archivio-commerciale_SiteManager;cmis:all
6489cc78-0b5f-454f-8b00-e4c38aadbc2f;/Sites/archivio-commerciale/documentLibrary/MIGRAZIONE/2023/5614001-5615000/5614836_2023;GROUP_site_archivio-commerciale_SiteManager;cmis:read
6489cc78-0b5f-454f-8b00-e4c38aadbc2f;/Sites/archivio-commerciale/documentLibrary/MIGRAZIONE/2023/5614001-5615000/5614836_2023;GROUP_site_archivio-commerciale_SiteManager;cmis:write
6489cc78-0b5f-454f-8b00-e4c38aadbc2f;/Sites/archivio-commerciale/documentLibrary/MIGRAZIONE/2023/5614001-5615000/5614836_2023;GROUP_site_archivio-commerciale_SiteContributor;cmis:read
6489cc78-0b5f-454f-8b00-e4c38aadbc2f;/Sites/archivio-commerciale/documentLibrary/MIGRAZIONE/2023/5614001-5615000/5614836_2023;GROUP_site_archivio-commerciale_SiteCollaborator;cmis:read
6489cc78-0b5f-454f-8b00-e4c38aadbc2f;/Sites/archivio-commerciale/documentLibrary/MIGRAZIONE/2023/5614001-5615000/5614836_2023;GROUP_site_archivio-commerciale_SiteCollaborator;cmis:write
60360520-db07-465a-aaa4-53f93eeadee7;/Sites/archivio-commerciale/documentLibrary/MIGRAZIONE/2023/5614001-5615000/5614429_2023;GROUP_EVERYONE;cmis:read
60360520-db07-465a-aaa4-53f93eeadee7;/Sites/archivio-commerciale/documentLibrary/MIGRAZIONE/2023/5614001-5615000/5614429_2023;GROUP_site_archivio-commerciale_SiteConsumer;cmis:read
60360520-db07-465a-aaa4-53f93eeadee7;/Sites/archivio-commerciale/documentLibrary/MIGRAZIONE/2023/5614001-5615000/5614429_2023;GROUP_site_archivio-commerciale_SiteManager;cmis:all
60360520-db07-465a-aaa4-53f93eeadee7;/Sites/archivio-commerciale/documentLibrary/MIGRAZIONE/2023/5614001-5615000/5614429_2023;GROUP_site_archivio-commerciale_SiteManager;cmis:read
60360520-db07-465a-aaa4-53f93eeadee7;/Sites/archivio-commerciale/documentLibrary/MIGRAZIONE/2023/5614001-5615000/5614429_2023;GROUP_site_archivio-commerciale_SiteManager;cmis:write
60360520-db07-465a-aaa4-53f93eeadee7;/Sites/archivio-commerciale/documentLibrary/MIGRAZIONE/2023/5614001-5615000/5614429_2023;GROUP_site_archivio-commerciale_SiteContributor;cmis:read
60360520-db07-465a-aaa4-53f93eeadee7;/Sites/archivio-commerciale/documentLibrary/MIGRAZIONE/2023/5614001-5615000/5614429_2023;GROUP_site_archivio-commerciale_SiteCollaborator;cmis:read
60360520-db07-465a-aaa4-53f93eeadee7;/Sites/archivio-commerciale/documentLibrary/MIGRAZIONE/2023/5614001-5615000/5614429_2023;GROUP_site_archivio-commerciale_SiteCollaborator;cmis:write
0effdf25-7662-4a46-b2ca-1e08c951f7e1;/Sites/archivio-commerciale/documentLibrary/MIGRAZIONE/2023/5614001-5615000/5614532_2023;GROUP_EVERYONE;cmis:read
0effdf25-7662-4a46-b2ca-1e08c951f7e1;/Sites/archivio-commerciale/documentLibrary/MIGRAZIONE/2023/5614001-5615000/5614532_2023;GROUP_site_archivio-commerciale_SiteConsumer;cmis:read
0effdf25-7662-4a46-b2ca-1e08c951f7e1;/Sites/archivio-commerciale/documentLibrary/MIGRAZIONE/2023/5614001-5615000/5614532_2023;GROUP_site_archivio-commerciale_SiteManager;cmis:all
0effdf25-7662-4a46-b2ca-1e08c951f7e1;/Sites/archivio-commerciale/documentLibrary/MIGRAZIONE/2023/5614001-5615000/5614532_2023;GROUP_site_archivio-commerciale_SiteManager;cmis:read
0effdf25-7662-4a46-b2ca-1e08c951f7e1;/Sites/archivio-commerciale/documentLibrary/MIGRAZIONE/2023/5614001-5615000/5614532_2023;GROUP_site_archivio-commerciale_SiteManager;cmis:write
0effdf25-7662-4a46-b2ca-1e08c951f7e1;/Sites/archivio-commerciale/documentLibrary/MIGRAZIONE/2023/5614001-5615000/5614532_2023;GROUP_site_archivio-commerciale_SiteContributor;cmis:read
0effdf25-7662-4a46-b2ca-1e08c951f7e1;/Sites/archivio-commerciale/documentLibrary/MIGRAZIONE/2023/5614001-5615000/5614532_2023;GROUP_site_archivio-commerciale_SiteCollaborator;cmis:read
0effdf25-7662-4a46-b2ca-1e08c951f7e1;/Sites/archivio-commerciale/documentLibrary/MIGRAZIONE/2023/5614001-5615000/5614532_2023;GROUP_site_archivio-commerciale_SiteCollaborator;cmis:write
a85ebf84-544f-419a-ac37-f11f0abbd09a;/Sites/archivio-commerciale/documentLibrary/MIGRAZIONE/2023/5614001-5615000/5614164_2023;GROUP_EVERYONE;cmis:read
a85ebf84-544f-419a-ac37-f11f0abbd09a;/Sites/archivio-commerciale/documentLibrary/MIGRAZIONE/2023/5614001-5615000/5614164_2023;GROUP_site_archivio-commerciale_SiteConsumer;cmis:read
a85ebf84-544f-419a-ac37-f11f0abbd09a;/Sites/archivio-commerciale/documentLibrary/MIGRAZIONE/2023/5614001-5615000/5614164_2023;GROUP_site_archivio-commerciale_SiteManager;cmis:all
a85ebf84-544f-419a-ac37-f11f0abbd09a;/Sites/archivio-commerciale/documentLibrary/MIGRAZIONE/2023/5614001-5615000/5614164_2023;GROUP_site_archivio-commerciale_SiteManager;cmis:read
a85ebf84-544f-419a-ac37-f11f0abbd09a;/Sites/archivio-commerciale/documentLibrary/MIGRAZIONE/2023/5614001-5615000/5614164_2023;GROUP_site_archivio-commerciale_SiteManager;cmis:write
a85ebf84-544f-419a-ac37-f11f0abbd09a;/Sites/archivio-commerciale/documentLibrary/MIGRAZIONE/2023/5614001-5615000/5614164_2023;GROUP_site_archivio-commerciale_SiteContributor;cmis:read
a85ebf84-544f-419a-ac37-f11f0abbd09a;/Sites/archivio-commerciale/documentLibrary/MIGRAZIONE/2023/5614001-5615000/5614164_2023;GROUP_site_archivio-commerciale_SiteCollaborator;cmis:read
a85ebf84-544f-419a-ac37-f11f0abbd09a;/Sites/archivio-commerciale/documentLibrary/MIGRAZIONE/2023/5614001-5615000/5614164_2023;GROUP_site_archivio-commerciale_SiteCollaborator;cmis:write
49c41ad8-d230-4cf2-8394-b212cf4a2e77;/Sites/archivio-commerciale/documentLibrary/MIGRAZIONE/2023/5614001-5615000/5614741_2023;GROUP_EVERYONE;cmis:read
49c41ad8-d230-4cf2-8394-b212cf4a2e77;/Sites/archivio-commerciale/documentLibrary/MIGRAZIONE/2023/5614001-5615000/5614741_2023;GROUP_site_archivio-commerciale_SiteConsumer;cmis:read
49c41ad8-d230-4cf2-8394-b212cf4a2e77;/Sites/archivio-commerciale/documentLibrary/MIGRAZIONE/2023/5614001-5615000/5614741_2023;GROUP_site_archivio-commerciale_SiteManager;cmis:all
49c41ad8-d230-4cf2-8394-b212cf4a2e77;/Sites/archivio-commerciale/documentLibrary/MIGRAZIONE/2023/5614001-5615000/5614741_2023;GROUP_site_archivio-commerciale_SiteManager;cmis:read
49c41ad8-d230-4cf2-8394-b212cf4a2e77;/Sites/archivio-commerciale/documentLibrary/MIGRAZIONE/2023/5614001-5615000/5614741_2023;GROUP_site_archivio-commerciale_SiteManager;cmis:write
49c41ad8-d230-4cf2-8394-b212cf4a2e77;/Sites/archivio-commerciale/documentLibrary/MIGRAZIONE/2023/5614001-5615000/5614741_2023;GROUP_site_archivio-commerciale_SiteContributor;cmis:read
49c41ad8-d230-4cf2-8394-b212cf4a2e77;/Sites/archivio-commerciale/documentLibrary/MIGRAZIONE/2023/5614001-5615000/5614741_2023;GROUP_site_archivio-commerciale_SiteCollaborator;cmis:read
49c41ad8-d230-4cf2-8394-b212cf4a2e77;/Sites/archivio-commerciale/documentLibrary/MIGRAZIONE/2023/5614001-5615000/5614741_2023;GROUP_site_archivio-commerciale_SiteCollaborator;cmis:write
922886d6-cc4a-470a-8d2e-ad75a0bb3801;/Sites/archivio-commerciale/documentLibrary/MIGRAZIONE/2023/5614001-5615000/5614317_2023;GROUP_EVERYONE;cmis:read
922886d6-cc4a-470a-8d2e-ad75a0bb3801;/Sites/archivio-commerciale/documentLibrary/MIGRAZIONE/2023/5614001-5615000/5614317_2023;GROUP_site_archivio-commerciale_SiteConsumer;cmis:read
922886d6-cc4a-470a-8d2e-ad75a0bb3801;/Sites/archivio-commerciale/documentLibrary/MIGRAZIONE/2023/5614001-5615000/5614317_2023;GROUP_site_archivio-commerciale_SiteManager;cmis:all
922886d6-cc4a-470a-8d2e-ad75a0bb3801;/Sites/archivio-commerciale/documentLibrary/MIGRAZIONE/2023/5614001-5615000/5614317_2023;GROUP_site_archivio-commerciale_SiteManager;cmis:read
922886d6-cc4a-470a-8d2e-ad75a0bb3801;/Sites/archivio-commerciale/documentLibrary/MIGRAZIONE/2023/5614001-5615000/5614317_2023;GROUP_site_archivio-commerciale_SiteManager;cmis:write
922886d6-cc4a-470a-8d2e-ad75a0bb3801;/Sites/archivio-commerciale/documentLibrary/MIGRAZIONE/2023/5614001-5615000/5614317_2023;GROUP_site_archivio-commerciale_SiteContributor;cmis:read
922886d6-cc4a-470a-8d2e-ad75a0bb3801;/Sites/archivio-commerciale/documentLibrary/MIGRAZIONE/2023/5614001-5615000/5614317_2023;GROUP_site_archivio-commerciale_SiteCollaborator;cmis:read
922886d6-cc4a-470a-8d2e-ad75a0bb3801;/Sites/archivio-commerciale/documentLibrary/MIGRAZIONE/2023/5614001-5615000/5614317_2023;GROUP_site_archivio-commerciale_SiteCollaborator;cmis:write
2e7bf56c-0907-4df5-aebe-deeead97d974;/Sites/archivio-commerciale/documentLibrary/MIGRAZIONE/2023/5614001-5615000/5614131_2023;GROUP_EVERYONE;cmis:read
2e7bf56c-0907-4df5-aebe-deeead97d974;/Sites/archivio-commerciale/documentLibrary/MIGRAZIONE/2023/5614001-5615000/5614131_2023;GROUP_site_archivio-commerciale_SiteConsumer;cmis:read
2e7bf56c-0907-4df5-aebe-deeead97d974;/Sites/archivio-commerciale/documentLibrary/MIGRAZIONE/2023/5614001-5615000/5614131_2023;GROUP_site_archivio-commerciale_SiteManager;cmis:all
2e7bf56c-0907-4df5-aebe-deeead97d974;/Sites/archivio-commerciale/documentLibrary/MIGRAZIONE/2023/5614001-5615000/5614131_2023;GROUP_site_archivio-commerciale_SiteManager;cmis:read
2e7bf56c-0907-4df5-aebe-deeead97d974;/Sites/archivio-commerciale/documentLibrary/MIGRAZIONE/2023/5614001-5615000/5614131_2023;GROUP_site_archivio-commerciale_SiteManager;cmis:write
2e7bf56c-0907-4df5-aebe-deeead97d974;/Sites/archivio-commerciale/documentLibrary/MIGRAZIONE/2023/5614001-5615000/5614131_2023;GROUP_site_archivio-commerciale_SiteContributor;cmis:read
2e7bf56c-0907-4df5-aebe-deeead97d974;/Sites/archivio-commerciale/documentLibrary/MIGRAZIONE/2023/5614001-5615000/5614131_2023;GROUP_site_archivio-commerciale_SiteCollaborator;cmis:read
2e7bf56c-0907-4df5-aebe-deeead97d974;/Sites/archivio-commerciale/documentLibrary/MIGRAZIONE/2023/5614001-5615000/5614131_2023;GROUP_site_archivio-commerciale_SiteCollaborator;cmis:write
90a3919a-0c68-4c8c-b8ee-73e6f0fafd72;/Sites/archivio-commerciale/documentLibrary/MIGRAZIONE/2023/5614001-5615000/5614567_2023;GROUP_EVERYONE;cmis:read
90a3919a-0c68-4c8c-b8ee-73e6f0fafd72;/Sites/archivio-commerciale/documentLibrary/MIGRAZIONE/2023/5614001-5615000/5614567_2023;GROUP_site_archivio-commerciale_SiteConsumer;cmis:read
90a3919a-0c68-4c8c-b8ee-73e6f0fafd72;/Sites/archivio-commerciale/documentLibrary/MIGRAZIONE/2023/5614001-5615000/5614567_2023;GROUP_site_archivio-commerciale_SiteManager;cmis:all
90a3919a-0c68-4c8c-b8ee-73e6f0fafd72;/Sites/archivio-commerciale/documentLibrary/MIGRAZIONE/2023/5614001-5615000/5614567_2023;GROUP_site_archivio-commerciale_SiteManager;cmis:read
90a3919a-0c68-4c8c-b8ee-73e6f0fafd72;/Sites/archivio-commerciale/documentLibrary/MIGRAZIONE/2023/5614001-5615000/5614567_2023;GROUP_site_archivio-commerciale_SiteManager;cmis:write
90a3919a-0c68-4c8c-b8ee-73e6f0fafd72;/Sites/archivio-commerciale/documentLibrary/MIGRAZIONE/2023/5614001-5615000/5614567_2023;GROUP_site_archivio-commerciale_SiteContributor;cmis:read
90a3919a-0c68-4c8c-b8ee-73e6f0fafd72;/Sites/archivio-commerciale/documentLibrary/MIGRAZIONE/2023/5614001-5615000/5614567_2023;GROUP_site_archivio-commerciale_SiteCollaborator;cmis:read
90a3919a-0c68-4c8c-b8ee-73e6f0fafd72;/Sites/archivio-commerciale/documentLibrary/MIGRAZIONE/2023/5614001-5615000/5614567_2023;GROUP_site_archivio-commerciale_SiteCollaborator;cmis:write
11c5d7ec-7174-4df4-8ea4-d94dbca575da;/Sites/archivio-commerciale/documentLibrary/MIGRAZIONE/2023/5614001-5615000/5614886_2023;GROUP_EVERYONE;cmis:read
11c5d7ec-7174-4df4-8ea4-d94dbca575da;/Sites/archivio-commerciale/documentLibrary/MIGRAZIONE/2023/5614001-5615000/5614886_2023;GROUP_site_archivio-commerciale_SiteConsumer;cmis:read
11c5d7ec-7174-4df4-8ea4-d94dbca575da;/Sites/archivio-commerciale/documentLibrary/MIGRAZIONE/2023/5614001-5615000/5614886_2023;GROUP_site_archivio-commerciale_SiteManager;cmis:all
11c5d7ec-7174-4df4-8ea4-d94dbca575da;/Sites/archivio-commerciale/documentLibrary/MIGRAZIONE/2023/5614001-5615000/5614886_2023;GROUP_site_archivio-commerciale_SiteManager;cmis:read
11c5d7ec-7174-4df4-8ea4-d94dbca575da;/Sites/archivio-commerciale/documentLibrary/MIGRAZIONE/2023/5614001-5615000/5614886_2023;GROUP_site_archivio-commerciale_SiteManager;cmis:write
11c5d7ec-7174-4df4-8ea4-d94dbca575da;/Sites/archivio-commerciale/documentLibrary/MIGRAZIONE/2023/5614001-5615000/5614886_2023;GROUP_site_archivio-commerciale_SiteContributor;cmis:read
11c5d7ec-7174-4df4-8ea4-d94dbca575da;/Sites/archivio-commerciale/documentLibrary/MIGRAZIONE/2023/5614001-5615000/5614886_2023;GROUP_site_archivio-commerciale_SiteCollaborator;cmis:read
11c5d7ec-7174-4df4-8ea4-d94dbca575da;/Sites/archivio-commerciale/documentLibrary/MIGRAZIONE/2023/5614001-5615000/5614886_2023;GROUP_site_archivio-commerciale_SiteCollaborator;cmis:write
f0b78b08-bd07-4be1-b3fd-a87fde97dced;/Sites/archivio-commerciale/documentLibrary/MIGRAZIONE/2023/5614001-5615000/5614978_2023;GROUP_EVERYONE;cmis:read
f0b78b08-bd07-4be1-b3fd-a87fde97dced;/Sites/archivio-commerciale/documentLibrary/MIGRAZIONE/2023/5614001-5615000/5614978_2023;GROUP_site_archivio-commerciale_SiteConsumer;cmis:read
f0b78b08-bd07-4be1-b3fd-a87fde97dced;/Sites/archivio-commerciale/documentLibrary/MIGRAZIONE/2023/5614001-5615000/5614978_2023;GROUP_site_archivio-commerciale_SiteManager;cmis:all
f0b78b08-bd07-4be1-b3fd-a87fde97dced;/Sites/archivio-commerciale/documentLibrary/MIGRAZIONE/2023/5614001-5615000/5614978_2023;GROUP_site_archivio-commerciale_SiteManager;cmis:read
f0b78b08-bd07-4be1-b3fd-a87fde97dced;/Sites/archivio-commerciale/documentLibrary/MIGRAZIONE/2023/5614001-5615000/5614978_2023;GROUP_site_archivio-commerciale_SiteManager;cmis:write
f0b78b08-bd07-4be1-b3fd-a87fde97dced;/Sites/archivio-commerciale/documentLibrary/MIGRAZIONE/2023/5614001-5615000/5614978_2023;GROUP_site_archivio-commerciale_SiteContributor;cmis:read
f0b78b08-bd07-4be1-b3fd-a87fde97dced;/Sites/archivio-commerciale/documentLibrary/MIGRAZIONE/2023/5614001-5615000/5614978_2023;GROUP_site_archivio-commerciale_SiteCollaborator;cmis:read
f0b78b08-bd07-4be1-b3fd-a87fde97dced;/Sites/archivio-commerciale/documentLibrary/MIGRAZIONE/2023/5614001-5615000/5614978_2023;GROUP_site_archivio-commerciale_SiteCollaborator;cmis:write
1e19463c-5a71-4ddd-a1a1-176f789c9d45;/Sites/archivio-commerciale/documentLibrary/MIGRAZIONE/2023/5614001-5615000/5614863_2023;GROUP_EVERYONE;cmis:read
1e19463c-5a71-4ddd-a1a1-176f789c9d45;/Sites/archivio-commerciale/documentLibrary/MIGRAZIONE/2023/5614001-5615000/5614863_2023;GROUP_site_archivio-commerciale_SiteConsumer;cmis:read
1e19463c-5a71-4ddd-a1a1-176f789c9d45;/Sites/archivio-commerciale/documentLibrary/MIGRAZIONE/2023/5614001-5615000/5614863_2023;GROUP_site_archivio-commerciale_SiteManager;cmis:all
1e19463c-5a71-4ddd-a1a1-176f789c9d45;/Sites/archivio-commerciale/documentLibrary/MIGRAZIONE/2023/5614001-5615000/5614863_2023;GROUP_site_archivio-commerciale_SiteManager;cmis:read
1e19463c-5a71-4ddd-a1a1-176f789c9d45;/Sites/archivio-commerciale/documentLibrary/MIGRAZIONE/2023/5614001-5615000/5614863_2023;GROUP_site_archivio-commerciale_SiteManager;cmis:write
1e19463c-5a71-4ddd-a1a1-176f789c9d45;/Sites/archivio-commerciale/documentLibrary/MIGRAZIONE/2023/5614001-5615000/5614863_2023;GROUP_site_archivio-commerciale_SiteContributor;cmis:read
1e19463c-5a71-4ddd-a1a1-176f789c9d45;/Sites/archivio-commerciale/documentLibrary/MIGRAZIONE/2023/5614001-5615000/5614863_2023;GROUP_site_archivio-commerciale_SiteCollaborator;cmis:read
1e19463c-5a71-4ddd-a1a1-176f789c9d45;/Sites/archivio-commerciale/documentLibrary/MIGRAZIONE/2023/5614001-5615000/5614863_2023;GROUP_site_archivio-commerciale_SiteCollaborator;cmis:write
701abb06-5f96-4f49-be74-935d8b708cd0;/Sites/archivio-commerciale/documentLibrary/MIGRAZIONE/2023/5614001-5615000/5614499_2023;GROUP_EVERYONE;cmis:read
701abb06-5f96-4f49-be74-935d8b708cd0;/Sites/archivio-commerciale/documentLibrary/MIGRAZIONE/2023/5614001-5615000/5614499_2023;GROUP_site_archivio-commerciale_SiteConsumer;cmis:read
701abb06-5f96-4f49-be74-935d8b708cd0;/Sites/archivio-commerciale/documentLibrary/MIGRAZIONE/2023/5614001-5615000/5614499_2023;GROUP_site_archivio-commerciale_SiteManager;cmis:all
701abb06-5f96-4f49-be74-935d8b708cd0;/Sites/archivio-commerciale/documentLibrary/MIGRAZIONE/2023/5614001-5615000/5614499_2023;GROUP_site_archivio-commerciale_SiteManager;cmis:read
701abb06-5f96-4f49-be74-935d8b708cd0;/Sites/archivio-commerciale/documentLibrary/MIGRAZIONE/2023/5614001-5615000/5614499_2023;GROUP_site_archivio-commerciale_SiteManager;cmis:write
701abb06-5f96-4f49-be74-935d8b708cd0;/Sites/archivio-commerciale/documentLibrary/MIGRAZIONE/2023/5614001-5615000/5614499_2023;GROUP_site_archivio-commerciale_SiteContributor;cmis:read
701abb06-5f96-4f49-be74-935d8b708cd0;/Sites/archivio-commerciale/documentLibrary/MIGRAZIONE/2023/5614001-5615000/5614499_2023;GROUP_site_archivio-commerciale_SiteCollaborator;cmis:read
701abb06-5f96-4f49-be74-935d8b708cd0;/Sites/archivio-commerciale/documentLibrary/MIGRAZIONE/2023/5614001-5615000/5614499_2023;GROUP_site_archivio-commerciale_SiteCollaborator;cmis:write
b05c0132-9234-4f5d-85f4-124703f3fe0b;/Sites/archivio-commerciale/documentLibrary/MIGRAZIONE/2023/5614001-5615000/5614582_2023;GROUP_EVERYONE;cmis:read
b05c0132-9234-4f5d-85f4-124703f3fe0b;/Sites/archivio-commerciale/documentLibrary/MIGRAZIONE/2023/5614001-5615000/5614582_2023;GROUP_site_archivio-commerciale_SiteConsumer;cmis:read
b05c0132-9234-4f5d-85f4-124703f3fe0b;/Sites/archivio-commerciale/documentLibrary/MIGRAZIONE/2023/5614001-5615000/5614582_2023;GROUP_site_archivio-commerciale_SiteManager;cmis:all
b05c0132-9234-4f5d-85f4-124703f3fe0b;/Sites/archivio-commerciale/documentLibrary/MIGRAZIONE/2023/5614001-5615000/5614582_2023;GROUP_site_archivio-commerciale_SiteManager;cmis:read
b05c0132-9234-4f5d-85f4-124703f3fe0b;/Sites/archivio-commerciale/documentLibrary/MIGRAZIONE/2023/5614001-5615000/5614582_2023;GROUP_site_archivio-commerciale_SiteManager;cmis:write
b05c0132-9234-4f5d-85f4-124703f3fe0b;/Sites/archivio-commerciale/documentLibrary/MIGRAZIONE/2023/5614001-5615000/5614582_2023;GROUP_site_archivio-commerciale_SiteContributor;cmis:read
b05c0132-9234-4f5d-85f4-124703f3fe0b;/Sites/archivio-commerciale/documentLibrary/MIGRAZIONE/2023/5614001-5615000/5614582_2023;GROUP_site_archivio-commerciale_SiteCollaborator;cmis:read
b05c0132-9234-4f5d-85f4-124703f3fe0b;/Sites/archivio-commerciale/documentLibrary/MIGRAZIONE/2023/5614001-5615000/5614582_2023;GROUP_site_archivio-commerciale_SiteCollaborator;cmis:write
1356f529-1278-4d7d-94e7-f29c4fc00742;/Sites/archivio-commerciale/documentLibrary/MIGRAZIONE/2023/5614001-5615000/5614259_2023;GROUP_EVERYONE;cmis:read
1356f529-1278-4d7d-94e7-f29c4fc00742;/Sites/archivio-commerciale/documentLibrary/MIGRAZIONE/2023/5614001-5615000/5614259_2023;GROUP_site_archivio-commerciale_SiteConsumer;cmis:read
1356f529-1278-4d7d-94e7-f29c4fc00742;/Sites/archivio-commerciale/documentLibrary/MIGRAZIONE/2023/5614001-5615000/5614259_2023;GROUP_site_archivio-commerciale_SiteManager;cmis:all
1356f529-1278-4d7d-94e7-f29c4fc00742;/Sites/archivio-commerciale/documentLibrary/MIGRAZIONE/2023/5614001-5615000/5614259_2023;GROUP_site_archivio-commerciale_SiteManager;cmis:read
1356f529-1278-4d7d-94e7-f29c4fc00742;/Sites/archivio-commerciale/documentLibrary/MIGRAZIONE/2023/5614001-5615000/5614259_2023;GROUP_site_archivio-commerciale_SiteManager;cmis:write
1356f529-1278-4d7d-94e7-f29c4fc00742;/Sites/archivio-commerciale/documentLibrary/MIGRAZIONE/2023/5614001-5615000/5614259_2023;GROUP_site_archivio-commerciale_SiteContributor;cmis:read
1356f529-1278-4d7d-94e7-f29c4fc00742;/Sites/archivio-commerciale/documentLibrary/MIGRAZIONE/2023/5614001-5615000/5614259_2023;GROUP_site_archivio-commerciale_SiteCollaborator;cmis:read
1356f529-1278-4d7d-94e7-f29c4fc00742;/Sites/archivio-commerciale/documentLibrary/MIGRAZIONE/2023/5614001-5615000/5614259_2023;GROUP_site_archivio-commerciale_SiteCollaborator;cmis:write
02351be2-b65c-430e-b453-66cbeeb82d51;/Sites/archivio-commerciale/documentLibrary/MIGRAZIONE/2023/5614001-5615000/5614342_2023;GROUP_EVERYONE;cmis:read
02351be2-b65c-430e-b453-66cbeeb82d51;/Sites/archivio-commerciale/documentLibrary/MIGRAZIONE/2023/5614001-5615000/5614342_2023;GROUP_site_archivio-commerciale_SiteConsumer;cmis:read
02351be2-b65c-430e-b453-66cbeeb82d51;/Sites/archivio-commerciale/documentLibrary/MIGRAZIONE/2023/5614001-5615000/5614342_2023;GROUP_site_archivio-commerciale_SiteManager;cmis:all
02351be2-b65c-430e-b453-66cbeeb82d51;/Sites/archivio-commerciale/documentLibrary/MIGRAZIONE/2023/5614001-5615000/5614342_2023;GROUP_site_archivio-commerciale_SiteManager;cmis:read
02351be2-b65c-430e-b453-66cbeeb82d51;/Sites/archivio-commerciale/documentLibrary/MIGRAZIONE/2023/5614001-5615000/5614342_2023;GROUP_site_archivio-commerciale_SiteManager;cmis:write
02351be2-b65c-430e-b453-66cbeeb82d51;/Sites/archivio-commerciale/documentLibrary/MIGRAZIONE/2023/5614001-5615000/5614342_2023;GROUP_site_archivio-commerciale_SiteContributor;cmis:read
02351be2-b65c-430e-b453-66cbeeb82d51;/Sites/archivio-commerciale/documentLibrary/MIGRAZIONE/2023/5614001-5615000/5614342_2023;GROUP_site_archivio-commerciale_SiteCollaborator;cmis:read
02351be2-b65c-430e-b453-66cbeeb82d51;/Sites/archivio-commerciale/documentLibrary/MIGRAZIONE/2023/5614001-5615000/5614342_2023;GROUP_site_archivio-commerciale_SiteCollaborator;cmis:write
2323eb8e-3b6b-4a99-a62f-38f2e014442c;/Sites/archivio-commerciale/documentLibrary/MIGRAZIONE/2023/5614001-5615000/5614714_2023;GROUP_EVERYONE;cmis:read
2323eb8e-3b6b-4a99-a62f-38f2e014442c;/Sites/archivio-commerciale/documentLibrary/MIGRAZIONE/2023/5614001-5615000/5614714_2023;GROUP_site_archivio-commerciale_SiteConsumer;cmis:read
2323eb8e-3b6b-4a99-a62f-38f2e014442c;/Sites/archivio-commerciale/documentLibrary/MIGRAZIONE/2023/5614001-5615000/5614714_2023;GROUP_site_archivio-commerciale_SiteManager;cmis:all
2323eb8e-3b6b-4a99-a62f-38f2e014442c;/Sites/archivio-commerciale/documentLibrary/MIGRAZIONE/2023/5614001-5615000/5614714_2023;GROUP_site_archivio-commerciale_SiteManager;cmis:read
2323eb8e-3b6b-4a99-a62f-38f2e014442c;/Sites/archivio-commerciale/documentLibrary/MIGRAZIONE/2023/5614001-5615000/5614714_2023;GROUP_site_archivio-commerciale_SiteManager;cmis:write
2323eb8e-3b6b-4a99-a62f-38f2e014442c;/Sites/archivio-commerciale/documentLibrary/MIGRAZIONE/2023/5614001-5615000/5614714_2023;GROUP_site_archivio-commerciale_SiteContributor;cmis:read
2323eb8e-3b6b-4a99-a62f-38f2e014442c;/Sites/archivio-commerciale/documentLibrary/MIGRAZIONE/2023/5614001-5615000/5614714_2023;GROUP_site_archivio-commerciale_SiteCollaborator;cmis:read
2323eb8e-3b6b-4a99-a62f-38f2e014442c;/Sites/archivio-commerciale/documentLibrary/MIGRAZIONE/2023/5614001-5615000/5614714_2023;GROUP_site_archivio-commerciale_SiteCollaborator;cmis:write
7a72665d-d640-4ec0-8362-a4fece169c15;/Sites/archivio-commerciale/documentLibrary/MIGRAZIONE/2023/5614001-5615000/5614615_2023;GROUP_EVERYONE;cmis:read
7a72665d-d640-4ec0-8362-a4fece169c15;/Sites/archivio-commerciale/documentLibrary/MIGRAZIONE/2023/5614001-5615000/5614615_2023;GROUP_site_archivio-commerciale_SiteConsumer;cmis:read
7a72665d-d640-4ec0-8362-a4fece169c15;/Sites/archivio-commerciale/documentLibrary/MIGRAZIONE/2023/5614001-5615000/5614615_2023;GROUP_site_archivio-commerciale_SiteManager;cmis:all
7a72665d-d640-4ec0-8362-a4fece169c15;/Sites/archivio-commerciale/documentLibrary/MIGRAZIONE/2023/5614001-5615000/5614615_2023;GROUP_site_archivio-commerciale_SiteManager;cmis:read
7a72665d-d640-4ec0-8362-a4fece169c15;/Sites/archivio-commerciale/documentLibrary/MIGRAZIONE/2023/5614001-5615000/5614615_2023;GROUP_site_archivio-commerciale_SiteManager;cmis:write
7a72665d-d640-4ec0-8362-a4fece169c15;/Sites/archivio-commerciale/documentLibrary/MIGRAZIONE/2023/5614001-5615000/5614615_2023;GROUP_site_archivio-commerciale_SiteContributor;cmis:read
7a72665d-d640-4ec0-8362-a4fece169c15;/Sites/archivio-commerciale/documentLibrary/MIGRAZIONE/2023/5614001-5615000/5614615_2023;GROUP_site_archivio-commerciale_SiteCollaborator;cmis:read
7a72665d-d640-4ec0-8362-a4fece169c15;/Sites/archivio-commerciale/documentLibrary/MIGRAZIONE/2023/5614001-5615000/5614615_2023;GROUP_site_archivio-commerciale_SiteCollaborator;cmis:write
5dafea18-cd1f-4498-bb3d-fc9acc9f1002;/Sites/archivio-commerciale/documentLibrary/MIGRAZIONE/2023/5614001-5615000/5614243_2023;GROUP_EVERYONE;cmis:read
5dafea18-cd1f-4498-bb3d-fc9acc9f1002;/Sites/archivio-commerciale/documentLibrary/MIGRAZIONE/2023/5614001-5615000/5614243_2023;GROUP_site_archivio-commerciale_SiteConsumer;cmis:read
5dafea18-cd1f-4498-bb3d-fc9acc9f1002;/Sites/archivio-commerciale/documentLibrary/MIGRAZIONE/2023/5614001-5615000/5614243_2023;GROUP_site_archivio-commerciale_SiteManager;cmis:all
5dafea18-cd1f-4498-bb3d-fc9acc9f1002;/Sites/archivio-commerciale/documentLibrary/MIGRAZIONE/2023/5614001-5615000/5614243_2023;GROUP_site_archivio-commerciale_SiteManager;cmis:read
5dafea18-cd1f-4498-bb3d-fc9acc9f1002;/Sites/archivio-commerciale/documentLibrary/MIGRAZIONE/2023/5614001-5615000/5614243_2023;GROUP_site_archivio-commerciale_SiteManager;cmis:write
5dafea18-cd1f-4498-bb3d-fc9acc9f1002;/Sites/archivio-commerciale/documentLibrary/MIGRAZIONE/2023/5614001-5615000/5614243_2023;GROUP_site_archivio-commerciale_SiteContributor;cmis:read
5dafea18-cd1f-4498-bb3d-fc9acc9f1002;/Sites/archivio-commerciale/documentLibrary/MIGRAZIONE/2023/5614001-5615000/5614243_2023;GROUP_site_archivio-commerciale_SiteCollaborator;cmis:read
5dafea18-cd1f-4498-bb3d-fc9acc9f1002;/Sites/archivio-commerciale/documentLibrary/MIGRAZIONE/2023/5614001-5615000/5614243_2023;GROUP_site_archivio-commerciale_SiteCollaborator;cmis:write
d1d812b8-0e57-42d2-8ce6-2d13d456a1ab;/Sites/archivio-commerciale/documentLibrary/MIGRAZIONE/2023/5614001-5615000/5614358_2023;GROUP_EVERYONE;cmis:read
d1d812b8-0e57-42d2-8ce6-2d13d456a1ab;/Sites/archivio-commerciale/documentLibrary/MIGRAZIONE/2023/5614001-5615000/5614358_2023;GROUP_site_archivio-commerciale_SiteConsumer;cmis:read
d1d812b8-0e57-42d2-8ce6-2d13d456a1ab;/Sites/archivio-commerciale/documentLibrary/MIGRAZIONE/2023/5614001-5615000/5614358_2023;GROUP_site_archivio-commerciale_SiteManager;cmis:all
d1d812b8-0e57-42d2-8ce6-2d13d456a1ab;/Sites/archivio-commerciale/documentLibrary/MIGRAZIONE/2023/5614001-5615000/5614358_2023;GROUP_site_archivio-commerciale_SiteManager;cmis:read
d1d812b8-0e57-42d2-8ce6-2d13d456a1ab;/Sites/archivio-commerciale/documentLibrary/MIGRAZIONE/2023/5614001-5615000/5614358_2023;GROUP_site_archivio-commerciale_SiteManager;cmis:write
d1d812b8-0e57-42d2-8ce6-2d13d456a1ab;/Sites/archivio-commerciale/documentLibrary/MIGRAZIONE/2023/5614001-5615000/5614358_2023;GROUP_site_archivio-commerciale_SiteContributor;cmis:read
d1d812b8-0e57-42d2-8ce6-2d13d456a1ab;/Sites/archivio-commerciale/documentLibrary/MIGRAZIONE/2023/5614001-5615000/5614358_2023;GROUP_site_archivio-commerciale_SiteCollaborator;cmis:read
d1d812b8-0e57-42d2-8ce6-2d13d456a1ab;/Sites/archivio-commerciale/documentLibrary/MIGRAZIONE/2023/5614001-5615000/5614358_2023;GROUP_site_archivio-commerciale_SiteCollaborator;cmis:write
3ab2a27c-be38-41f6-8722-72945a8e420e;/Sites/archivio-commerciale/documentLibrary/MIGRAZIONE/2023/5614001-5615000/5614598_2023;GROUP_EVERYONE;cmis:read
3ab2a27c-be38-41f6-8722-72945a8e420e;/Sites/archivio-commerciale/documentLibrary/MIGRAZIONE/2023/5614001-5615000/5614598_2023;GROUP_site_archivio-commerciale_SiteConsumer;cmis:read
3ab2a27c-be38-41f6-8722-72945a8e420e;/Sites/archivio-commerciale/documentLibrary/MIGRAZIONE/2023/5614001-5615000/5614598_2023;GROUP_site_archivio-commerciale_SiteManager;cmis:all
3ab2a27c-be38-41f6-8722-72945a8e420e;/Sites/archivio-commerciale/documentLibrary/MIGRAZIONE/2023/5614001-5615000/5614598_2023;GROUP_site_archivio-commerciale_SiteManager;cmis:read
3ab2a27c-be38-41f6-8722-72945a8e420e;/Sites/archivio-commerciale/documentLibrary/MIGRAZIONE/2023/5614001-5615000/5614598_2023;GROUP_site_archivio-commerciale_SiteManager;cmis:write
3ab2a27c-be38-41f6-8722-72945a8e420e;/Sites/archivio-commerciale/documentLibrary/MIGRAZIONE/2023/5614001-5615000/5614598_2023;GROUP_site_archivio-commerciale_SiteContributor;cmis:read
3ab2a27c-be38-41f6-8722-72945a8e420e;/Sites/archivio-commerciale/documentLibrary/MIGRAZIONE/2023/5614001-5615000/5614598_2023;GROUP_site_archivio-commerciale_SiteCollaborator;cmis:read
3ab2a27c-be38-41f6-8722-72945a8e420e;/Sites/archivio-commerciale/documentLibrary/MIGRAZIONE/2023/5614001-5615000/5614598_2023;GROUP_site_archivio-commerciale_SiteCollaborator;cmis:write
b260ebef-8980-40dd-8089-9dd08433c1dd;/Sites/archivio-commerciale/documentLibrary/MIGRAZIONE/2023/5614001-5615000/5614962_2023;GROUP_EVERYONE;cmis:read
b260ebef-8980-40dd-8089-9dd08433c1dd;/Sites/archivio-commerciale/documentLibrary/MIGRAZIONE/2023/5614001-5615000/5614962_2023;GROUP_site_archivio-commerciale_SiteConsumer;cmis:read
b260ebef-8980-40dd-8089-9dd08433c1dd;/Sites/archivio-commerciale/documentLibrary/MIGRAZIONE/2023/5614001-5615000/5614962_2023;GROUP_site_archivio-commerciale_SiteManager;cmis:all
b260ebef-8980-40dd-8089-9dd08433c1dd;/Sites/archivio-commerciale/documentLibrary/MIGRAZIONE/2023/5614001-5615000/5614962_2023;GROUP_site_archivio-commerciale_SiteManager;cmis:read
b260ebef-8980-40dd-8089-9dd08433c1dd;/Sites/archivio-commerciale/documentLibrary/MIGRAZIONE/2023/5614001-5615000/5614962_2023;GROUP_site_archivio-commerciale_SiteManager;cmis:write
b260ebef-8980-40dd-8089-9dd08433c1dd;/Sites/archivio-commerciale/documentLibrary/MIGRAZIONE/2023/5614001-5615000/5614962_2023;GROUP_site_archivio-commerciale_SiteContributor;cmis:read
b260ebef-8980-40dd-8089-9dd08433c1dd;/Sites/archivio-commerciale/documentLibrary/MIGRAZIONE/2023/5614001-5615000/5614962_2023;GROUP_site_archivio-commerciale_SiteCollaborator;cmis:read
b260ebef-8980-40dd-8089-9dd08433c1dd;/Sites/archivio-commerciale/documentLibrary/MIGRAZIONE/2023/5614001-5615000/5614962_2023;GROUP_site_archivio-commerciale_SiteCollaborator;cmis:write
51df34ce-1cf2-4771-b86d-d03c1f796d42;/Sites/archivio-commerciale/documentLibrary/MIGRAZIONE/2023/5614001-5615000/5614879_2023;GROUP_EVERYONE;cmis:read
51df34ce-1cf2-4771-b86d-d03c1f796d42;/Sites/archivio-commerciale/documentLibrary/MIGRAZIONE/2023/5614001-5615000/5614879_2023;GROUP_site_archivio-commerciale_SiteConsumer;cmis:read
51df34ce-1cf2-4771-b86d-d03c1f796d42;/Sites/archivio-commerciale/documentLibrary/MIGRAZIONE/2023/5614001-5615000/5614879_2023;GROUP_site_archivio-commerciale_SiteManager;cmis:all
51df34ce-1cf2-4771-b86d-d03c1f796d42;/Sites/archivio-commerciale/documentLibrary/MIGRAZIONE/2023/5614001-5615000/5614879_2023;GROUP_site_archivio-commerciale_SiteManager;cmis:read
51df34ce-1cf2-4771-b86d-d03c1f796d42;/Sites/archivio-commerciale/documentLibrary/MIGRAZIONE/2023/5614001-5615000/5614879_2023;GROUP_site_archivio-commerciale_SiteManager;cmis:write
51df34ce-1cf2-4771-b86d-d03c1f796d42;/Sites/archivio-commerciale/documentLibrary/MIGRAZIONE/2023/5614001-5615000/5614879_2023;GROUP_site_archivio-commerciale_SiteContributor;cmis:read
51df34ce-1cf2-4771-b86d-d03c1f796d42;/Sites/archivio-commerciale/documentLibrary/MIGRAZIONE/2023/5614001-5615000/5614879_2023;GROUP_site_archivio-commerciale_SiteCollaborator;cmis:read
51df34ce-1cf2-4771-b86d-d03c1f796d42;/Sites/archivio-commerciale/documentLibrary/MIGRAZIONE/2023/5614001-5615000/5614879_2023;GROUP_site_archivio-commerciale_SiteCollaborator;cmis:write
27770a48-5760-430c-a6f2-e04bd2654aff;/Sites/archivio-commerciale/documentLibrary/MIGRAZIONE/2023/5614001-5615000/5614987_2023;GROUP_EVERYONE;cmis:read
27770a48-5760-430c-a6f2-e04bd2654aff;/Sites/archivio-commerciale/documentLibrary/MIGRAZIONE/2023/5614001-5615000/5614987_2023;GROUP_site_archivio-commerciale_SiteConsumer;cmis:read
27770a48-5760-430c-a6f2-e04bd2654aff;/Sites/archivio-commerciale/documentLibrary/MIGRAZIONE/2023/5614001-5615000/5614987_2023;GROUP_site_archivio-commerciale_SiteManager;cmis:all
27770a48-5760-430c-a6f2-e04bd2654aff;/Sites/archivio-commerciale/documentLibrary/MIGRAZIONE/2023/5614001-5615000/5614987_2023;GROUP_site_archivio-commerciale_SiteManager;cmis:read
27770a48-5760-430c-a6f2-e04bd2654aff;/Sites/archivio-commerciale/documentLibrary/MIGRAZIONE/2023/5614001-5615000/5614987_2023;GROUP_site_archivio-commerciale_SiteManager;cmis:write
27770a48-5760-430c-a6f2-e04bd2654aff;/Sites/archivio-commerciale/documentLibrary/MIGRAZIONE/2023/5614001-5615000/5614987_2023;GROUP_site_archivio-commerciale_SiteContributor;cmis:read
27770a48-5760-430c-a6f2-e04bd2654aff;/Sites/archivio-commerciale/documentLibrary/MIGRAZIONE/2023/5614001-5615000/5614987_2023;GROUP_site_archivio-commerciale_SiteCollaborator;cmis:read
27770a48-5760-430c-a6f2-e04bd2654aff;/Sites/archivio-commerciale/documentLibrary/MIGRAZIONE/2023/5614001-5615000/5614987_2023;GROUP_site_archivio-commerciale_SiteCollaborator;cmis:write
ba7a345e-ed26-43bf-85b0-7671908cce43;/Sites/archivio-commerciale/documentLibrary/MIGRAZIONE/2023/5614001-5615000/5614466_2023;GROUP_EVERYONE;cmis:read
ba7a345e-ed26-43bf-85b0-7671908cce43;/Sites/archivio-commerciale/documentLibrary/MIGRAZIONE/2023/5614001-5615000/5614466_2023;GROUP_site_archivio-commerciale_SiteConsumer;cmis:read
ba7a345e-ed26-43bf-85b0-7671908cce43;/Sites/archivio-commerciale/documentLibrary/MIGRAZIONE/2023/5614001-5615000/5614466_2023;GROUP_site_archivio-commerciale_SiteManager;cmis:all
ba7a345e-ed26-43bf-85b0-7671908cce43;/Sites/archivio-commerciale/documentLibrary/MIGRAZIONE/2023/5614001-5615000/5614466_2023;GROUP_site_archivio-commerciale_SiteManager;cmis:read
ba7a345e-ed26-43bf-85b0-7671908cce43;/Sites/archivio-commerciale/documentLibrary/MIGRAZIONE/2023/5614001-5615000/5614466_2023;GROUP_site_archivio-commerciale_SiteManager;cmis:write
ba7a345e-ed26-43bf-85b0-7671908cce43;/Sites/archivio-commerciale/documentLibrary/MIGRAZIONE/2023/5614001-5615000/5614466_2023;GROUP_site_archivio-commerciale_SiteContributor;cmis:read
ba7a345e-ed26-43bf-85b0-7671908cce43;/Sites/archivio-commerciale/documentLibrary/MIGRAZIONE/2023/5614001-5615000/5614466_2023;GROUP_site_archivio-commerciale_SiteCollaborator;cmis:read
ba7a345e-ed26-43bf-85b0-7671908cce43;/Sites/archivio-commerciale/documentLibrary/MIGRAZIONE/2023/5614001-5615000/5614466_2023;GROUP_site_archivio-commerciale_SiteCollaborator;cmis:write
7ed5a8f4-d0f4-4a95-bf8a-24bf7aa4ae21;/Sites/archivio-commerciale/documentLibrary/MIGRAZIONE/2023/5614001-5615000/5614030_2023;GROUP_EVERYONE;cmis:read
7ed5a8f4-d0f4-4a95-bf8a-24bf7aa4ae21;/Sites/archivio-commerciale/documentLibrary/MIGRAZIONE/2023/5614001-5615000/5614030_2023;GROUP_site_archivio-commerciale_SiteConsumer;cmis:read
7ed5a8f4-d0f4-4a95-bf8a-24bf7aa4ae21;/Sites/archivio-commerciale/documentLibrary/MIGRAZIONE/2023/5614001-5615000/5614030_2023;GROUP_site_archivio-commerciale_SiteManager;cmis:all
7ed5a8f4-d0f4-4a95-bf8a-24bf7aa4ae21;/Sites/archivio-commerciale/documentLibrary/MIGRAZIONE/2023/5614001-5615000/5614030_2023;GROUP_site_archivio-commerciale_SiteManager;cmis:read
7ed5a8f4-d0f4-4a95-bf8a-24bf7aa4ae21;/Sites/archivio-commerciale/documentLibrary/MIGRAZIONE/2023/5614001-5615000/5614030_2023;GROUP_site_archivio-commerciale_SiteManager;cmis:write
7ed5a8f4-d0f4-4a95-bf8a-24bf7aa4ae21;/Sites/archivio-commerciale/documentLibrary/MIGRAZIONE/2023/5614001-5615000/5614030_2023;GROUP_site_archivio-commerciale_SiteContributor;cmis:read
7ed5a8f4-d0f4-4a95-bf8a-24bf7aa4ae21;/Sites/archivio-commerciale/documentLibrary/MIGRAZIONE/2023/5614001-5615000/5614030_2023;GROUP_site_archivio-commerciale_SiteCollaborator;cmis:read
7ed5a8f4-d0f4-4a95-bf8a-24bf7aa4ae21;/Sites/archivio-commerciale/documentLibrary/MIGRAZIONE/2023/5614001-5615000/5614030_2023;GROUP_site_archivio-commerciale_SiteCollaborator;cmis:write
507ea226-1283-49de-81b3-8d5493c6c4bd;/Sites/archivio-commerciale/documentLibrary/MIGRAZIONE/2023/5614001-5615000/5614216_2023;GROUP_EVERYONE;cmis:read
507ea226-1283-49de-81b3-8d5493c6c4bd;/Sites/archivio-commerciale/documentLibrary/MIGRAZIONE/2023/5614001-5615000/5614216_2023;GROUP_site_archivio-commerciale_SiteConsumer;cmis:read
507ea226-1283-49de-81b3-8d5493c6c4bd;/Sites/archivio-commerciale/documentLibrary/MIGRAZIONE/2023/5614001-5615000/5614216_2023;GROUP_site_archivio-commerciale_SiteManager;cmis:all
507ea226-1283-49de-81b3-8d5493c6c4bd;/Sites/archivio-commerciale/documentLibrary/MIGRAZIONE/2023/5614001-5615000/5614216_2023;GROUP_site_archivio-commerciale_SiteManager;cmis:read
507ea226-1283-49de-81b3-8d5493c6c4bd;/Sites/archivio-commerciale/documentLibrary/MIGRAZIONE/2023/5614001-5615000/5614216_2023;GROUP_site_archivio-commerciale_SiteManager;cmis:write
507ea226-1283-49de-81b3-8d5493c6c4bd;/Sites/archivio-commerciale/documentLibrary/MIGRAZIONE/2023/5614001-5615000/5614216_2023;GROUP_site_archivio-commerciale_SiteContributor;cmis:read
507ea226-1283-49de-81b3-8d5493c6c4bd;/Sites/archivio-commerciale/documentLibrary/MIGRAZIONE/2023/5614001-5615000/5614216_2023;GROUP_site_archivio-commerciale_SiteCollaborator;cmis:read
507ea226-1283-49de-81b3-8d5493c6c4bd;/Sites/archivio-commerciale/documentLibrary/MIGRAZIONE/2023/5614001-5615000/5614216_2023;GROUP_site_archivio-commerciale_SiteCollaborator;cmis:write
eb51a940-e29f-4e51-8e95-8cc26a4c456c;/Sites/archivio-commerciale/documentLibrary/MIGRAZIONE/2023/5614001-5615000/5614640_2023;GROUP_EVERYONE;cmis:read
eb51a940-e29f-4e51-8e95-8cc26a4c456c;/Sites/archivio-commerciale/documentLibrary/MIGRAZIONE/2023/5614001-5615000/5614640_2023;GROUP_site_archivio-commerciale_SiteConsumer;cmis:read
eb51a940-e29f-4e51-8e95-8cc26a4c456c;/Sites/archivio-commerciale/documentLibrary/MIGRAZIONE/2023/5614001-5615000/5614640_2023;GROUP_site_archivio-commerciale_SiteManager;cmis:all
eb51a940-e29f-4e51-8e95-8cc26a4c456c;/Sites/archivio-commerciale/documentLibrary/MIGRAZIONE/2023/5614001-5615000/5614640_2023;GROUP_site_archivio-commerciale_SiteManager;cmis:read
eb51a940-e29f-4e51-8e95-8cc26a4c456c;/Sites/archivio-commerciale/documentLibrary/MIGRAZIONE/2023/5614001-5615000/5614640_2023;GROUP_site_archivio-commerciale_SiteManager;cmis:write
eb51a940-e29f-4e51-8e95-8cc26a4c456c;/Sites/archivio-commerciale/documentLibrary/MIGRAZIONE/2023/5614001-5615000/5614640_2023;GROUP_site_archivio-commerciale_SiteContributor;cmis:read
eb51a940-e29f-4e51-8e95-8cc26a4c456c;/Sites/archivio-commerciale/documentLibrary/MIGRAZIONE/2023/5614001-5615000/5614640_2023;GROUP_site_archivio-commerciale_SiteCollaborator;cmis:read
eb51a940-e29f-4e51-8e95-8cc26a4c456c;/Sites/archivio-commerciale/documentLibrary/MIGRAZIONE/2023/5614001-5615000/5614640_2023;GROUP_site_archivio-commerciale_SiteCollaborator;cmis:write
4715fe08-c607-4243-8da8-7d921ca43f06;/Sites/archivio-commerciale/documentLibrary/MIGRAZIONE/2023/5614001-5615000/5614065_2023;GROUP_EVERYONE;cmis:read
4715fe08-c607-4243-8da8-7d921ca43f06;/Sites/archivio-commerciale/documentLibrary/MIGRAZIONE/2023/5614001-5615000/5614065_2023;GROUP_site_archivio-commerciale_SiteConsumer;cmis:read
4715fe08-c607-4243-8da8-7d921ca43f06;/Sites/archivio-commerciale/documentLibrary/MIGRAZIONE/2023/5614001-5615000/5614065_2023;GROUP_site_archivio-commerciale_SiteManager;cmis:all
4715fe08-c607-4243-8da8-7d921ca43f06;/Sites/archivio-commerciale/documentLibrary/MIGRAZIONE/2023/5614001-5615000/5614065_2023;GROUP_site_archivio-commerciale_SiteManager;cmis:read
4715fe08-c607-4243-8da8-7d921ca43f06;/Sites/archivio-commerciale/documentLibrary/MIGRAZIONE/2023/5614001-5615000/5614065_2023;GROUP_site_archivio-commerciale_SiteManager;cmis:write
4715fe08-c607-4243-8da8-7d921ca43f06;/Sites/archivio-commerciale/documentLibrary/MIGRAZIONE/2023/5614001-5615000/5614065_2023;GROUP_site_archivio-commerciale_SiteContributor;cmis:read
4715fe08-c607-4243-8da8-7d921ca43f06;/Sites/archivio-commerciale/documentLibrary/MIGRAZIONE/2023/5614001-5615000/5614065_2023;GROUP_site_archivio-commerciale_SiteCollaborator;cmis:read
4715fe08-c607-4243-8da8-7d921ca43f06;/Sites/archivio-commerciale/documentLibrary/MIGRAZIONE/2023/5614001-5615000/5614065_2023;GROUP_site_archivio-commerciale_SiteCollaborator;cmis:write
fa52d334-917e-4acc-bb3b-755a8b1b562f;/Sites/archivio-commerciale/documentLibrary/MIGRAZIONE/2023/5614001-5615000/5614433_2023;GROUP_EVERYONE;cmis:read
fa52d334-917e-4acc-bb3b-755a8b1b562f;/Sites/archivio-commerciale/documentLibrary/MIGRAZIONE/2023/5614001-5615000/5614433_2023;GROUP_site_archivio-commerciale_SiteConsumer;cmis:read
fa52d334-917e-4acc-bb3b-755a8b1b562f;/Sites/archivio-commerciale/documentLibrary/MIGRAZIONE/2023/5614001-5615000/5614433_2023;GROUP_site_archivio-commerciale_SiteManager;cmis:all
fa52d334-917e-4acc-bb3b-755a8b1b562f;/Sites/archivio-commerciale/documentLibrary/MIGRAZIONE/2023/5614001-5615000/5614433_2023;GROUP_site_archivio-commerciale_SiteManager;cmis:read
fa52d334-917e-4acc-bb3b-755a8b1b562f;/Sites/archivio-commerciale/documentLibrary/MIGRAZIONE/2023/5614001-5615000/5614433_2023;GROUP_site_archivio-commerciale_SiteManager;cmis:write
fa52d334-917e-4acc-bb3b-755a8b1b562f;/Sites/archivio-commerciale/documentLibrary/MIGRAZIONE/2023/5614001-5615000/5614433_2023;GROUP_site_archivio-commerciale_SiteContributor;cmis:read
fa52d334-917e-4acc-bb3b-755a8b1b562f;/Sites/archivio-commerciale/documentLibrary/MIGRAZIONE/2023/5614001-5615000/5614433_2023;GROUP_site_archivio-commerciale_SiteCollaborator;cmis:read
fa52d334-917e-4acc-bb3b-755a8b1b562f;/Sites/archivio-commerciale/documentLibrary/MIGRAZIONE/2023/5614001-5615000/5614433_2023;GROUP_site_archivio-commerciale_SiteCollaborator;cmis:write
f7d8687f-92ea-46d8-ba57-701e61e89e0f;/Sites/archivio-commerciale/documentLibrary/MIGRAZIONE/2023/5614001-5615000/5614528_2023;GROUP_EVERYONE;cmis:read
f7d8687f-92ea-46d8-ba57-701e61e89e0f;/Sites/archivio-commerciale/documentLibrary/MIGRAZIONE/2023/5614001-5615000/5614528_2023;GROUP_site_archivio-commerciale_SiteConsumer;cmis:read
f7d8687f-92ea-46d8-ba57-701e61e89e0f;/Sites/archivio-commerciale/documentLibrary/MIGRAZIONE/2023/5614001-5615000/5614528_2023;GROUP_site_archivio-commerciale_SiteManager;cmis:all
f7d8687f-92ea-46d8-ba57-701e61e89e0f;/Sites/archivio-commerciale/documentLibrary/MIGRAZIONE/2023/5614001-5615000/5614528_2023;GROUP_site_archivio-commerciale_SiteManager;cmis:read
f7d8687f-92ea-46d8-ba57-701e61e89e0f;/Sites/archivio-commerciale/documentLibrary/MIGRAZIONE/2023/5614001-5615000/5614528_2023;GROUP_site_archivio-commerciale_SiteManager;cmis:write
f7d8687f-92ea-46d8-ba57-701e61e89e0f;/Sites/archivio-commerciale/documentLibrary/MIGRAZIONE/2023/5614001-5615000/5614528_2023;GROUP_site_archivio-commerciale_SiteContributor;cmis:read
f7d8687f-92ea-46d8-ba57-701e61e89e0f;/Sites/archivio-commerciale/documentLibrary/MIGRAZIONE/2023/5614001-5615000/5614528_2023;GROUP_site_archivio-commerciale_SiteCollaborator;cmis:read
f7d8687f-92ea-46d8-ba57-701e61e89e0f;/Sites/archivio-commerciale/documentLibrary/MIGRAZIONE/2023/5614001-5615000/5614528_2023;GROUP_site_archivio-commerciale_SiteCollaborator;cmis:write
a721d3ad-269a-49bf-8983-cb153dcbdfef;/Sites/archivio-commerciale/documentLibrary/MIGRAZIONE/2023/5614001-5615000/5614937_2023;GROUP_EVERYONE;cmis:read
a721d3ad-269a-49bf-8983-cb153dcbdfef;/Sites/archivio-commerciale/documentLibrary/MIGRAZIONE/2023/5614001-5615000/5614937_2023;GROUP_site_archivio-commerciale_SiteConsumer;cmis:read
a721d3ad-269a-49bf-8983-cb153dcbdfef;/Sites/archivio-commerciale/documentLibrary/MIGRAZIONE/2023/5614001-5615000/5614937_2023;GROUP_site_archivio-commerciale_SiteManager;cmis:all
a721d3ad-269a-49bf-8983-cb153dcbdfef;/Sites/archivio-commerciale/documentLibrary/MIGRAZIONE/2023/5614001-5615000/5614937_2023;GROUP_site_archivio-commerciale_SiteManager;cmis:read
a721d3ad-269a-49bf-8983-cb153dcbdfef;/Sites/archivio-commerciale/documentLibrary/MIGRAZIONE/2023/5614001-5615000/5614937_2023;GROUP_site_archivio-commerciale_SiteManager;cmis:write
a721d3ad-269a-49bf-8983-cb153dcbdfef;/Sites/archivio-commerciale/documentLibrary/MIGRAZIONE/2023/5614001-5615000/5614937_2023;GROUP_site_archivio-commerciale_SiteContributor;cmis:read
a721d3ad-269a-49bf-8983-cb153dcbdfef;/Sites/archivio-commerciale/documentLibrary/MIGRAZIONE/2023/5614001-5615000/5614937_2023;GROUP_site_archivio-commerciale_SiteCollaborator;cmis:read
a721d3ad-269a-49bf-8983-cb153dcbdfef;/Sites/archivio-commerciale/documentLibrary/MIGRAZIONE/2023/5614001-5615000/5614937_2023;GROUP_site_archivio-commerciale_SiteCollaborator;cmis:write
79670db4-2a55-4b45-9362-5a50af650db9;/Sites/archivio-commerciale/documentLibrary/MIGRAZIONE/2023/5614001-5615000/5614080_2023;GROUP_EVERYONE;cmis:read
79670db4-2a55-4b45-9362-5a50af650db9;/Sites/archivio-commerciale/documentLibrary/MIGRAZIONE/2023/5614001-5615000/5614080_2023;GROUP_site_archivio-commerciale_SiteConsumer;cmis:read
79670db4-2a55-4b45-9362-5a50af650db9;/Sites/archivio-commerciale/documentLibrary/MIGRAZIONE/2023/5614001-5615000/5614080_2023;GROUP_site_archivio-commerciale_SiteManager;cmis:all
79670db4-2a55-4b45-9362-5a50af650db9;/Sites/archivio-commerciale/documentLibrary/MIGRAZIONE/2023/5614001-5615000/5614080_2023;GROUP_site_archivio-commerciale_SiteManager;cmis:read
79670db4-2a55-4b45-9362-5a50af650db9;/Sites/archivio-commerciale/documentLibrary/MIGRAZIONE/2023/5614001-5615000/5614080_2023;GROUP_site_archivio-commerciale_SiteManager;cmis:write
79670db4-2a55-4b45-9362-5a50af650db9;/Sites/archivio-commerciale/documentLibrary/MIGRAZIONE/2023/5614001-5615000/5614080_2023;GROUP_site_archivio-commerciale_SiteContributor;cmis:read
79670db4-2a55-4b45-9362-5a50af650db9;/Sites/archivio-commerciale/documentLibrary/MIGRAZIONE/2023/5614001-5615000/5614080_2023;GROUP_site_archivio-commerciale_SiteCollaborator;cmis:read
79670db4-2a55-4b45-9362-5a50af650db9;/Sites/archivio-commerciale/documentLibrary/MIGRAZIONE/2023/5614001-5615000/5614080_2023;GROUP_site_archivio-commerciale_SiteCollaborator;cmis:write
c28b2bec-10bc-45f8-8fb5-35614feccb88;/Sites/archivio-commerciale/documentLibrary/MIGRAZIONE/2023/5614001-5615000/5614484_2023;GROUP_EVERYONE;cmis:read
c28b2bec-10bc-45f8-8fb5-35614feccb88;/Sites/archivio-commerciale/documentLibrary/MIGRAZIONE/2023/5614001-5615000/5614484_2023;GROUP_site_archivio-commerciale_SiteConsumer;cmis:read
c28b2bec-10bc-45f8-8fb5-35614feccb88;/Sites/archivio-commerciale/documentLibrary/MIGRAZIONE/2023/5614001-5615000/5614484_2023;GROUP_site_archivio-commerciale_SiteManager;cmis:all
c28b2bec-10bc-45f8-8fb5-35614feccb88;/Sites/archivio-commerciale/documentLibrary/MIGRAZIONE/2023/5614001-5615000/5614484_2023;GROUP_site_archivio-commerciale_SiteManager;cmis:read
c28b2bec-10bc-45f8-8fb5-35614feccb88;/Sites/archivio-commerciale/documentLibrary/MIGRAZIONE/2023/5614001-5615000/5614484_2023;GROUP_site_archivio-commerciale_SiteManager;cmis:write
c28b2bec-10bc-45f8-8fb5-35614feccb88;/Sites/archivio-commerciale/documentLibrary/MIGRAZIONE/2023/5614001-5615000/5614484_2023;GROUP_site_archivio-commerciale_SiteContributor;cmis:read
c28b2bec-10bc-45f8-8fb5-35614feccb88;/Sites/archivio-commerciale/documentLibrary/MIGRAZIONE/2023/5614001-5615000/5614484_2023;GROUP_site_archivio-commerciale_SiteCollaborator;cmis:read
c28b2bec-10bc-45f8-8fb5-35614feccb88;/Sites/archivio-commerciale/documentLibrary/MIGRAZIONE/2023/5614001-5615000/5614484_2023;GROUP_site_archivio-commerciale_SiteCollaborator;cmis:write
ef58db0d-c49f-4b80-84b9-c631e4d8d058;/Sites/archivio-commerciale/documentLibrary/MIGRAZIONE/2023/5614001-5615000/5614965_2023;GROUP_EVERYONE;cmis:read
ef58db0d-c49f-4b80-84b9-c631e4d8d058;/Sites/archivio-commerciale/documentLibrary/MIGRAZIONE/2023/5614001-5615000/5614965_2023;GROUP_site_archivio-commerciale_SiteConsumer;cmis:read
ef58db0d-c49f-4b80-84b9-c631e4d8d058;/Sites/archivio-commerciale/documentLibrary/MIGRAZIONE/2023/5614001-5615000/5614965_2023;GROUP_site_archivio-commerciale_SiteManager;cmis:all
ef58db0d-c49f-4b80-84b9-c631e4d8d058;/Sites/archivio-commerciale/documentLibrary/MIGRAZIONE/2023/5614001-5615000/5614965_2023;GROUP_site_archivio-commerciale_SiteManager;cmis:read
ef58db0d-c49f-4b80-84b9-c631e4d8d058;/Sites/archivio-commerciale/documentLibrary/MIGRAZIONE/2023/5614001-5615000/5614965_2023;GROUP_site_archivio-commerciale_SiteManager;cmis:write
ef58db0d-c49f-4b80-84b9-c631e4d8d058;/Sites/archivio-commerciale/documentLibrary/MIGRAZIONE/2023/5614001-5615000/5614965_2023;GROUP_site_archivio-commerciale_SiteContributor;cmis:read
ef58db0d-c49f-4b80-84b9-c631e4d8d058;/Sites/archivio-commerciale/documentLibrary/MIGRAZIONE/2023/5614001-5615000/5614965_2023;GROUP_site_archivio-commerciale_SiteCollaborator;cmis:read
ef58db0d-c49f-4b80-84b9-c631e4d8d058;/Sites/archivio-commerciale/documentLibrary/MIGRAZIONE/2023/5614001-5615000/5614965_2023;GROUP_site_archivio-commerciale_SiteCollaborator;cmis:write
f6f69ad7-38d2-4086-abd6-93cfb8f817c2;/Sites/archivio-commerciale/documentLibrary/MIGRAZIONE/2023/5614001-5615000/5614980_2023;GROUP_EVERYONE;cmis:read
f6f69ad7-38d2-4086-abd6-93cfb8f817c2;/Sites/archivio-commerciale/documentLibrary/MIGRAZIONE/2023/5614001-5615000/5614980_2023;GROUP_site_archivio-commerciale_SiteConsumer;cmis:read
f6f69ad7-38d2-4086-abd6-93cfb8f817c2;/Sites/archivio-commerciale/documentLibrary/MIGRAZIONE/2023/5614001-5615000/5614980_2023;GROUP_site_archivio-commerciale_SiteManager;cmis:all
f6f69ad7-38d2-4086-abd6-93cfb8f817c2;/Sites/archivio-commerciale/documentLibrary/MIGRAZIONE/2023/5614001-5615000/5614980_2023;GROUP_site_archivio-commerciale_SiteManager;cmis:read
f6f69ad7-38d2-4086-abd6-93cfb8f817c2;/Sites/archivio-commerciale/documentLibrary/MIGRAZIONE/2023/5614001-5615000/5614980_2023;GROUP_site_archivio-commerciale_SiteManager;cmis:write
f6f69ad7-38d2-4086-abd6-93cfb8f817c2;/Sites/archivio-commerciale/documentLibrary/MIGRAZIONE/2023/5614001-5615000/5614980_2023;GROUP_site_archivio-commerciale_SiteContributor;cmis:read
f6f69ad7-38d2-4086-abd6-93cfb8f817c2;/Sites/archivio-commerciale/documentLibrary/MIGRAZIONE/2023/5614001-5615000/5614980_2023;GROUP_site_archivio-commerciale_SiteCollaborator;cmis:read
f6f69ad7-38d2-4086-abd6-93cfb8f817c2;/Sites/archivio-commerciale/documentLibrary/MIGRAZIONE/2023/5614001-5615000/5614980_2023;GROUP_site_archivio-commerciale_SiteCollaborator;cmis:write
e991fba6-b78c-450d-8d4f-d4328fffe73a;/Sites/archivio-commerciale/documentLibrary/MIGRAZIONE/2023/5614001-5615000/5614461_2023;GROUP_EVERYONE;cmis:read
e991fba6-b78c-450d-8d4f-d4328fffe73a;/Sites/archivio-commerciale/documentLibrary/MIGRAZIONE/2023/5614001-5615000/5614461_2023;GROUP_site_archivio-commerciale_SiteConsumer;cmis:read
e991fba6-b78c-450d-8d4f-d4328fffe73a;/Sites/archivio-commerciale/documentLibrary/MIGRAZIONE/2023/5614001-5615000/5614461_2023;GROUP_site_archivio-commerciale_SiteManager;cmis:all
e991fba6-b78c-450d-8d4f-d4328fffe73a;/Sites/archivio-commerciale/documentLibrary/MIGRAZIONE/2023/5614001-5615000/5614461_2023;GROUP_site_archivio-commerciale_SiteManager;cmis:read
e991fba6-b78c-450d-8d4f-d4328fffe73a;/Sites/archivio-commerciale/documentLibrary/MIGRAZIONE/2023/5614001-5615000/5614461_2023;GROUP_site_archivio-commerciale_SiteManager;cmis:write
e991fba6-b78c-450d-8d4f-d4328fffe73a;/Sites/archivio-commerciale/documentLibrary/MIGRAZIONE/2023/5614001-5615000/5614461_2023;GROUP_site_archivio-commerciale_SiteContributor;cmis:read
e991fba6-b78c-450d-8d4f-d4328fffe73a;/Sites/archivio-commerciale/documentLibrary/MIGRAZIONE/2023/5614001-5615000/5614461_2023;GROUP_site_archivio-commerciale_SiteCollaborator;cmis:read
e991fba6-b78c-450d-8d4f-d4328fffe73a;/Sites/archivio-commerciale/documentLibrary/MIGRAZIONE/2023/5614001-5615000/5614461_2023;GROUP_site_archivio-commerciale_SiteCollaborator;cmis:write
5399bad8-f927-4f28-8819-62a77aeca67e;/Sites/archivio-commerciale/documentLibrary/MIGRAZIONE/2023/5614001-5615000/5614037_2023;GROUP_EVERYONE;cmis:read
5399bad8-f927-4f28-8819-62a77aeca67e;/Sites/archivio-commerciale/documentLibrary/MIGRAZIONE/2023/5614001-5615000/5614037_2023;GROUP_site_archivio-commerciale_SiteConsumer;cmis:read
5399bad8-f927-4f28-8819-62a77aeca67e;/Sites/archivio-commerciale/documentLibrary/MIGRAZIONE/2023/5614001-5615000/5614037_2023;GROUP_site_archivio-commerciale_SiteManager;cmis:all
5399bad8-f927-4f28-8819-62a77aeca67e;/Sites/archivio-commerciale/documentLibrary/MIGRAZIONE/2023/5614001-5615000/5614037_2023;GROUP_site_archivio-commerciale_SiteManager;cmis:read
5399bad8-f927-4f28-8819-62a77aeca67e;/Sites/archivio-commerciale/documentLibrary/MIGRAZIONE/2023/5614001-5615000/5614037_2023;GROUP_site_archivio-commerciale_SiteManager;cmis:write
5399bad8-f927-4f28-8819-62a77aeca67e;/Sites/archivio-commerciale/documentLibrary/MIGRAZIONE/2023/5614001-5615000/5614037_2023;GROUP_site_archivio-commerciale_SiteContributor;cmis:read
5399bad8-f927-4f28-8819-62a77aeca67e;/Sites/archivio-commerciale/documentLibrary/MIGRAZIONE/2023/5614001-5615000/5614037_2023;GROUP_site_archivio-commerciale_SiteCollaborator;cmis:read
5399bad8-f927-4f28-8819-62a77aeca67e;/Sites/archivio-commerciale/documentLibrary/MIGRAZIONE/2023/5614001-5615000/5614037_2023;GROUP_site_archivio-commerciale_SiteCollaborator;cmis:write
18b31b29-3755-4fab-8acc-b8f9acda329d;/Sites/archivio-commerciale/documentLibrary/MIGRAZIONE/2023/5614001-5615000/5614612_2023;GROUP_EVERYONE;cmis:read
18b31b29-3755-4fab-8acc-b8f9acda329d;/Sites/archivio-commerciale/documentLibrary/MIGRAZIONE/2023/5614001-5615000/5614612_2023;GROUP_site_archivio-commerciale_SiteConsumer;cmis:read
18b31b29-3755-4fab-8acc-b8f9acda329d;/Sites/archivio-commerciale/documentLibrary/MIGRAZIONE/2023/5614001-5615000/5614612_2023;GROUP_site_archivio-commerciale_SiteManager;cmis:all
18b31b29-3755-4fab-8acc-b8f9acda329d;/Sites/archivio-commerciale/documentLibrary/MIGRAZIONE/2023/5614001-5615000/5614612_2023;GROUP_site_archivio-commerciale_SiteManager;cmis:read
18b31b29-3755-4fab-8acc-b8f9acda329d;/Sites/archivio-commerciale/documentLibrary/MIGRAZIONE/2023/5614001-5615000/5614612_2023;GROUP_site_archivio-commerciale_SiteManager;cmis:write
18b31b29-3755-4fab-8acc-b8f9acda329d;/Sites/archivio-commerciale/documentLibrary/MIGRAZIONE/2023/5614001-5615000/5614612_2023;GROUP_site_archivio-commerciale_SiteContributor;cmis:read
18b31b29-3755-4fab-8acc-b8f9acda329d;/Sites/archivio-commerciale/documentLibrary/MIGRAZIONE/2023/5614001-5615000/5614612_2023;GROUP_site_archivio-commerciale_SiteCollaborator;cmis:read
18b31b29-3755-4fab-8acc-b8f9acda329d;/Sites/archivio-commerciale/documentLibrary/MIGRAZIONE/2023/5614001-5615000/5614612_2023;GROUP_site_archivio-commerciale_SiteCollaborator;cmis:write
0d62ee45-7169-4065-9ca6-4d500075df6d;/Sites/archivio-commerciale/documentLibrary/MIGRAZIONE/2023/5614001-5615000/5614709_2023;GROUP_EVERYONE;cmis:read
0d62ee45-7169-4065-9ca6-4d500075df6d;/Sites/archivio-commerciale/documentLibrary/MIGRAZIONE/2023/5614001-5615000/5614709_2023;GROUP_site_archivio-commerciale_SiteConsumer;cmis:read
0d62ee45-7169-4065-9ca6-4d500075df6d;/Sites/archivio-commerciale/documentLibrary/MIGRAZIONE/2023/5614001-5615000/5614709_2023;GROUP_site_archivio-commerciale_SiteManager;cmis:all
0d62ee45-7169-4065-9ca6-4d500075df6d;/Sites/archivio-commerciale/documentLibrary/MIGRAZIONE/2023/5614001-5615000/5614709_2023;GROUP_site_archivio-commerciale_SiteManager;cmis:read
0d62ee45-7169-4065-9ca6-4d500075df6d;/Sites/archivio-commerciale/documentLibrary/MIGRAZIONE/2023/5614001-5615000/5614709_2023;GROUP_site_archivio-commerciale_SiteManager;cmis:write
0d62ee45-7169-4065-9ca6-4d500075df6d;/Sites/archivio-commerciale/documentLibrary/MIGRAZIONE/2023/5614001-5615000/5614709_2023;GROUP_site_archivio-commerciale_SiteContributor;cmis:read
0d62ee45-7169-4065-9ca6-4d500075df6d;/Sites/archivio-commerciale/documentLibrary/MIGRAZIONE/2023/5614001-5615000/5614709_2023;GROUP_site_archivio-commerciale_SiteCollaborator;cmis:read
0d62ee45-7169-4065-9ca6-4d500075df6d;/Sites/archivio-commerciale/documentLibrary/MIGRAZIONE/2023/5614001-5615000/5614709_2023;GROUP_site_archivio-commerciale_SiteCollaborator;cmis:write
98a8dc94-5760-4b49-a16b-a5807f7d904d;/Sites/archivio-commerciale/documentLibrary/MIGRAZIONE/2023/5614001-5615000/5614244_2023;GROUP_EVERYONE;cmis:read
98a8dc94-5760-4b49-a16b-a5807f7d904d;/Sites/archivio-commerciale/documentLibrary/MIGRAZIONE/2023/5614001-5615000/5614244_2023;GROUP_site_archivio-commerciale_SiteConsumer;cmis:read
98a8dc94-5760-4b49-a16b-a5807f7d904d;/Sites/archivio-commerciale/documentLibrary/MIGRAZIONE/2023/5614001-5615000/5614244_2023;GROUP_site_archivio-commerciale_SiteManager;cmis:all
98a8dc94-5760-4b49-a16b-a5807f7d904d;/Sites/archivio-commerciale/documentLibrary/MIGRAZIONE/2023/5614001-5615000/5614244_2023;GROUP_site_archivio-commerciale_SiteManager;cmis:read
98a8dc94-5760-4b49-a16b-a5807f7d904d;/Sites/archivio-commerciale/documentLibrary/MIGRAZIONE/2023/5614001-5615000/5614244_2023;GROUP_site_archivio-commerciale_SiteManager;cmis:write
98a8dc94-5760-4b49-a16b-a5807f7d904d;/Sites/archivio-commerciale/documentLibrary/MIGRAZIONE/2023/5614001-5615000/5614244_2023;GROUP_site_archivio-commerciale_SiteContributor;cmis:read
98a8dc94-5760-4b49-a16b-a5807f7d904d;/Sites/archivio-commerciale/documentLibrary/MIGRAZIONE/2023/5614001-5615000/5614244_2023;GROUP_site_archivio-commerciale_SiteCollaborator;cmis:read
98a8dc94-5760-4b49-a16b-a5807f7d904d;/Sites/archivio-commerciale/documentLibrary/MIGRAZIONE/2023/5614001-5615000/5614244_2023;GROUP_site_archivio-commerciale_SiteCollaborator;cmis:write
a4a3ec2c-2ef9-45c6-a25a-8f3989b282d4;/Sites/archivio-commerciale/documentLibrary/MIGRAZIONE/2023/5614001-5615000/5614062_2023;GROUP_EVERYONE;cmis:read
a4a3ec2c-2ef9-45c6-a25a-8f3989b282d4;/Sites/archivio-commerciale/documentLibrary/MIGRAZIONE/2023/5614001-5615000/5614062_2023;GROUP_site_archivio-commerciale_SiteConsumer;cmis:read
a4a3ec2c-2ef9-45c6-a25a-8f3989b282d4;/Sites/archivio-commerciale/documentLibrary/MIGRAZIONE/2023/5614001-5615000/5614062_2023;GROUP_site_archivio-commerciale_SiteManager;cmis:all
a4a3ec2c-2ef9-45c6-a25a-8f3989b282d4;/Sites/archivio-commerciale/documentLibrary/MIGRAZIONE/2023/5614001-5615000/5614062_2023;GROUP_site_archivio-commerciale_SiteManager;cmis:read
a4a3ec2c-2ef9-45c6-a25a-8f3989b282d4;/Sites/archivio-commerciale/documentLibrary/MIGRAZIONE/2023/5614001-5615000/5614062_2023;GROUP_site_archivio-commerciale_SiteManager;cmis:write
a4a3ec2c-2ef9-45c6-a25a-8f3989b282d4;/Sites/archivio-commerciale/documentLibrary/MIGRAZIONE/2023/5614001-5615000/5614062_2023;GROUP_site_archivio-commerciale_SiteContributor;cmis:read
a4a3ec2c-2ef9-45c6-a25a-8f3989b282d4;/Sites/archivio-commerciale/documentLibrary/MIGRAZIONE/2023/5614001-5615000/5614062_2023;GROUP_site_archivio-commerciale_SiteCollaborator;cmis:read
a4a3ec2c-2ef9-45c6-a25a-8f3989b282d4;/Sites/archivio-commerciale/documentLibrary/MIGRAZIONE/2023/5614001-5615000/5614062_2023;GROUP_site_archivio-commerciale_SiteCollaborator;cmis:write
e0312205-5621-4ae1-8f5d-6de4c91fe31f;/Sites/archivio-commerciale/documentLibrary/MIGRAZIONE/2023/5614001-5615000/5614179_2023;GROUP_EVERYONE;cmis:read
e0312205-5621-4ae1-8f5d-6de4c91fe31f;/Sites/archivio-commerciale/documentLibrary/MIGRAZIONE/2023/5614001-5615000/5614179_2023;GROUP_site_archivio-commerciale_SiteConsumer;cmis:read
e0312205-5621-4ae1-8f5d-6de4c91fe31f;/Sites/archivio-commerciale/documentLibrary/MIGRAZIONE/2023/5614001-5615000/5614179_2023;GROUP_site_archivio-commerciale_SiteManager;cmis:all
e0312205-5621-4ae1-8f5d-6de4c91fe31f;/Sites/archivio-commerciale/documentLibrary/MIGRAZIONE/2023/5614001-5615000/5614179_2023;GROUP_site_archivio-commerciale_SiteManager;cmis:read
e0312205-5621-4ae1-8f5d-6de4c91fe31f;/Sites/archivio-commerciale/documentLibrary/MIGRAZIONE/2023/5614001-5615000/5614179_2023;GROUP_site_archivio-commerciale_SiteManager;cmis:write
e0312205-5621-4ae1-8f5d-6de4c91fe31f;/Sites/archivio-commerciale/documentLibrary/MIGRAZIONE/2023/5614001-5615000/5614179_2023;GROUP_site_archivio-commerciale_SiteContributor;cmis:read
e0312205-5621-4ae1-8f5d-6de4c91fe31f;/Sites/archivio-commerciale/documentLibrary/MIGRAZIONE/2023/5614001-5615000/5614179_2023;GROUP_site_archivio-commerciale_SiteCollaborator;cmis:read
e0312205-5621-4ae1-8f5d-6de4c91fe31f;/Sites/archivio-commerciale/documentLibrary/MIGRAZIONE/2023/5614001-5615000/5614179_2023;GROUP_site_archivio-commerciale_SiteCollaborator;cmis:write
2dc8cb06-f04c-4963-b362-e43b8a725215;/Sites/archivio-commerciale/documentLibrary/MIGRAZIONE/2023/5614001-5615000/5614434_2023;GROUP_EVERYONE;cmis:read
2dc8cb06-f04c-4963-b362-e43b8a725215;/Sites/archivio-commerciale/documentLibrary/MIGRAZIONE/2023/5614001-5615000/5614434_2023;GROUP_site_archivio-commerciale_SiteConsumer;cmis:read
2dc8cb06-f04c-4963-b362-e43b8a725215;/Sites/archivio-commerciale/documentLibrary/MIGRAZIONE/2023/5614001-5615000/5614434_2023;GROUP_site_archivio-commerciale_SiteManager;cmis:all
2dc8cb06-f04c-4963-b362-e43b8a725215;/Sites/archivio-commerciale/documentLibrary/MIGRAZIONE/2023/5614001-5615000/5614434_2023;GROUP_site_archivio-commerciale_SiteManager;cmis:read
2dc8cb06-f04c-4963-b362-e43b8a725215;/Sites/archivio-commerciale/documentLibrary/MIGRAZIONE/2023/5614001-5615000/5614434_2023;GROUP_site_archivio-commerciale_SiteManager;cmis:write
2dc8cb06-f04c-4963-b362-e43b8a725215;/Sites/archivio-commerciale/documentLibrary/MIGRAZIONE/2023/5614001-5615000/5614434_2023;GROUP_site_archivio-commerciale_SiteContributor;cmis:read
2dc8cb06-f04c-4963-b362-e43b8a725215;/Sites/archivio-commerciale/documentLibrary/MIGRAZIONE/2023/5614001-5615000/5614434_2023;GROUP_site_archivio-commerciale_SiteCollaborator;cmis:read
2dc8cb06-f04c-4963-b362-e43b8a725215;/Sites/archivio-commerciale/documentLibrary/MIGRAZIONE/2023/5614001-5615000/5614434_2023;GROUP_site_archivio-commerciale_SiteCollaborator;cmis:write
9290b338-a1ce-4112-8633-aa021ad66ad1;/Sites/archivio-commerciale/documentLibrary/MIGRAZIONE/2023/5614001-5615000/5614930_2023;GROUP_EVERYONE;cmis:read
9290b338-a1ce-4112-8633-aa021ad66ad1;/Sites/archivio-commerciale/documentLibrary/MIGRAZIONE/2023/5614001-5615000/5614930_2023;GROUP_site_archivio-commerciale_SiteConsumer;cmis:read
9290b338-a1ce-4112-8633-aa021ad66ad1;/Sites/archivio-commerciale/documentLibrary/MIGRAZIONE/2023/5614001-5615000/5614930_2023;GROUP_site_archivio-commerciale_SiteManager;cmis:all
9290b338-a1ce-4112-8633-aa021ad66ad1;/Sites/archivio-commerciale/documentLibrary/MIGRAZIONE/2023/5614001-5615000/5614930_2023;GROUP_site_archivio-commerciale_SiteManager;cmis:read
9290b338-a1ce-4112-8633-aa021ad66ad1;/Sites/archivio-commerciale/documentLibrary/MIGRAZIONE/2023/5614001-5615000/5614930_2023;GROUP_site_archivio-commerciale_SiteManager;cmis:write
9290b338-a1ce-4112-8633-aa021ad66ad1;/Sites/archivio-commerciale/documentLibrary/MIGRAZIONE/2023/5614001-5615000/5614930_2023;GROUP_site_archivio-commerciale_SiteContributor;cmis:read
9290b338-a1ce-4112-8633-aa021ad66ad1;/Sites/archivio-commerciale/documentLibrary/MIGRAZIONE/2023/5614001-5615000/5614930_2023;GROUP_site_archivio-commerciale_SiteCollaborator;cmis:read
9290b338-a1ce-4112-8633-aa021ad66ad1;/Sites/archivio-commerciale/documentLibrary/MIGRAZIONE/2023/5614001-5615000/5614930_2023;GROUP_site_archivio-commerciale_SiteCollaborator;cmis:write
91c42316-dd9e-4bd3-8815-c6b404d252d1;/Sites/archivio-commerciale/documentLibrary/MIGRAZIONE/2023/5614001-5615000/5614087_2023;GROUP_EVERYONE;cmis:read
91c42316-dd9e-4bd3-8815-c6b404d252d1;/Sites/archivio-commerciale/documentLibrary/MIGRAZIONE/2023/5614001-5615000/5614087_2023;GROUP_site_archivio-commerciale_SiteConsumer;cmis:read
91c42316-dd9e-4bd3-8815-c6b404d252d1;/Sites/archivio-commerciale/documentLibrary/MIGRAZIONE/2023/5614001-5615000/5614087_2023;GROUP_site_archivio-commerciale_SiteManager;cmis:all
91c42316-dd9e-4bd3-8815-c6b404d252d1;/Sites/archivio-commerciale/documentLibrary/MIGRAZIONE/2023/5614001-5615000/5614087_2023;GROUP_site_archivio-commerciale_SiteManager;cmis:read
91c42316-dd9e-4bd3-8815-c6b404d252d1;/Sites/archivio-commerciale/documentLibrary/MIGRAZIONE/2023/5614001-5615000/5614087_2023;GROUP_site_archivio-commerciale_SiteManager;cmis:write
91c42316-dd9e-4bd3-8815-c6b404d252d1;/Sites/archivio-commerciale/documentLibrary/MIGRAZIONE/2023/5614001-5615000/5614087_2023;GROUP_site_archivio-commerciale_SiteContributor;cmis:read
91c42316-dd9e-4bd3-8815-c6b404d252d1;/Sites/archivio-commerciale/documentLibrary/MIGRAZIONE/2023/5614001-5615000/5614087_2023;GROUP_site_archivio-commerciale_SiteCollaborator;cmis:read
91c42316-dd9e-4bd3-8815-c6b404d252d1;/Sites/archivio-commerciale/documentLibrary/MIGRAZIONE/2023/5614001-5615000/5614087_2023;GROUP_site_archivio-commerciale_SiteCollaborator;cmis:write
e294ffcf-5e7c-49b1-9de1-768d2e022600;/Sites/archivio-commerciale/documentLibrary/MIGRAZIONE/2023/5614001-5615000/5614211_2023;GROUP_EVERYONE;cmis:read
e294ffcf-5e7c-49b1-9de1-768d2e022600;/Sites/archivio-commerciale/documentLibrary/MIGRAZIONE/2023/5614001-5615000/5614211_2023;GROUP_site_archivio-commerciale_SiteConsumer;cmis:read
e294ffcf-5e7c-49b1-9de1-768d2e022600;/Sites/archivio-commerciale/documentLibrary/MIGRAZIONE/2023/5614001-5615000/5614211_2023;GROUP_site_archivio-commerciale_SiteManager;cmis:all
e294ffcf-5e7c-49b1-9de1-768d2e022600;/Sites/archivio-commerciale/documentLibrary/MIGRAZIONE/2023/5614001-5615000/5614211_2023;GROUP_site_archivio-commerciale_SiteManager;cmis:read
e294ffcf-5e7c-49b1-9de1-768d2e022600;/Sites/archivio-commerciale/documentLibrary/MIGRAZIONE/2023/5614001-5615000/5614211_2023;GROUP_site_archivio-commerciale_SiteManager;cmis:write
e294ffcf-5e7c-49b1-9de1-768d2e022600;/Sites/archivio-commerciale/documentLibrary/MIGRAZIONE/2023/5614001-5615000/5614211_2023;GROUP_site_archivio-commerciale_SiteContributor;cmis:read
e294ffcf-5e7c-49b1-9de1-768d2e022600;/Sites/archivio-commerciale/documentLibrary/MIGRAZIONE/2023/5614001-5615000/5614211_2023;GROUP_site_archivio-commerciale_SiteCollaborator;cmis:read
e294ffcf-5e7c-49b1-9de1-768d2e022600;/Sites/archivio-commerciale/documentLibrary/MIGRAZIONE/2023/5614001-5615000/5614211_2023;GROUP_site_archivio-commerciale_SiteCollaborator;cmis:write
a680ffe2-6e29-4315-9f04-f59345dc46db;/Sites/archivio-commerciale/documentLibrary/MIGRAZIONE/2023/5614001-5615000/5614647_2023;GROUP_EVERYONE;cmis:read
a680ffe2-6e29-4315-9f04-f59345dc46db;/Sites/archivio-commerciale/documentLibrary/MIGRAZIONE/2023/5614001-5615000/5614647_2023;GROUP_site_archivio-commerciale_SiteConsumer;cmis:read
a680ffe2-6e29-4315-9f04-f59345dc46db;/Sites/archivio-commerciale/documentLibrary/MIGRAZIONE/2023/5614001-5615000/5614647_2023;GROUP_site_archivio-commerciale_SiteManager;cmis:all
a680ffe2-6e29-4315-9f04-f59345dc46db;/Sites/archivio-commerciale/documentLibrary/MIGRAZIONE/2023/5614001-5615000/5614647_2023;GROUP_site_archivio-commerciale_SiteManager;cmis:read
a680ffe2-6e29-4315-9f04-f59345dc46db;/Sites/archivio-commerciale/documentLibrary/MIGRAZIONE/2023/5614001-5615000/5614647_2023;GROUP_site_archivio-commerciale_SiteManager;cmis:write
a680ffe2-6e29-4315-9f04-f59345dc46db;/Sites/archivio-commerciale/documentLibrary/MIGRAZIONE/2023/5614001-5615000/5614647_2023;GROUP_site_archivio-commerciale_SiteContributor;cmis:read
a680ffe2-6e29-4315-9f04-f59345dc46db;/Sites/archivio-commerciale/documentLibrary/MIGRAZIONE/2023/5614001-5615000/5614647_2023;GROUP_site_archivio-commerciale_SiteCollaborator;cmis:read
a680ffe2-6e29-4315-9f04-f59345dc46db;/Sites/archivio-commerciale/documentLibrary/MIGRAZIONE/2023/5614001-5615000/5614647_2023;GROUP_site_archivio-commerciale_SiteCollaborator;cmis:write
f54cb802-e12b-4528-aed0-3dfbc31e3af1;/Sites/archivio-commerciale/documentLibrary/MIGRAZIONE/2023/5614001-5615000/5614746_2023;GROUP_EVERYONE;cmis:read
f54cb802-e12b-4528-aed0-3dfbc31e3af1;/Sites/archivio-commerciale/documentLibrary/MIGRAZIONE/2023/5614001-5615000/5614746_2023;GROUP_site_archivio-commerciale_SiteConsumer;cmis:read
f54cb802-e12b-4528-aed0-3dfbc31e3af1;/Sites/archivio-commerciale/documentLibrary/MIGRAZIONE/2023/5614001-5615000/5614746_2023;GROUP_site_archivio-commerciale_SiteManager;cmis:all
f54cb802-e12b-4528-aed0-3dfbc31e3af1;/Sites/archivio-commerciale/documentLibrary/MIGRAZIONE/2023/5614001-5615000/5614746_2023;GROUP_site_archivio-commerciale_SiteManager;cmis:read
f54cb802-e12b-4528-aed0-3dfbc31e3af1;/Sites/archivio-commerciale/documentLibrary/MIGRAZIONE/2023/5614001-5615000/5614746_2023;GROUP_site_archivio-commerciale_SiteManager;cmis:write
f54cb802-e12b-4528-aed0-3dfbc31e3af1;/Sites/archivio-commerciale/documentLibrary/MIGRAZIONE/2023/5614001-5615000/5614746_2023;GROUP_site_archivio-commerciale_SiteContributor;cmis:read
f54cb802-e12b-4528-aed0-3dfbc31e3af1;/Sites/archivio-commerciale/documentLibrary/MIGRAZIONE/2023/5614001-5615000/5614746_2023;GROUP_site_archivio-commerciale_SiteCollaborator;cmis:read
f54cb802-e12b-4528-aed0-3dfbc31e3af1;/Sites/archivio-commerciale/documentLibrary/MIGRAZIONE/2023/5614001-5615000/5614746_2023;GROUP_site_archivio-commerciale_SiteCollaborator;cmis:write
7f3993f1-2e77-4f0c-9cb9-8f836c7bade4;/Sites/archivio-commerciale/documentLibrary/MIGRAZIONE/2023/5614001-5615000/5614310_2023;GROUP_EVERYONE;cmis:read
7f3993f1-2e77-4f0c-9cb9-8f836c7bade4;/Sites/archivio-commerciale/documentLibrary/MIGRAZIONE/2023/5614001-5615000/5614310_2023;GROUP_site_archivio-commerciale_SiteConsumer;cmis:read
7f3993f1-2e77-4f0c-9cb9-8f836c7bade4;/Sites/archivio-commerciale/documentLibrary/MIGRAZIONE/2023/5614001-5615000/5614310_2023;GROUP_site_archivio-commerciale_SiteManager;cmis:all
7f3993f1-2e77-4f0c-9cb9-8f836c7bade4;/Sites/archivio-commerciale/documentLibrary/MIGRAZIONE/2023/5614001-5615000/5614310_2023;GROUP_site_archivio-commerciale_SiteManager;cmis:read
7f3993f1-2e77-4f0c-9cb9-8f836c7bade4;/Sites/archivio-commerciale/documentLibrary/MIGRAZIONE/2023/5614001-5615000/5614310_2023;GROUP_site_archivio-commerciale_SiteManager;cmis:write
7f3993f1-2e77-4f0c-9cb9-8f836c7bade4;/Sites/archivio-commerciale/documentLibrary/MIGRAZIONE/2023/5614001-5615000/5614310_2023;GROUP_site_archivio-commerciale_SiteContributor;cmis:read
7f3993f1-2e77-4f0c-9cb9-8f836c7bade4;/Sites/archivio-commerciale/documentLibrary/MIGRAZIONE/2023/5614001-5615000/5614310_2023;GROUP_site_archivio-commerciale_SiteCollaborator;cmis:read
7f3993f1-2e77-4f0c-9cb9-8f836c7bade4;/Sites/archivio-commerciale/documentLibrary/MIGRAZIONE/2023/5614001-5615000/5614310_2023;GROUP_site_archivio-commerciale_SiteCollaborator;cmis:write
f488873f-041b-4df0-8db9-558b53b67aed;/Sites/archivio-commerciale/documentLibrary/MIGRAZIONE/2023/5614001-5615000/5614186_2023;GROUP_EVERYONE;cmis:read
f488873f-041b-4df0-8db9-558b53b67aed;/Sites/archivio-commerciale/documentLibrary/MIGRAZIONE/2023/5614001-5615000/5614186_2023;GROUP_site_archivio-commerciale_SiteConsumer;cmis:read
f488873f-041b-4df0-8db9-558b53b67aed;/Sites/archivio-commerciale/documentLibrary/MIGRAZIONE/2023/5614001-5615000/5614186_2023;GROUP_site_archivio-commerciale_SiteManager;cmis:all
f488873f-041b-4df0-8db9-558b53b67aed;/Sites/archivio-commerciale/documentLibrary/MIGRAZIONE/2023/5614001-5615000/5614186_2023;GROUP_site_archivio-commerciale_SiteManager;cmis:read
f488873f-041b-4df0-8db9-558b53b67aed;/Sites/archivio-commerciale/documentLibrary/MIGRAZIONE/2023/5614001-5615000/5614186_2023;GROUP_site_archivio-commerciale_SiteManager;cmis:write
f488873f-041b-4df0-8db9-558b53b67aed;/Sites/archivio-commerciale/documentLibrary/MIGRAZIONE/2023/5614001-5615000/5614186_2023;GROUP_site_archivio-commerciale_SiteContributor;cmis:read
f488873f-041b-4df0-8db9-558b53b67aed;/Sites/archivio-commerciale/documentLibrary/MIGRAZIONE/2023/5614001-5615000/5614186_2023;GROUP_site_archivio-commerciale_SiteCollaborator;cmis:read
f488873f-041b-4df0-8db9-558b53b67aed;/Sites/archivio-commerciale/documentLibrary/MIGRAZIONE/2023/5614001-5615000/5614186_2023;GROUP_site_archivio-commerciale_SiteCollaborator;cmis:write
bc960e4b-70fd-420c-8c6d-30745fdfd63e;/Sites/archivio-commerciale/documentLibrary/MIGRAZIONE/2023/5614001-5615000/5614831_2023;GROUP_EVERYONE;cmis:read
bc960e4b-70fd-420c-8c6d-30745fdfd63e;/Sites/archivio-commerciale/documentLibrary/MIGRAZIONE/2023/5614001-5615000/5614831_2023;GROUP_site_archivio-commerciale_SiteConsumer;cmis:read
bc960e4b-70fd-420c-8c6d-30745fdfd63e;/Sites/archivio-commerciale/documentLibrary/MIGRAZIONE/2023/5614001-5615000/5614831_2023;GROUP_site_archivio-commerciale_SiteManager;cmis:all
bc960e4b-70fd-420c-8c6d-30745fdfd63e;/Sites/archivio-commerciale/documentLibrary/MIGRAZIONE/2023/5614001-5615000/5614831_2023;GROUP_site_archivio-commerciale_SiteManager;cmis:read
bc960e4b-70fd-420c-8c6d-30745fdfd63e;/Sites/archivio-commerciale/documentLibrary/MIGRAZIONE/2023/5614001-5615000/5614831_2023;GROUP_site_archivio-commerciale_SiteManager;cmis:write
bc960e4b-70fd-420c-8c6d-30745fdfd63e;/Sites/archivio-commerciale/documentLibrary/MIGRAZIONE/2023/5614001-5615000/5614831_2023;GROUP_site_archivio-commerciale_SiteContributor;cmis:read
bc960e4b-70fd-420c-8c6d-30745fdfd63e;/Sites/archivio-commerciale/documentLibrary/MIGRAZIONE/2023/5614001-5615000/5614831_2023;GROUP_site_archivio-commerciale_SiteCollaborator;cmis:read
bc960e4b-70fd-420c-8c6d-30745fdfd63e;/Sites/archivio-commerciale/documentLibrary/MIGRAZIONE/2023/5614001-5615000/5614831_2023;GROUP_site_archivio-commerciale_SiteCollaborator;cmis:write
9d571cea-148b-4c61-9812-354fad28090e;/Sites/archivio-commerciale/documentLibrary/MIGRAZIONE/2023/5614001-5615000/5614535_2023;GROUP_EVERYONE;cmis:read
9d571cea-148b-4c61-9812-354fad28090e;/Sites/archivio-commerciale/documentLibrary/MIGRAZIONE/2023/5614001-5615000/5614535_2023;GROUP_site_archivio-commerciale_SiteConsumer;cmis:read
9d571cea-148b-4c61-9812-354fad28090e;/Sites/archivio-commerciale/documentLibrary/MIGRAZIONE/2023/5614001-5615000/5614535_2023;GROUP_site_archivio-commerciale_SiteManager;cmis:all
9d571cea-148b-4c61-9812-354fad28090e;/Sites/archivio-commerciale/documentLibrary/MIGRAZIONE/2023/5614001-5615000/5614535_2023;GROUP_site_archivio-commerciale_SiteManager;cmis:read
9d571cea-148b-4c61-9812-354fad28090e;/Sites/archivio-commerciale/documentLibrary/MIGRAZIONE/2023/5614001-5615000/5614535_2023;GROUP_site_archivio-commerciale_SiteManager;cmis:write
9d571cea-148b-4c61-9812-354fad28090e;/Sites/archivio-commerciale/documentLibrary/MIGRAZIONE/2023/5614001-5615000/5614535_2023;GROUP_site_archivio-commerciale_SiteContributor;cmis:read
9d571cea-148b-4c61-9812-354fad28090e;/Sites/archivio-commerciale/documentLibrary/MIGRAZIONE/2023/5614001-5615000/5614535_2023;GROUP_site_archivio-commerciale_SiteCollaborator;cmis:read
9d571cea-148b-4c61-9812-354fad28090e;/Sites/archivio-commerciale/documentLibrary/MIGRAZIONE/2023/5614001-5615000/5614535_2023;GROUP_site_archivio-commerciale_SiteCollaborator;cmis:write
bd1c57f4-209e-4ce1-9ffc-2cb96bfb6e6a;/Sites/archivio-commerciale/documentLibrary/MIGRAZIONE/2023/5614001-5615000/5614078_2023;GROUP_EVERYONE;cmis:read
bd1c57f4-209e-4ce1-9ffc-2cb96bfb6e6a;/Sites/archivio-commerciale/documentLibrary/MIGRAZIONE/2023/5614001-5615000/5614078_2023;GROUP_site_archivio-commerciale_SiteConsumer;cmis:read
bd1c57f4-209e-4ce1-9ffc-2cb96bfb6e6a;/Sites/archivio-commerciale/documentLibrary/MIGRAZIONE/2023/5614001-5615000/5614078_2023;GROUP_site_archivio-commerciale_SiteManager;cmis:all
bd1c57f4-209e-4ce1-9ffc-2cb96bfb6e6a;/Sites/archivio-commerciale/documentLibrary/MIGRAZIONE/2023/5614001-5615000/5614078_2023;GROUP_site_archivio-commerciale_SiteManager;cmis:read
bd1c57f4-209e-4ce1-9ffc-2cb96bfb6e6a;/Sites/archivio-commerciale/documentLibrary/MIGRAZIONE/2023/5614001-5615000/5614078_2023;GROUP_site_archivio-commerciale_SiteManager;cmis:write
bd1c57f4-209e-4ce1-9ffc-2cb96bfb6e6a;/Sites/archivio-commerciale/documentLibrary/MIGRAZIONE/2023/5614001-5615000/5614078_2023;GROUP_site_archivio-commerciale_SiteContributor;cmis:read
bd1c57f4-209e-4ce1-9ffc-2cb96bfb6e6a;/Sites/archivio-commerciale/documentLibrary/MIGRAZIONE/2023/5614001-5615000/5614078_2023;GROUP_site_archivio-commerciale_SiteCollaborator;cmis:read
bd1c57f4-209e-4ce1-9ffc-2cb96bfb6e6a;/Sites/archivio-commerciale/documentLibrary/MIGRAZIONE/2023/5614001-5615000/5614078_2023;GROUP_site_archivio-commerciale_SiteCollaborator;cmis:write
ad2fd4e2-546b-4026-aa46-223427373c76;/Sites/archivio-commerciale/documentLibrary/MIGRAZIONE/2023/5614001-5615000/5614163_2023;GROUP_EVERYONE;cmis:read
ad2fd4e2-546b-4026-aa46-223427373c76;/Sites/archivio-commerciale/documentLibrary/MIGRAZIONE/2023/5614001-5615000/5614163_2023;GROUP_site_archivio-commerciale_SiteConsumer;cmis:read
ad2fd4e2-546b-4026-aa46-223427373c76;/Sites/archivio-commerciale/documentLibrary/MIGRAZIONE/2023/5614001-5615000/5614163_2023;GROUP_site_archivio-commerciale_SiteManager;cmis:all
ad2fd4e2-546b-4026-aa46-223427373c76;/Sites/archivio-commerciale/documentLibrary/MIGRAZIONE/2023/5614001-5615000/5614163_2023;GROUP_site_archivio-commerciale_SiteManager;cmis:read
ad2fd4e2-546b-4026-aa46-223427373c76;/Sites/archivio-commerciale/documentLibrary/MIGRAZIONE/2023/5614001-5615000/5614163_2023;GROUP_site_archivio-commerciale_SiteManager;cmis:write
ad2fd4e2-546b-4026-aa46-223427373c76;/Sites/archivio-commerciale/documentLibrary/MIGRAZIONE/2023/5614001-5615000/5614163_2023;GROUP_site_archivio-commerciale_SiteContributor;cmis:read
ad2fd4e2-546b-4026-aa46-223427373c76;/Sites/archivio-commerciale/documentLibrary/MIGRAZIONE/2023/5614001-5615000/5614163_2023;GROUP_site_archivio-commerciale_SiteCollaborator;cmis:read
ad2fd4e2-546b-4026-aa46-223427373c76;/Sites/archivio-commerciale/documentLibrary/MIGRAZIONE/2023/5614001-5615000/5614163_2023;GROUP_site_archivio-commerciale_SiteCollaborator;cmis:write
86a86ad7-0629-412a-b872-80aae4183c90;/Sites/archivio-commerciale/documentLibrary/MIGRAZIONE/2023/5614001-5615000/5614345_2023;GROUP_EVERYONE;cmis:read
86a86ad7-0629-412a-b872-80aae4183c90;/Sites/archivio-commerciale/documentLibrary/MIGRAZIONE/2023/5614001-5615000/5614345_2023;GROUP_site_archivio-commerciale_SiteConsumer;cmis:read
86a86ad7-0629-412a-b872-80aae4183c90;/Sites/archivio-commerciale/documentLibrary/MIGRAZIONE/2023/5614001-5615000/5614345_2023;GROUP_site_archivio-commerciale_SiteManager;cmis:all
86a86ad7-0629-412a-b872-80aae4183c90;/Sites/archivio-commerciale/documentLibrary/MIGRAZIONE/2023/5614001-5615000/5614345_2023;GROUP_site_archivio-commerciale_SiteManager;cmis:read
86a86ad7-0629-412a-b872-80aae4183c90;/Sites/archivio-commerciale/documentLibrary/MIGRAZIONE/2023/5614001-5615000/5614345_2023;GROUP_site_archivio-commerciale_SiteManager;cmis:write
86a86ad7-0629-412a-b872-80aae4183c90;/Sites/archivio-commerciale/documentLibrary/MIGRAZIONE/2023/5614001-5615000/5614345_2023;GROUP_site_archivio-commerciale_SiteContributor;cmis:read
86a86ad7-0629-412a-b872-80aae4183c90;/Sites/archivio-commerciale/documentLibrary/MIGRAZIONE/2023/5614001-5615000/5614345_2023;GROUP_site_archivio-commerciale_SiteCollaborator;cmis:read
86a86ad7-0629-412a-b872-80aae4183c90;/Sites/archivio-commerciale/documentLibrary/MIGRAZIONE/2023/5614001-5615000/5614345_2023;GROUP_site_archivio-commerciale_SiteCollaborator;cmis:write
18d00b2f-7400-4598-8962-218b2ced9973;/Sites/archivio-commerciale/documentLibrary/MIGRAZIONE/2023/5614001-5615000/5614608_2023;GROUP_EVERYONE;cmis:read
18d00b2f-7400-4598-8962-218b2ced9973;/Sites/archivio-commerciale/documentLibrary/MIGRAZIONE/2023/5614001-5615000/5614608_2023;GROUP_site_archivio-commerciale_SiteConsumer;cmis:read
18d00b2f-7400-4598-8962-218b2ced9973;/Sites/archivio-commerciale/documentLibrary/MIGRAZIONE/2023/5614001-5615000/5614608_2023;GROUP_site_archivio-commerciale_SiteManager;cmis:all
18d00b2f-7400-4598-8962-218b2ced9973;/Sites/archivio-commerciale/documentLibrary/MIGRAZIONE/2023/5614001-5615000/5614608_2023;GROUP_site_archivio-commerciale_SiteManager;cmis:read
18d00b2f-7400-4598-8962-218b2ced9973;/Sites/archivio-commerciale/documentLibrary/MIGRAZIONE/2023/5614001-5615000/5614608_2023;GROUP_site_archivio-commerciale_SiteManager;cmis:write
18d00b2f-7400-4598-8962-218b2ced9973;/Sites/archivio-commerciale/documentLibrary/MIGRAZIONE/2023/5614001-5615000/5614608_2023;GROUP_site_archivio-commerciale_SiteContributor;cmis:read
18d00b2f-7400-4598-8962-218b2ced9973;/Sites/archivio-commerciale/documentLibrary/MIGRAZIONE/2023/5614001-5615000/5614608_2023;GROUP_site_archivio-commerciale_SiteCollaborator;cmis:read
18d00b2f-7400-4598-8962-218b2ced9973;/Sites/archivio-commerciale/documentLibrary/MIGRAZIONE/2023/5614001-5615000/5614608_2023;GROUP_site_archivio-commerciale_SiteCollaborator;cmis:write
c7cb5e00-32b1-4470-b9bf-ce1aa4ef0cd8;/Sites/archivio-commerciale/documentLibrary/MIGRAZIONE/2023/5614001-5615000/5614713_2023;GROUP_EVERYONE;cmis:read
c7cb5e00-32b1-4470-b9bf-ce1aa4ef0cd8;/Sites/archivio-commerciale/documentLibrary/MIGRAZIONE/2023/5614001-5615000/5614713_2023;GROUP_site_archivio-commerciale_SiteConsumer;cmis:read
c7cb5e00-32b1-4470-b9bf-ce1aa4ef0cd8;/Sites/archivio-commerciale/documentLibrary/MIGRAZIONE/2023/5614001-5615000/5614713_2023;GROUP_site_archivio-commerciale_SiteManager;cmis:all
c7cb5e00-32b1-4470-b9bf-ce1aa4ef0cd8;/Sites/archivio-commerciale/documentLibrary/MIGRAZIONE/2023/5614001-5615000/5614713_2023;GROUP_site_archivio-commerciale_SiteManager;cmis:read
c7cb5e00-32b1-4470-b9bf-ce1aa4ef0cd8;/Sites/archivio-commerciale/documentLibrary/MIGRAZIONE/2023/5614001-5615000/5614713_2023;GROUP_site_archivio-commerciale_SiteManager;cmis:write
c7cb5e00-32b1-4470-b9bf-ce1aa4ef0cd8;/Sites/archivio-commerciale/documentLibrary/MIGRAZIONE/2023/5614001-5615000/5614713_2023;GROUP_site_archivio-commerciale_SiteContributor;cmis:read
c7cb5e00-32b1-4470-b9bf-ce1aa4ef0cd8;/Sites/archivio-commerciale/documentLibrary/MIGRAZIONE/2023/5614001-5615000/5614713_2023;GROUP_site_archivio-commerciale_SiteCollaborator;cmis:read
c7cb5e00-32b1-4470-b9bf-ce1aa4ef0cd8;/Sites/archivio-commerciale/documentLibrary/MIGRAZIONE/2023/5614001-5615000/5614713_2023;GROUP_site_archivio-commerciale_SiteCollaborator;cmis:write
1dc491c3-770e-49f8-a16d-081419571e4b;/Sites/archivio-commerciale/documentLibrary/MIGRAZIONE/2023/5614001-5615000/5614136_2023;GROUP_EVERYONE;cmis:read
1dc491c3-770e-49f8-a16d-081419571e4b;/Sites/archivio-commerciale/documentLibrary/MIGRAZIONE/2023/5614001-5615000/5614136_2023;GROUP_site_archivio-commerciale_SiteConsumer;cmis:read
1dc491c3-770e-49f8-a16d-081419571e4b;/Sites/archivio-commerciale/documentLibrary/MIGRAZIONE/2023/5614001-5615000/5614136_2023;GROUP_site_archivio-commerciale_SiteManager;cmis:all
1dc491c3-770e-49f8-a16d-081419571e4b;/Sites/archivio-commerciale/documentLibrary/MIGRAZIONE/2023/5614001-5615000/5614136_2023;GROUP_site_archivio-commerciale_SiteManager;cmis:read
1dc491c3-770e-49f8-a16d-081419571e4b;/Sites/archivio-commerciale/documentLibrary/MIGRAZIONE/2023/5614001-5615000/5614136_2023;GROUP_site_archivio-commerciale_SiteManager;cmis:write
1dc491c3-770e-49f8-a16d-081419571e4b;/Sites/archivio-commerciale/documentLibrary/MIGRAZIONE/2023/5614001-5615000/5614136_2023;GROUP_site_archivio-commerciale_SiteContributor;cmis:read
1dc491c3-770e-49f8-a16d-081419571e4b;/Sites/archivio-commerciale/documentLibrary/MIGRAZIONE/2023/5614001-5615000/5614136_2023;GROUP_site_archivio-commerciale_SiteCollaborator;cmis:read
1dc491c3-770e-49f8-a16d-081419571e4b;/Sites/archivio-commerciale/documentLibrary/MIGRAZIONE/2023/5614001-5615000/5614136_2023;GROUP_site_archivio-commerciale_SiteCollaborator;cmis:write
50a4c0eb-92ab-413d-ab97-e077fe294b66;/Sites/archivio-commerciale/documentLibrary/MIGRAZIONE/2023/5614001-5615000/5614560_2023;GROUP_EVERYONE;cmis:read
50a4c0eb-92ab-413d-ab97-e077fe294b66;/Sites/archivio-commerciale/documentLibrary/MIGRAZIONE/2023/5614001-5615000/5614560_2023;GROUP_site_archivio-commerciale_SiteConsumer;cmis:read
50a4c0eb-92ab-413d-ab97-e077fe294b66;/Sites/archivio-commerciale/documentLibrary/MIGRAZIONE/2023/5614001-5615000/5614560_2023;GROUP_site_archivio-commerciale_SiteManager;cmis:all
50a4c0eb-92ab-413d-ab97-e077fe294b66;/Sites/archivio-commerciale/documentLibrary/MIGRAZIONE/2023/5614001-5615000/5614560_2023;GROUP_site_archivio-commerciale_SiteManager;cmis:read
50a4c0eb-92ab-413d-ab97-e077fe294b66;/Sites/archivio-commerciale/documentLibrary/MIGRAZIONE/2023/5614001-5615000/5614560_2023;GROUP_site_archivio-commerciale_SiteManager;cmis:write
50a4c0eb-92ab-413d-ab97-e077fe294b66;/Sites/archivio-commerciale/documentLibrary/MIGRAZIONE/2023/5614001-5615000/5614560_2023;GROUP_site_archivio-commerciale_SiteContributor;cmis:read
50a4c0eb-92ab-413d-ab97-e077fe294b66;/Sites/archivio-commerciale/documentLibrary/MIGRAZIONE/2023/5614001-5615000/5614560_2023;GROUP_site_archivio-commerciale_SiteCollaborator;cmis:read
50a4c0eb-92ab-413d-ab97-e077fe294b66;/Sites/archivio-commerciale/documentLibrary/MIGRAZIONE/2023/5614001-5615000/5614560_2023;GROUP_site_archivio-commerciale_SiteCollaborator;cmis:write
